Leg_Type,Origin_Node,Destination_Node,Transport_Mode,Condition_Flag,NLP_Severity_Score,Delay_Hours
Global_Freight,Atlanta Air Hub,Delhi Air Cargo,air,rainy,0.0119,4.84
Last_Mile,Regional Hub,Local Terminal,road,rainy,0.0,1.21
Global_Freight,Los Angeles Port,Singapore Port,sea,stormy,0.0154,36.3
Global_Freight,Atlanta Air Hub,Dubai Logistics Hub,air,rainy,0.1091,4.84
Last_Mile,St. Louis Hub,Chicago Rail Hub,rail,Clear,0.0883,9.55
Last_Mile,Houston Port,St. Louis Hub,rail,stormy,0.4259,73.75
Last_Mile,Regional Hub,Local Terminal,road,stormy,0.0,3.86
Last_Mile,Chicago Rail Hub,Dallas Corridor,rail,rainy,0.1189,20.79
Global_Freight,Dubai Logistics Hub,Atlanta Air Hub,air,Clear,0.2648,11.85
Global_Freight,Atlanta Air Hub,Dubai Logistics Hub,air,Clear,0.0373,10.35
Last_Mile,Regional Hub,Local Terminal,road,stormy,0.2207,5.14
Global_Freight,Delhi Air Cargo,Dubai Logistics Hub,air,stormy,0.1346,11.0
Last_Mile,Dallas Corridor,Chicago Rail Hub,rail,Clear,0.2355,20.58
Global_Freight,Atlanta Air Hub,Dubai Logistics Hub,air,rainy,0.0,7.23
Last_Mile,Dallas Corridor,Houston Port,rail,stormy,0.2258,38.76
Last_Mile,Chicago Rail Hub,Dallas Corridor,rail,rainy,0.0823,15.79
Global_Freight,Atlanta Air Hub,Dubai Logistics Hub,air,Clear,0.0161,4.87
Last_Mile,St. Louis Hub,Chicago Rail Hub,rail,stormy,0.0381,3.25
Last_Mile,Dallas Corridor,Houston Port,rail,Clear,0.0,10.76
Global_Freight,Singapore Port,Los Angeles Port,sea,rainy,0.2651,22.13
Last_Mile,St. Louis Hub,Dallas Corridor,rail,rainy,0.4699,51.13
Global_Freight,Atlanta Air Hub,Dubai Logistics Hub,air,Clear,0.1634,8.3
Global_Freight,Atlanta Air Hub,Delhi Air Cargo,air,rainy,0.0324,1.72
Global_Freight,Dubai Logistics Hub,Delhi Air Cargo,air,stormy,0.1567,6.03
Global_Freight,Delhi Air Cargo,Atlanta Air Hub,air,rainy,0.0097,16.85
Last_Mile,Regional Hub,Local Terminal,road,Clear,0.419,4.46
Global_Freight,Los Angeles Port,Singapore Port,sea,stormy,0.2417,36.56
Last_Mile,St. Louis Hub,Dallas Corridor,rail,Clear,0.1333,17.05
Last_Mile,Houston Port,Chicago Rail Hub,rail,rainy,0.1337,29.82
Last_Mile,St. Louis Hub,Chicago Rail Hub,rail,rainy,0.2018,16.03
Global_Freight,Dubai Logistics Hub,Delhi Air Cargo,air,stormy,0.6479,31.52
Global_Freight,Suez Canal,New York Port,sea,Clear,0.2465,46.11
Last_Mile,Regional Hub,Local Terminal,road,rainy,0.0122,3.27
Last_Mile,Regional Hub,Local Terminal,road,rainy,0.1485,1.83
Global_Freight,Suez Canal,Rotterdam Port,sea,stormy,0.0727,7.67
Global_Freight,New York Port,Shanghai Port,sea,rainy,0.1483,42.86
Last_Mile,Chicago Rail Hub,St. Louis Hub,rail,stormy,0.2001,17.58
Last_Mile,St. Louis Hub,Dallas Corridor,rail,rainy,0.165,7.65
Last_Mile,Regional Hub,Local Terminal,road,Clear,0.0965,4.46
Last_Mile,St. Louis Hub,Chicago Rail Hub,rail,rainy,0.1224,14.18
Last_Mile,Regional Hub,Local Terminal,road,rainy,0.0924,2.97
Last_Mile,Regional Hub,Local Terminal,road,rainy,0.0172,1.96
Global_Freight,Shanghai Port,Rotterdam Port,sea,Clear,0.323,59.34
Last_Mile,Houston Port,Chicago Rail Hub,rail,Clear,0.0,4.47
Last_Mile,Regional Hub,Local Terminal,road,Clear,0.0,3.37
Last_Mile,Houston Port,Dallas Corridor,rail,rainy,0.0204,10.52
Global_Freight,Seattle Port,Mumbai Port,sea,stormy,0.3235,35.6
Global_Freight,Suez Canal,Mumbai Port,sea,Clear,0.172,5.68
Last_Mile,Dallas Corridor,St. Louis Hub,rail,rainy,0.0893,12.97
Last_Mile,Regional Hub,Local Terminal,road,rainy,0.1046,3.5
Last_Mile,St. Louis Hub,Dallas Corridor,rail,Clear,0.1551,13.09
Last_Mile,Chicago Rail Hub,Dallas Corridor,rail,rainy,0.1368,11.59
Global_Freight,Atlanta Air Hub,Delhi Air Cargo,air,rainy,0.2122,10.33
Global_Freight,Suez Canal,Seattle Port,sea,Clear,0.178,4.1
Global_Freight,Dubai Logistics Hub,Delhi Air Cargo,air,Clear,0.357,16.23
Global_Freight,Atlanta Air Hub,Dubai Logistics Hub,air,stormy,0.031,6.42
Last_Mile,Regional Hub,Local Terminal,road,Clear,0.2052,2.05
Last_Mile,Dallas Corridor,Houston Port,rail,rainy,0.2404,12.44
Last_Mile,Regional Hub,Local Terminal,road,rainy,0.0951,5.91
Last_Mile,Regional Hub,Local Terminal,road,Clear,0.1797,1.75
Global_Freight,Atlanta Air Hub,Delhi Air Cargo,air,Clear,0.0585,5.5
Global_Freight,New York Port,Rotterdam Port,sea,Clear,0.0088,6.19
Last_Mile,Regional Hub,Local Terminal,road,stormy,0.1173,2.38
Last_Mile,Regional Hub,Local Terminal,road,Clear,0.052,0.87
Last_Mile,Regional Hub,Local Terminal,road,Clear,0.0,1.15
Last_Mile,Regional Hub,Local Terminal,road,stormy,0.2491,2.63
Last_Mile,Regional Hub,Local Terminal,road,stormy,0.2334,1.24
Last_Mile,Regional Hub,Local Terminal,road,Clear,0.2149,10.28
Last_Mile,Regional Hub,Local Terminal,road,Clear,0.0,1.35
Global_Freight,Atlanta Air Hub,Dubai Logistics Hub,air,stormy,0.2341,18.4
Last_Mile,St. Louis Hub,Dallas Corridor,rail,rainy,0.4069,23.09
Global_Freight,Dubai Logistics Hub,Atlanta Air Hub,air,Clear,0.1554,7.14
Last_Mile,St. Louis Hub,Chicago Rail Hub,rail,Clear,0.2802,23.25
Last_Mile,Chicago Rail Hub,St. Louis Hub,rail,rainy,0.1556,30.69
Last_Mile,Regional Hub,Local Terminal,road,stormy,0.1237,6.94
Last_Mile,Dallas Corridor,St. Louis Hub,rail,stormy,0.293,22.57
Global_Freight,Dubai Logistics Hub,Delhi Air Cargo,air,rainy,0.1758,11.56
Global_Freight,Dubai Logistics Hub,Atlanta Air Hub,air,stormy,0.6713,23.11
Global_Freight,Atlanta Air Hub,Dubai Logistics Hub,air,stormy,0.0,2.36
Last_Mile,Regional Hub,Local Terminal,road,Clear,0.2636,8.27
Global_Freight,Delhi Air Cargo,Atlanta Air Hub,air,stormy,0.1823,2.5
Last_Mile,Regional Hub,Local Terminal,road,Clear,0.0,0.69
Global_Freight,New York Port,Shanghai Port,sea,Clear,0.0488,8.46
Global_Freight,Delhi Air Cargo,Atlanta Air Hub,air,Clear,0.0006,16.82
Global_Freight,New York Port,Mumbai Port,sea,rainy,0.1339,44.81
Global_Freight,Suez Canal,Mumbai Port,sea,rainy,0.0,13.23
Last_Mile,Regional Hub,Local Terminal,road,stormy,0.1215,3.94
Last_Mile,Regional Hub,Local Terminal,road,stormy,0.2113,5.22
Last_Mile,Chicago Rail Hub,St. Louis Hub,rail,stormy,0.1923,13.92
Last_Mile,Dallas Corridor,Houston Port,rail,rainy,0.0337,11.28
Last_Mile,Regional Hub,Local Terminal,road,rainy,0.2053,5.05
Last_Mile,Dallas Corridor,Chicago Rail Hub,rail,stormy,0.3436,18.21
Last_Mile,St. Louis Hub,Dallas Corridor,rail,rainy,0.4408,19.86
Last_Mile,St. Louis Hub,Dallas Corridor,rail,Clear,0.0736,3.87
Last_Mile,Houston Port,St. Louis Hub,rail,Clear,0.0,18.02
Global_Freight,Dubai Logistics Hub,Delhi Air Cargo,air,Clear,0.1657,2.61
Global_Freight,Shanghai Port,New York Port,sea,Clear,0.0015,10.08
Global_Freight,Dubai Logistics Hub,Delhi Air Cargo,air,rainy,0.1952,11.08
Global_Freight,Mumbai Port,New York Port,sea,rainy,0.1089,26.95
Last_Mile,Regional Hub,Local Terminal,road,stormy,0.2169,11.39
Last_Mile,Houston Port,Chicago Rail Hub,rail,Clear,0.2891,32.68
Last_Mile,St. Louis Hub,Chicago Rail Hub,rail,Clear,0.0,2.1
Last_Mile,Regional Hub,Local Terminal,road,rainy,0.1248,2.85
Global_Freight,Suez Canal,Mumbai Port,sea,Clear,0.0,2.6
Last_Mile,Regional Hub,Local Terminal,road,rainy,0.0,1.6
Last_Mile,Regional Hub,Local Terminal,road,rainy,0.232,3.04
Last_Mile,Dallas Corridor,St. Louis Hub,rail,Clear,0.0909,10.18
Last_Mile,Regional Hub,Local Terminal,road,stormy,0.2982,4.9
Global_Freight,Atlanta Air Hub,Dubai Logistics Hub,air,Clear,0.4361,24.56
Global_Freight,Dubai Logistics Hub,Delhi Air Cargo,air,rainy,0.2564,9.17
Global_Freight,Delhi Air Cargo,Atlanta Air Hub,air,stormy,0.087,11.13
Last_Mile,Regional Hub,Local Terminal,road,Clear,0.2386,4.22
Last_Mile,Houston Port,St. Louis Hub,rail,stormy,0.1668,8.82
Last_Mile,St. Louis Hub,Dallas Corridor,rail,rainy,0.2468,34.44
Global_Freight,Delhi Air Cargo,Dubai Logistics Hub,air,stormy,0.4248,24.94
Global_Freight,Delhi Air Cargo,Atlanta Air Hub,air,stormy,0.3047,22.02
Global_Freight,Rotterdam Port,Los Angeles Port,sea,rainy,0.0333,13.19
Global_Freight,Singapore Port,Mumbai Port,sea,rainy,0.147,31.57
Last_Mile,Regional Hub,Local Terminal,road,stormy,0.1322,2.43
Last_Mile,Regional Hub,Local Terminal,road,stormy,0.0,1.9
Last_Mile,Regional Hub,Local Terminal,road,Clear,0.0807,3.71
Global_Freight,Seattle Port,Mumbai Port,sea,rainy,0.2104,22.25
Last_Mile,Regional Hub,Local Terminal,road,Clear,0.2284,5.29
Global_Freight,Los Angeles Port,Seattle Port,sea,Clear,0.2636,40.56
Global_Freight,Delhi Air Cargo,Dubai Logistics Hub,air,stormy,0.2944,13.94
Last_Mile,Regional Hub,Local Terminal,road,stormy,0.0644,2.77
Last_Mile,Regional Hub,Local Terminal,road,stormy,0.2472,5.95
Global_Freight,Seattle Port,Suez Canal,sea,Clear,0.2043,35.6
Last_Mile,Houston Port,St. Louis Hub,rail,Clear,0.3252,49.48
Global_Freight,Los Angeles Port,Suez Canal,sea,rainy,0.022,32.54
Global_Freight,Dubai Logistics Hub,Atlanta Air Hub,air,stormy,0.138,2.13
Last_Mile,Dallas Corridor,Houston Port,rail,stormy,0.5097,29.59
Global_Freight,New York Port,Shanghai Port,sea,Clear,0.2236,20.06
Last_Mile,Regional Hub,Local Terminal,road,Clear,0.15,0.3
Last_Mile,Regional Hub,Local Terminal,road,rainy,0.1666,2.53
Last_Mile,Regional Hub,Local Terminal,road,Clear,0.2068,5.13
Global_Freight,Delhi Air Cargo,Atlanta Air Hub,air,Clear,0.1225,13.71
Global_Freight,Seattle Port,Los Angeles Port,sea,rainy,0.0,22.08
Last_Mile,Regional Hub,Local Terminal,road,rainy,0.0372,3.52
Global_Freight,Mumbai Port,Singapore Port,sea,rainy,0.1922,45.95
Global_Freight,Atlanta Air Hub,Delhi Air Cargo,air,rainy,0.0,13.83
Last_Mile,Regional Hub,Local Terminal,road,stormy,0.1165,3.02
Last_Mile,Regional Hub,Local Terminal,road,Clear,0.1215,3.6
Last_Mile,Houston Port,Dallas Corridor,rail,rainy,0.3302,29.95
Global_Freight,Delhi Air Cargo,Atlanta Air Hub,air,Clear,0.0,7.87
Global_Freight,New York Port,Suez Canal,sea,Clear,0.1205,34.1
Global_Freight,Rotterdam Port,Suez Canal,sea,Clear,0.0,12.93
Last_Mile,Regional Hub,Local Terminal,road,Clear,0.1135,3.86
Last_Mile,Dallas Corridor,St. Louis Hub,rail,rainy,0.3585,35.29
Last_Mile,Dallas Corridor,Houston Port,rail,stormy,0.1493,21.61
Global_Freight,Delhi Air Cargo,Atlanta Air Hub,air,Clear,0.0,18.59
Last_Mile,Regional Hub,Local Terminal,road,rainy,0.1864,4.57
Last_Mile,Regional Hub,Local Terminal,road,rainy,0.0,1.99
Global_Freight,Atlanta Air Hub,Delhi Air Cargo,air,Clear,0.2312,4.77
Last_Mile,Houston Port,Dallas Corridor,rail,Clear,0.1412,7.03
Last_Mile,Regional Hub,Local Terminal,road,Clear,0.1006,3.73
Global_Freight,Dubai Logistics Hub,Delhi Air Cargo,air,stormy,0.1445,5.27
Global_Freight,Atlanta Air Hub,Delhi Air Cargo,air,Clear,0.0303,7.46
Last_Mile,Houston Port,Dallas Corridor,rail,stormy,0.0817,19.25
Global_Freight,Shanghai Port,Mumbai Port,sea,rainy,0.1847,42.1
Last_Mile,St. Louis Hub,Houston Port,rail,Clear,0.1637,16.68
Last_Mile,Regional Hub,Local Terminal,road,rainy,0.0,3.84
Global_Freight,Mumbai Port,New York Port,sea,rainy,0.2566,44.69
Last_Mile,Regional Hub,Local Terminal,road,Clear,0.187,1.68
Global_Freight,Shanghai Port,Suez Canal,sea,Clear,0.3572,63.04
Global_Freight,Dubai Logistics Hub,Delhi Air Cargo,air,rainy,0.1081,2.5
Last_Mile,Regional Hub,Local Terminal,road,rainy,0.1289,3.11
Last_Mile,Regional Hub,Local Terminal,road,stormy,0.0,2.01
Global_Freight,Los Angeles Port,Shanghai Port,sea,Clear,0.2712,159.81
Last_Mile,Chicago Rail Hub,Houston Port,rail,stormy,0.1134,6.69
Global_Freight,Suez Canal,Mumbai Port,sea,Clear,0.1122,39.57
Global_Freight,Atlanta Air Hub,Delhi Air Cargo,air,rainy,0.0298,6.41
Last_Mile,Regional Hub,Local Terminal,road,Clear,0.0,3.45
Last_Mile,Houston Port,Dallas Corridor,rail,Clear,0.2029,35.29
Last_Mile,Chicago Rail Hub,Dallas Corridor,rail,rainy,0.0,3.85
Global_Freight,Mumbai Port,Seattle Port,sea,rainy,0.0549,29.17
Last_Mile,Dallas Corridor,Houston Port,rail,Clear,0.2335,22.22
Global_Freight,Mumbai Port,Shanghai Port,sea,stormy,0.3973,74.57
Last_Mile,Regional Hub,Local Terminal,road,rainy,0.0,1.97
Global_Freight,Rotterdam Port,Seattle Port,sea,stormy,0.3255,31.71
Global_Freight,Seattle Port,Rotterdam Port,sea,Clear,0.4203,28.88
Last_Mile,St. Louis Hub,Chicago Rail Hub,rail,Clear,0.0,9.99
Last_Mile,Chicago Rail Hub,Dallas Corridor,rail,stormy,0.2592,35.61
Global_Freight,Dubai Logistics Hub,Atlanta Air Hub,air,Clear,0.125,8.76
Last_Mile,Regional Hub,Local Terminal,road,stormy,0.1671,7.08
Global_Freight,Los Angeles Port,New York Port,sea,Clear,0.0224,36.71
Global_Freight,Rotterdam Port,Los Angeles Port,sea,stormy,0.094,20.75
Last_Mile,Regional Hub,Local Terminal,road,rainy,0.0663,1.64
Last_Mile,Chicago Rail Hub,Houston Port,rail,Clear,0.1662,15.98
Global_Freight,Dubai Logistics Hub,Atlanta Air Hub,air,rainy,0.0953,6.57
Global_Freight,Shanghai Port,Seattle Port,sea,rainy,0.2804,36.52
Last_Mile,Regional Hub,Local Terminal,road,rainy,0.2009,4.82
Global_Freight,Seattle Port,New York Port,sea,Clear,0.3135,72.48
Global_Freight,New York Port,Seattle Port,sea,Clear,0.4487,104.32
Global_Freight,Dubai Logistics Hub,Atlanta Air Hub,air,rainy,0.0884,10.1
Last_Mile,Regional Hub,Local Terminal,road,Clear,0.0556,3.55
Global_Freight,Suez Canal,Seattle Port,sea,Clear,0.0441,1.25
Last_Mile,Regional Hub,Local Terminal,road,stormy,0.3193,1.61
Last_Mile,Regional Hub,Local Terminal,road,stormy,0.1033,4.06
Last_Mile,Regional Hub,Local Terminal,road,rainy,0.0,2.01
Last_Mile,Regional Hub,Local Terminal,road,Clear,0.0,0.93
Global_Freight,Atlanta Air Hub,Delhi Air Cargo,air,Clear,0.0864,14.71
Last_Mile,Dallas Corridor,Houston Port,rail,stormy,0.1494,28.98
Global_Freight,Rotterdam Port,Mumbai Port,sea,rainy,0.0,15.68
Global_Freight,Atlanta Air Hub,Dubai Logistics Hub,air,rainy,0.442,7.14
Last_Mile,Regional Hub,Local Terminal,road,rainy,0.1978,6.44
Global_Freight,Dubai Logistics Hub,Delhi Air Cargo,air,Clear,0.4526,21.75
Last_Mile,Regional Hub,Local Terminal,road,stormy,0.2434,4.72
Last_Mile,St. Louis Hub,Dallas Corridor,rail,stormy,0.3779,23.95
Global_Freight,Atlanta Air Hub,Delhi Air Cargo,air,stormy,0.364,16.19
Last_Mile,St. Louis Hub,Dallas Corridor,rail,stormy,0.3929,39.13
Last_Mile,Houston Port,Chicago Rail Hub,rail,stormy,0.2589,34.81
Global_Freight,Atlanta Air Hub,Delhi Air Cargo,air,rainy,0.2712,13.62
Last_Mile,Houston Port,Dallas Corridor,rail,stormy,0.2883,32.96
Last_Mile,St. Louis Hub,Dallas Corridor,rail,stormy,0.3911,34.51
Last_Mile,Chicago Rail Hub,St. Louis Hub,rail,rainy,0.2155,18.63
Last_Mile,Regional Hub,Local Terminal,road,stormy,0.0535,2.94
Last_Mile,Dallas Corridor,Houston Port,rail,Clear,0.2256,18.39
Global_Freight,Atlanta Air Hub,Dubai Logistics Hub,air,Clear,0.266,15.07
Last_Mile,Regional Hub,Local Terminal,road,rainy,0.1359,1.39
Global_Freight,Dubai Logistics Hub,Atlanta Air Hub,air,Clear,0.0837,7.63
Global_Freight,Atlanta Air Hub,Delhi Air Cargo,air,stormy,0.1045,3.87
Global_Freight,Dubai Logistics Hub,Delhi Air Cargo,air,Clear,0.0175,1.37
Last_Mile,Regional Hub,Local Terminal,road,rainy,0.1751,8.85
Last_Mile,Regional Hub,Local Terminal,road,stormy,0.0984,4.67
Last_Mile,Regional Hub,Local Terminal,road,rainy,0.084,3.28
Global_Freight,Mumbai Port,Seattle Port,sea,Clear,0.0834,72.17
Last_Mile,Chicago Rail Hub,Dallas Corridor,rail,Clear,0.2583,37.07
Last_Mile,Regional Hub,Local Terminal,road,Clear,0.1868,6.07
Last_Mile,Dallas Corridor,St. Louis Hub,rail,stormy,0.2175,18.08
Global_Freight,Mumbai Port,Suez Canal,sea,rainy,0.2186,61.63
Global_Freight,Dubai Logistics Hub,Delhi Air Cargo,air,stormy,0.2262,11.18
Last_Mile,St. Louis Hub,Dallas Corridor,rail,Clear,0.2123,15.58
Global_Freight,Delhi Air Cargo,Atlanta Air Hub,air,Clear,0.0906,18.83
Global_Freight,New York Port,Shanghai Port,sea,rainy,0.2993,53.28
Global_Freight,Dubai Logistics Hub,Delhi Air Cargo,air,rainy,0.0619,2.89
Last_Mile,Regional Hub,Local Terminal,road,stormy,0.1279,5.4
Last_Mile,St. Louis Hub,Chicago Rail Hub,rail,Clear,0.2426,14.84
Global_Freight,Delhi Air Cargo,Dubai Logistics Hub,air,rainy,0.1793,11.65
Global_Freight,Dubai Logistics Hub,Atlanta Air Hub,air,rainy,0.095,5.12
Global_Freight,Mumbai Port,Singapore Port,sea,Clear,0.0525,77.39
Global_Freight,Mumbai Port,Rotterdam Port,sea,rainy,0.4099,127.81
Last_Mile,Chicago Rail Hub,Houston Port,rail,stormy,0.3298,56.96
Global_Freight,Dubai Logistics Hub,Atlanta Air Hub,air,stormy,0.1389,3.62
Last_Mile,Houston Port,Dallas Corridor,rail,rainy,0.5374,54.83
Global_Freight,Atlanta Air Hub,Delhi Air Cargo,air,rainy,0.3584,7.1
Global_Freight,Dubai Logistics Hub,Atlanta Air Hub,air,Clear,0.1814,12.41
Last_Mile,Regional Hub,Local Terminal,road,stormy,0.0,1.32
Last_Mile,Houston Port,St. Louis Hub,rail,Clear,0.3881,74.47
Global_Freight,Suez Canal,Shanghai Port,sea,rainy,0.1518,25.88
Last_Mile,Dallas Corridor,St. Louis Hub,rail,Clear,0.1213,22.64
Global_Freight,Mumbai Port,Singapore Port,sea,Clear,0.0573,47.77
Global_Freight,Delhi Air Cargo,Dubai Logistics Hub,air,Clear,0.0,2.37
Global_Freight,Mumbai Port,Singapore Port,sea,Clear,0.0053,3.3
Global_Freight,Atlanta Air Hub,Delhi Air Cargo,air,Clear,0.0,1.03
Global_Freight,Seattle Port,Mumbai Port,sea,Clear,0.0,12.62
Last_Mile,St. Louis Hub,Houston Port,rail,Clear,0.3259,20.76
Global_Freight,Los Angeles Port,Rotterdam Port,sea,stormy,0.3795,120.84
Last_Mile,Regional Hub,Local Terminal,road,Clear,0.0465,3.17
Global_Freight,Singapore Port,Rotterdam Port,sea,stormy,0.1628,15.92
Global_Freight,Dubai Logistics Hub,Atlanta Air Hub,air,stormy,0.2152,7.64
Global_Freight,Seattle Port,Suez Canal,sea,stormy,0.0549,5.96
Global_Freight,New York Port,Rotterdam Port,sea,stormy,0.3418,26.73
Last_Mile,Regional Hub,Local Terminal,road,rainy,0.1303,2.77
Global_Freight,Suez Canal,Mumbai Port,sea,rainy,0.0321,6.21
Global_Freight,Delhi Air Cargo,Atlanta Air Hub,air,stormy,0.1862,7.72
Last_Mile,Regional Hub,Local Terminal,road,rainy,0.0912,4.13
Last_Mile,Regional Hub,Local Terminal,road,rainy,0.308,9.03
Global_Freight,Los Angeles Port,New York Port,sea,rainy,0.0,33.23
Global_Freight,Los Angeles Port,New York Port,sea,rainy,0.1048,59.25
Last_Mile,Regional Hub,Local Terminal,road,stormy,0.0,4.66
Last_Mile,St. Louis Hub,Chicago Rail Hub,rail,stormy,0.1442,1.09
Last_Mile,St. Louis Hub,Dallas Corridor,rail,rainy,0.2505,11.41
Last_Mile,Regional Hub,Local Terminal,road,rainy,0.0797,3.25
Global_Freight,Atlanta Air Hub,Delhi Air Cargo,air,rainy,0.5476,31.84
Global_Freight,Dubai Logistics Hub,Delhi Air Cargo,air,Clear,0.2397,10.54
Last_Mile,Regional Hub,Local Terminal,road,stormy,0.1643,4.17
Global_Freight,Dubai Logistics Hub,Atlanta Air Hub,air,stormy,0.1599,6.84
Global_Freight,Dubai Logistics Hub,Delhi Air Cargo,air,Clear,0.0375,2.93
Global_Freight,Singapore Port,Suez Canal,sea,rainy,0.105,11.07
Global_Freight,Shanghai Port,New York Port,sea,stormy,0.0,10.73
Last_Mile,Dallas Corridor,Chicago Rail Hub,rail,stormy,0.3969,37.08
Last_Mile,St. Louis Hub,Dallas Corridor,rail,stormy,0.1728,1.97
Last_Mile,Regional Hub,Local Terminal,road,Clear,0.1699,3.12
Last_Mile,Regional Hub,Local Terminal,road,stormy,0.0837,4.5
Global_Freight,Dubai Logistics Hub,Atlanta Air Hub,air,Clear,0.1096,8.0
Last_Mile,Regional Hub,Local Terminal,road,rainy,0.302,5.38
Global_Freight,Dubai Logistics Hub,Delhi Air Cargo,air,stormy,0.1841,11.96
Last_Mile,Houston Port,St. Louis Hub,rail,stormy,0.0,6.06
Last_Mile,Chicago Rail Hub,Dallas Corridor,rail,rainy,0.6493,82.26
Global_Freight,Delhi Air Cargo,Atlanta Air Hub,air,stormy,0.5025,45.52
Global_Freight,Seattle Port,Los Angeles Port,sea,rainy,0.0828,16.33
Global_Freight,Atlanta Air Hub,Delhi Air Cargo,air,rainy,0.2057,11.55
Last_Mile,Regional Hub,Local Terminal,road,Clear,0.2455,3.33
Last_Mile,Regional Hub,Local Terminal,road,Clear,0.2096,1.62
Global_Freight,Singapore Port,Shanghai Port,sea,stormy,0.0896,12.86
Global_Freight,Singapore Port,Los Angeles Port,sea,rainy,0.2164,18.84
Last_Mile,Dallas Corridor,St. Louis Hub,rail,stormy,0.2694,51.15
Global_Freight,Delhi Air Cargo,Atlanta Air Hub,air,stormy,0.0426,15.01
Global_Freight,Delhi Air Cargo,Dubai Logistics Hub,air,Clear,0.0479,9.23
Global_Freight,Singapore Port,Shanghai Port,sea,stormy,0.2643,23.09
Global_Freight,Shanghai Port,Seattle Port,sea,Clear,0.1753,18.14
Global_Freight,Shanghai Port,Los Angeles Port,sea,Clear,0.0,26.34
Global_Freight,Delhi Air Cargo,Atlanta Air Hub,air,stormy,0.0319,15.75
Global_Freight,Delhi Air Cargo,Atlanta Air Hub,air,stormy,0.2183,6.02
Global_Freight,Suez Canal,Rotterdam Port,sea,Clear,0.0041,3.92
Global_Freight,Dubai Logistics Hub,Delhi Air Cargo,air,rainy,0.0,3.63
Last_Mile,Dallas Corridor,St. Louis Hub,rail,stormy,0.111,0.85
Global_Freight,Shanghai Port,New York Port,sea,Clear,0.305,35.57
Last_Mile,Dallas Corridor,Houston Port,rail,rainy,0.0497,26.47
Global_Freight,Suez Canal,Seattle Port,sea,stormy,0.0061,8.99
Last_Mile,Regional Hub,Local Terminal,road,rainy,0.0764,5.8
Global_Freight,Delhi Air Cargo,Dubai Logistics Hub,air,stormy,0.1413,13.2
Global_Freight,Shanghai Port,Rotterdam Port,sea,Clear,0.0537,17.33
Global_Freight,Delhi Air Cargo,Dubai Logistics Hub,air,stormy,0.1962,34.32
Last_Mile,Chicago Rail Hub,St. Louis Hub,rail,Clear,0.3421,31.58
Global_Freight,Seattle Port,Suez Canal,sea,rainy,0.0,15.34
Global_Freight,Singapore Port,Rotterdam Port,sea,stormy,0.0,6.02
Last_Mile,Regional Hub,Local Terminal,road,Clear,0.0287,0.55
Last_Mile,Regional Hub,Local Terminal,road,stormy,0.3041,3.19
Last_Mile,St. Louis Hub,Houston Port,rail,rainy,0.154,21.04
Global_Freight,Dubai Logistics Hub,Delhi Air Cargo,air,Clear,0.2448,12.17
Global_Freight,New York Port,Rotterdam Port,sea,Clear,0.3184,73.2
Global_Freight,Mumbai Port,Shanghai Port,sea,stormy,0.2723,68.72
Last_Mile,Regional Hub,Local Terminal,road,rainy,0.128,7.87
Global_Freight,Delhi Air Cargo,Dubai Logistics Hub,air,rainy,0.0798,14.3
Global_Freight,Los Angeles Port,New York Port,sea,stormy,0.0377,62.2
Global_Freight,Rotterdam Port,Mumbai Port,sea,rainy,0.268,34.3
Last_Mile,Regional Hub,Local Terminal,road,rainy,0.1969,1.33
Global_Freight,Rotterdam Port,Seattle Port,sea,stormy,0.1751,8.51
Global_Freight,Rotterdam Port,Seattle Port,sea,Clear,0.2487,74.34
Global_Freight,Delhi Air Cargo,Atlanta Air Hub,air,Clear,0.0509,10.51
Last_Mile,St. Louis Hub,Chicago Rail Hub,rail,rainy,0.0,1.99
Global_Freight,Rotterdam Port,Singapore Port,sea,Clear,0.0191,12.86
Global_Freight,Seattle Port,Singapore Port,sea,rainy,0.0526,12.34
Last_Mile,Chicago Rail Hub,Dallas Corridor,rail,Clear,0.1257,13.47
Last_Mile,Regional Hub,Local Terminal,road,stormy,0.1101,4.41
Global_Freight,Atlanta Air Hub,Delhi Air Cargo,air,Clear,0.1368,24.72
Last_Mile,Regional Hub,Local Terminal,road,Clear,0.0,2.96
Last_Mile,Dallas Corridor,Chicago Rail Hub,rail,Clear,0.3045,21.5
Global_Freight,Shanghai Port,Rotterdam Port,sea,rainy,0.2819,64.04
Last_Mile,St. Louis Hub,Dallas Corridor,rail,Clear,0.073,8.89
Global_Freight,Atlanta Air Hub,Delhi Air Cargo,air,Clear,0.142,23.88
Last_Mile,Regional Hub,Local Terminal,road,Clear,0.1207,3.06
Last_Mile,St. Louis Hub,Dallas Corridor,rail,stormy,0.0,4.09
Last_Mile,Regional Hub,Local Terminal,road,stormy,0.2212,1.15
Global_Freight,Delhi Air Cargo,Dubai Logistics Hub,air,Clear,0.0833,3.6
Last_Mile,Regional Hub,Local Terminal,road,rainy,0.138,2.83
Global_Freight,New York Port,Seattle Port,sea,stormy,0.1125,23.79
Global_Freight,Dubai Logistics Hub,Delhi Air Cargo,air,Clear,0.3079,15.18
Global_Freight,Atlanta Air Hub,Dubai Logistics Hub,air,stormy,0.0081,1.66
Global_Freight,Seattle Port,Los Angeles Port,sea,rainy,0.2234,93.18
Last_Mile,Regional Hub,Local Terminal,road,Clear,0.1548,6.8
Global_Freight,Delhi Air Cargo,Dubai Logistics Hub,air,Clear,0.4198,32.46
Last_Mile,St. Louis Hub,Houston Port,rail,rainy,0.042,15.27
Last_Mile,Houston Port,Chicago Rail Hub,rail,stormy,0.4896,38.75
Global_Freight,Delhi Air Cargo,Dubai Logistics Hub,air,rainy,0.1206,22.6
Global_Freight,Rotterdam Port,Suez Canal,sea,stormy,0.2322,21.99
Global_Freight,Mumbai Port,Singapore Port,sea,stormy,0.2456,88.3
Last_Mile,Dallas Corridor,Chicago Rail Hub,rail,stormy,0.4867,46.86
Last_Mile,Regional Hub,Local Terminal,road,Clear,0.0,2.25
Last_Mile,Regional Hub,Local Terminal,road,Clear,0.1157,4.25
Global_Freight,Dubai Logistics Hub,Atlanta Air Hub,air,Clear,0.0,3.46
Global_Freight,Delhi Air Cargo,Dubai Logistics Hub,air,stormy,0.1492,9.87
Global_Freight,New York Port,Shanghai Port,sea,Clear,0.3066,17.58
Global_Freight,Dubai Logistics Hub,Delhi Air Cargo,air,rainy,0.1244,2.51
Global_Freight,Rotterdam Port,New York Port,sea,stormy,0.0853,8.26
Last_Mile,Regional Hub,Local Terminal,road,rainy,0.1966,9.42
Last_Mile,Regional Hub,Local Terminal,road,Clear,0.0251,3.64
Last_Mile,Chicago Rail Hub,Houston Port,rail,Clear,0.4174,56.4
Global_Freight,Atlanta Air Hub,Delhi Air Cargo,air,rainy,0.0,12.19
Global_Freight,Seattle Port,Shanghai Port,sea,rainy,0.2018,39.77
Global_Freight,Singapore Port,Rotterdam Port,sea,Clear,0.3842,43.95
Last_Mile,Regional Hub,Local Terminal,road,rainy,0.0,1.48
Last_Mile,Regional Hub,Local Terminal,road,stormy,0.0,2.34
Last_Mile,Regional Hub,Local Terminal,road,rainy,0.0,1.74
Global_Freight,Shanghai Port,Singapore Port,sea,Clear,0.0,25.14
Global_Freight,Delhi Air Cargo,Atlanta Air Hub,air,stormy,0.3773,25.0
Global_Freight,Delhi Air Cargo,Atlanta Air Hub,air,Clear,0.0,1.74
Last_Mile,St. Louis Hub,Dallas Corridor,rail,stormy,0.141,18.8
Last_Mile,Houston Port,Dallas Corridor,rail,rainy,0.0451,35.98
Last_Mile,Regional Hub,Local Terminal,road,rainy,0.286,12.53
Global_Freight,Mumbai Port,Los Angeles Port,sea,rainy,0.0574,24.64
Global_Freight,Atlanta Air Hub,Delhi Air Cargo,air,rainy,0.1985,10.61
Global_Freight,Mumbai Port,Seattle Port,sea,Clear,0.0289,61.66
Global_Freight,Atlanta Air Hub,Dubai Logistics Hub,air,rainy,0.0619,9.11
Global_Freight,Atlanta Air Hub,Dubai Logistics Hub,air,rainy,0.079,12.74
Last_Mile,Regional Hub,Local Terminal,road,rainy,0.1337,6.27
Global_Freight,Singapore Port,Rotterdam Port,sea,rainy,0.2093,64.73
Global_Freight,Mumbai Port,Seattle Port,sea,stormy,0.1701,68.57
Last_Mile,Dallas Corridor,Houston Port,rail,rainy,0.465,58.85
Global_Freight,Dubai Logistics Hub,Delhi Air Cargo,air,Clear,0.2009,7.15
Last_Mile,Chicago Rail Hub,Houston Port,rail,rainy,0.1176,2.67
Last_Mile,Dallas Corridor,Chicago Rail Hub,rail,rainy,0.0344,7.85
Global_Freight,Shanghai Port,Los Angeles Port,sea,rainy,0.3103,53.41
Global_Freight,Mumbai Port,Shanghai Port,sea,rainy,0.215,54.3
Global_Freight,Rotterdam Port,Singapore Port,sea,rainy,0.0961,32.04
Global_Freight,Suez Canal,Mumbai Port,sea,rainy,0.0827,17.79
Last_Mile,Dallas Corridor,Chicago Rail Hub,rail,stormy,0.1166,18.4
Last_Mile,Houston Port,Chicago Rail Hub,rail,rainy,0.1054,31.32
Global_Freight,Atlanta Air Hub,Dubai Logistics Hub,air,rainy,0.1185,14.24
Global_Freight,Rotterdam Port,Shanghai Port,sea,rainy,0.1514,17.36
Global_Freight,Dubai Logistics Hub,Atlanta Air Hub,air,stormy,0.2527,4.16
Global_Freight,Shanghai Port,Suez Canal,sea,Clear,0.1585,50.22
Last_Mile,Regional Hub,Local Terminal,road,Clear,0.2633,0.28
Last_Mile,Dallas Corridor,St. Louis Hub,rail,Clear,0.5695,71.45
Last_Mile,Regional Hub,Local Terminal,road,stormy,0.0,1.62
Global_Freight,Dubai Logistics Hub,Atlanta Air Hub,air,rainy,0.0006,7.87
Global_Freight,Atlanta Air Hub,Delhi Air Cargo,air,stormy,0.0757,7.99
Global_Freight,Shanghai Port,Mumbai Port,sea,Clear,0.1932,23.57
Last_Mile,Houston Port,Chicago Rail Hub,rail,Clear,0.0546,17.99
Last_Mile,Dallas Corridor,St. Louis Hub,rail,rainy,0.3474,22.55
Last_Mile,Regional Hub,Local Terminal,road,rainy,0.075,3.7
Global_Freight,Atlanta Air Hub,Delhi Air Cargo,air,stormy,0.3607,19.09
Last_Mile,St. Louis Hub,Houston Port,rail,Clear,0.5261,52.1
Last_Mile,Regional Hub,Local Terminal,road,stormy,0.123,3.83
Last_Mile,Regional Hub,Local Terminal,road,rainy,0.0688,5.76
Last_Mile,Regional Hub,Local Terminal,road,Clear,0.075,4.39
Global_Freight,Dubai Logistics Hub,Atlanta Air Hub,air,rainy,0.0031,2.63
Last_Mile,Dallas Corridor,St. Louis Hub,rail,Clear,0.0,13.24
Last_Mile,St. Louis Hub,Dallas Corridor,rail,stormy,0.0878,13.05
Global_Freight,Shanghai Port,Singapore Port,sea,rainy,0.0327,11.89
Last_Mile,Regional Hub,Local Terminal,road,stormy,0.0237,3.71
Global_Freight,Atlanta Air Hub,Dubai Logistics Hub,air,rainy,0.1515,7.62
Last_Mile,Regional Hub,Local Terminal,road,rainy,0.1911,10.78
Global_Freight,Dubai Logistics Hub,Atlanta Air Hub,air,rainy,0.2578,5.85
Last_Mile,Regional Hub,Local Terminal,road,rainy,0.1506,2.05
Global_Freight,Singapore Port,Shanghai Port,sea,stormy,0.1113,7.02
Global_Freight,Shanghai Port,Los Angeles Port,sea,rainy,0.1555,43.58
Global_Freight,Atlanta Air Hub,Delhi Air Cargo,air,Clear,0.0,2.83
Global_Freight,Dubai Logistics Hub,Atlanta Air Hub,air,Clear,0.4067,11.3
Last_Mile,Regional Hub,Local Terminal,road,Clear,0.3686,1.44
Last_Mile,Dallas Corridor,Houston Port,rail,Clear,0.2029,24.07
Last_Mile,Regional Hub,Local Terminal,road,stormy,0.2748,8.5
Last_Mile,Dallas Corridor,Chicago Rail Hub,rail,Clear,0.255,32.12
Global_Freight,Dubai Logistics Hub,Delhi Air Cargo,air,rainy,0.0,2.1
Last_Mile,Regional Hub,Local Terminal,road,rainy,0.0967,2.85
Last_Mile,Regional Hub,Local Terminal,road,stormy,0.0222,4.83
Global_Freight,Los Angeles Port,Seattle Port,sea,Clear,0.0,22.48
Last_Mile,Dallas Corridor,Houston Port,rail,stormy,0.1077,13.07
Last_Mile,Regional Hub,Local Terminal,road,stormy,0.1785,8.9
Last_Mile,Regional Hub,Local Terminal,road,rainy,0.0046,0.92
Last_Mile,Regional Hub,Local Terminal,road,Clear,0.0,1.9
Global_Freight,Atlanta Air Hub,Dubai Logistics Hub,air,stormy,0.194,1.9
Last_Mile,Dallas Corridor,Houston Port,rail,stormy,0.0,6.33
Global_Freight,Shanghai Port,New York Port,sea,stormy,0.0759,5.85
Global_Freight,Atlanta Air Hub,Delhi Air Cargo,air,stormy,0.0,14.68
Last_Mile,Dallas Corridor,Houston Port,rail,stormy,0.0439,9.41
Global_Freight,Singapore Port,Seattle Port,sea,stormy,0.1738,37.47
Global_Freight,Singapore Port,Seattle Port,sea,rainy,0.149,20.76
Global_Freight,Atlanta Air Hub,Delhi Air Cargo,air,rainy,0.0277,1.74
Global_Freight,Mumbai Port,Suez Canal,sea,Clear,0.0587,25.55
Last_Mile,Regional Hub,Local Terminal,road,rainy,0.201,7.83
Global_Freight,Suez Canal,Seattle Port,sea,stormy,0.1558,18.64
Last_Mile,St. Louis Hub,Dallas Corridor,rail,Clear,0.2505,15.73
Last_Mile,Regional Hub,Local Terminal,road,Clear,0.2364,4.43
Last_Mile,St. Louis Hub,Houston Port,rail,stormy,0.5272,48.23
Global_Freight,Delhi Air Cargo,Dubai Logistics Hub,air,rainy,0.2691,13.16
Last_Mile,St. Louis Hub,Dallas Corridor,rail,rainy,0.4144,33.07
Last_Mile,Regional Hub,Local Terminal,road,Clear,0.0145,2.3
Global_Freight,Dubai Logistics Hub,Delhi Air Cargo,air,stormy,0.329,12.33
Last_Mile,Dallas Corridor,Chicago Rail Hub,rail,rainy,0.1921,21.1
Last_Mile,Houston Port,Dallas Corridor,rail,Clear,0.1708,38.4
Last_Mile,Regional Hub,Local Terminal,road,Clear,0.1512,3.67
Last_Mile,Houston Port,Chicago Rail Hub,rail,stormy,0.1685,38.18
Last_Mile,Dallas Corridor,Houston Port,rail,rainy,0.0,22.8
Global_Freight,Delhi Air Cargo,Dubai Logistics Hub,air,Clear,0.0987,7.75
Last_Mile,Regional Hub,Local Terminal,road,stormy,0.1325,1.97
Last_Mile,Dallas Corridor,Houston Port,rail,stormy,0.2307,25.65
Global_Freight,Los Angeles Port,Seattle Port,sea,stormy,0.1323,45.95
Last_Mile,Regional Hub,Local Terminal,road,stormy,0.0,1.35
Last_Mile,Dallas Corridor,Chicago Rail Hub,rail,stormy,0.4042,39.86
Last_Mile,St. Louis Hub,Dallas Corridor,rail,rainy,0.3734,37.8
Global_Freight,Atlanta Air Hub,Delhi Air Cargo,air,Clear,0.0,7.72
Last_Mile,Regional Hub,Local Terminal,road,rainy,0.3557,2.68
Last_Mile,St. Louis Hub,Dallas Corridor,rail,Clear,0.3564,31.74
Global_Freight,Atlanta Air Hub,Delhi Air Cargo,air,stormy,0.3092,2.58
Global_Freight,Seattle Port,Shanghai Port,sea,rainy,0.0116,25.62
Global_Freight,Mumbai Port,New York Port,sea,Clear,0.1386,60.01
Last_Mile,Chicago Rail Hub,St. Louis Hub,rail,rainy,0.3202,29.0
Last_Mile,Houston Port,Dallas Corridor,rail,rainy,0.0,6.85
Last_Mile,Regional Hub,Local Terminal,road,stormy,0.2371,7.62
Global_Freight,Los Angeles Port,Singapore Port,sea,rainy,0.0,16.95
Global_Freight,Mumbai Port,New York Port,sea,Clear,0.0955,44.18
Global_Freight,Atlanta Air Hub,Dubai Logistics Hub,air,stormy,0.2519,13.94
Last_Mile,St. Louis Hub,Houston Port,rail,stormy,0.414,43.46
Last_Mile,Regional Hub,Local Terminal,road,Clear,0.124,1.85
Last_Mile,Houston Port,Dallas Corridor,rail,Clear,0.4656,56.9
Last_Mile,Chicago Rail Hub,Houston Port,rail,Clear,0.1747,4.41
Global_Freight,Dubai Logistics Hub,Delhi Air Cargo,air,Clear,0.1892,3.46
Global_Freight,Seattle Port,Rotterdam Port,sea,rainy,0.0744,25.05
Global_Freight,Mumbai Port,Shanghai Port,sea,rainy,0.2221,8.17
Last_Mile,Dallas Corridor,Chicago Rail Hub,rail,rainy,0.4483,43.5
Last_Mile,Dallas Corridor,St. Louis Hub,rail,Clear,0.4023,45.78
Global_Freight,Singapore Port,Los Angeles Port,sea,stormy,0.1375,12.06
Last_Mile,Dallas Corridor,Chicago Rail Hub,rail,rainy,0.1913,15.06
Global_Freight,New York Port,Shanghai Port,sea,Clear,0.0786,18.79
Global_Freight,Delhi Air Cargo,Atlanta Air Hub,air,rainy,0.1673,9.63
Last_Mile,Chicago Rail Hub,Dallas Corridor,rail,rainy,0.2784,23.85
Last_Mile,Regional Hub,Local Terminal,road,rainy,0.1932,5.53
Global_Freight,Mumbai Port,New York Port,sea,Clear,0.0392,25.5
Global_Freight,Mumbai Port,Seattle Port,sea,stormy,0.1507,39.07
Global_Freight,New York Port,Los Angeles Port,sea,Clear,0.2091,20.87
Global_Freight,Dubai Logistics Hub,Atlanta Air Hub,air,Clear,0.0368,2.92
Global_Freight,Delhi Air Cargo,Atlanta Air Hub,air,Clear,0.351,39.04
Global_Freight,Mumbai Port,Singapore Port,sea,Clear,0.0143,13.99
Global_Freight,New York Port,Mumbai Port,sea,Clear,0.1494,25.18
Global_Freight,Delhi Air Cargo,Dubai Logistics Hub,air,Clear,0.1874,11.26
Global_Freight,Suez Canal,Rotterdam Port,sea,stormy,0.0463,6.93
Last_Mile,Houston Port,Chicago Rail Hub,rail,stormy,0.0,21.18
Last_Mile,Regional Hub,Local Terminal,road,stormy,0.1656,4.93
Global_Freight,Suez Canal,Shanghai Port,sea,Clear,0.0,1.64
Last_Mile,Chicago Rail Hub,Houston Port,rail,rainy,0.1117,16.38
Last_Mile,Regional Hub,Local Terminal,road,stormy,0.1008,1.79
Global_Freight,Atlanta Air Hub,Delhi Air Cargo,air,Clear,0.2825,22.67
Global_Freight,Delhi Air Cargo,Dubai Logistics Hub,air,rainy,0.2077,18.21
Last_Mile,Chicago Rail Hub,Dallas Corridor,rail,rainy,0.0,7.84
Last_Mile,St. Louis Hub,Chicago Rail Hub,rail,stormy,0.0596,2.11
Global_Freight,Mumbai Port,New York Port,sea,Clear,0.0882,26.22
Last_Mile,St. Louis Hub,Dallas Corridor,rail,Clear,0.4444,26.32
Last_Mile,Chicago Rail Hub,St. Louis Hub,rail,Clear,0.6953,64.01
Global_Freight,Mumbai Port,Shanghai Port,sea,stormy,0.14,54.57
Last_Mile,Regional Hub,Local Terminal,road,stormy,0.0,1.58
Global_Freight,Suez Canal,Shanghai Port,sea,Clear,0.287,27.64
Global_Freight,New York Port,Seattle Port,sea,Clear,0.1247,32.32
Global_Freight,Atlanta Air Hub,Dubai Logistics Hub,air,stormy,0.0461,9.6
Global_Freight,Atlanta Air Hub,Delhi Air Cargo,air,stormy,0.4179,14.49
Global_Freight,Mumbai Port,New York Port,sea,rainy,0.0,26.7
Global_Freight,Dubai Logistics Hub,Delhi Air Cargo,air,rainy,0.3402,15.72
Global_Freight,Los Angeles Port,Rotterdam Port,sea,Clear,0.0,41.9
Last_Mile,Regional Hub,Local Terminal,road,Clear,0.1768,7.18
Last_Mile,Regional Hub,Local Terminal,road,rainy,0.3041,8.49
Global_Freight,Atlanta Air Hub,Delhi Air Cargo,air,rainy,0.0,8.01
Global_Freight,Delhi Air Cargo,Dubai Logistics Hub,air,Clear,0.0676,5.64
Global_Freight,Rotterdam Port,Seattle Port,sea,rainy,0.145,11.31
Last_Mile,Regional Hub,Local Terminal,road,rainy,0.1128,0.99
Last_Mile,Chicago Rail Hub,Houston Port,rail,rainy,0.253,4.85
Global_Freight,Suez Canal,Seattle Port,sea,stormy,0.0246,11.71
Last_Mile,Houston Port,St. Louis Hub,rail,stormy,0.3258,47.79
Global_Freight,Delhi Air Cargo,Atlanta Air Hub,air,Clear,0.1286,19.22
Global_Freight,Atlanta Air Hub,Dubai Logistics Hub,air,stormy,0.4128,22.26
Last_Mile,St. Louis Hub,Dallas Corridor,rail,stormy,0.1761,31.97
Global_Freight,Atlanta Air Hub,Dubai Logistics Hub,air,stormy,0.0,1.64
Last_Mile,Regional Hub,Local Terminal,road,Clear,0.0,2.31
Last_Mile,St. Louis Hub,Houston Port,rail,rainy,0.2302,13.7
Last_Mile,Dallas Corridor,Chicago Rail Hub,rail,Clear,0.2449,11.15
Global_Freight,Atlanta Air Hub,Delhi Air Cargo,air,Clear,0.1406,10.36
Global_Freight,Suez Canal,New York Port,sea,rainy,0.0004,15.09
Global_Freight,Atlanta Air Hub,Dubai Logistics Hub,air,Clear,0.3162,19.59
Global_Freight,Delhi Air Cargo,Dubai Logistics Hub,air,Clear,0.1516,23.23
Global_Freight,Atlanta Air Hub,Dubai Logistics Hub,air,rainy,0.3145,25.77
Global_Freight,Delhi Air Cargo,Dubai Logistics Hub,air,stormy,0.0,10.16
Global_Freight,Atlanta Air Hub,Delhi Air Cargo,air,stormy,0.1886,14.38
Last_Mile,Dallas Corridor,St. Louis Hub,rail,rainy,0.0876,14.81
Global_Freight,Delhi Air Cargo,Atlanta Air Hub,air,stormy,0.0,2.45
Last_Mile,Dallas Corridor,St. Louis Hub,rail,rainy,0.1687,4.54
Last_Mile,Regional Hub,Local Terminal,road,rainy,0.0,2.97
Global_Freight,Dubai Logistics Hub,Delhi Air Cargo,air,stormy,0.3945,16.86
Global_Freight,Atlanta Air Hub,Dubai Logistics Hub,air,stormy,0.1106,14.08
Last_Mile,Houston Port,St. Louis Hub,rail,rainy,0.187,15.78
Global_Freight,Los Angeles Port,New York Port,sea,rainy,0.1879,2.25
Last_Mile,Dallas Corridor,Houston Port,rail,rainy,0.217,12.56
Global_Freight,Dubai Logistics Hub,Atlanta Air Hub,air,Clear,0.2379,11.02
Global_Freight,Delhi Air Cargo,Atlanta Air Hub,air,Clear,0.1138,7.64
Last_Mile,St. Louis Hub,Houston Port,rail,rainy,0.0,2.48
Last_Mile,Regional Hub,Local Terminal,road,stormy,0.1002,4.54
Last_Mile,Dallas Corridor,Houston Port,rail,Clear,0.0273,14.84
Global_Freight,Dubai Logistics Hub,Atlanta Air Hub,air,stormy,0.0,1.27
Last_Mile,Chicago Rail Hub,Houston Port,rail,Clear,0.4686,55.06
Last_Mile,Houston Port,Chicago Rail Hub,rail,Clear,0.3793,28.3
Last_Mile,Regional Hub,Local Terminal,road,rainy,0.0219,3.79
Global_Freight,Singapore Port,Rotterdam Port,sea,Clear,0.0243,14.86
Last_Mile,Chicago Rail Hub,St. Louis Hub,rail,stormy,0.5624,47.94
Global_Freight,Singapore Port,Shanghai Port,sea,stormy,0.2324,35.31
Global_Freight,Singapore Port,Seattle Port,sea,Clear,0.1593,23.33
Global_Freight,New York Port,Singapore Port,sea,Clear,0.1864,15.68
Global_Freight,Dubai Logistics Hub,Delhi Air Cargo,air,stormy,0.0969,3.28
Last_Mile,Houston Port,Dallas Corridor,rail,Clear,0.0,2.0
Global_Freight,Dubai Logistics Hub,Atlanta Air Hub,air,Clear,0.2084,10.38
Last_Mile,Houston Port,St. Louis Hub,rail,Clear,0.0344,28.36
Global_Freight,Dubai Logistics Hub,Delhi Air Cargo,air,Clear,0.446,23.26
Last_Mile,Dallas Corridor,Houston Port,rail,rainy,0.0,15.34
Global_Freight,Shanghai Port,Suez Canal,sea,Clear,0.086,27.48
Global_Freight,Seattle Port,Mumbai Port,sea,stormy,0.3332,56.86
Last_Mile,Chicago Rail Hub,Houston Port,rail,rainy,0.1399,32.69
Last_Mile,Dallas Corridor,Chicago Rail Hub,rail,rainy,0.2159,15.32
Last_Mile,Regional Hub,Local Terminal,road,stormy,0.0065,1.84
Last_Mile,Regional Hub,Local Terminal,road,rainy,0.0345,1.47
Global_Freight,Dubai Logistics Hub,Atlanta Air Hub,air,Clear,0.3801,12.12
Last_Mile,Dallas Corridor,St. Louis Hub,rail,stormy,0.1133,14.66
Last_Mile,St. Louis Hub,Dallas Corridor,rail,Clear,0.0,10.69
Last_Mile,Regional Hub,Local Terminal,road,stormy,0.0,0.63
Global_Freight,New York Port,Los Angeles Port,sea,rainy,0.024,15.11
Global_Freight,Los Angeles Port,Seattle Port,sea,stormy,0.0164,35.59
Last_Mile,Regional Hub,Local Terminal,road,rainy,0.0709,3.96
Global_Freight,Atlanta Air Hub,Dubai Logistics Hub,air,Clear,0.1653,6.08
Global_Freight,Atlanta Air Hub,Dubai Logistics Hub,air,rainy,0.209,2.56
Global_Freight,Seattle Port,Shanghai Port,sea,rainy,0.1186,9.73
Global_Freight,New York Port,Shanghai Port,sea,stormy,0.1638,51.28
Global_Freight,Delhi Air Cargo,Atlanta Air Hub,air,stormy,0.0,6.36
Last_Mile,St. Louis Hub,Dallas Corridor,rail,stormy,0.3818,41.74
Last_Mile,Regional Hub,Local Terminal,road,stormy,0.2701,3.8
Global_Freight,Singapore Port,Shanghai Port,sea,rainy,0.0029,9.64
Global_Freight,Los Angeles Port,New York Port,sea,Clear,0.113,49.5
Global_Freight,Suez Canal,Singapore Port,sea,stormy,0.1652,13.45
Global_Freight,Atlanta Air Hub,Delhi Air Cargo,air,Clear,0.2143,15.43
Global_Freight,Dubai Logistics Hub,Atlanta Air Hub,air,rainy,0.3774,8.17
Global_Freight,Atlanta Air Hub,Dubai Logistics Hub,air,rainy,0.0868,10.42
Last_Mile,Regional Hub,Local Terminal,road,rainy,0.1603,2.8
Global_Freight,Atlanta Air Hub,Dubai Logistics Hub,air,stormy,0.3224,9.6
Last_Mile,Regional Hub,Local Terminal,road,rainy,0.0475,2.35
Last_Mile,St. Louis Hub,Dallas Corridor,rail,rainy,0.1836,13.23
Global_Freight,Dubai Logistics Hub,Delhi Air Cargo,air,stormy,0.1463,5.77
Global_Freight,New York Port,Singapore Port,sea,stormy,0.3503,84.27
Global_Freight,Shanghai Port,Seattle Port,sea,stormy,0.2745,37.36
Global_Freight,Seattle Port,Mumbai Port,sea,rainy,0.0421,5.53
Last_Mile,Houston Port,Chicago Rail Hub,rail,Clear,0.0128,3.6
Last_Mile,Regional Hub,Local Terminal,road,stormy,0.1229,4.63
Last_Mile,Dallas Corridor,Houston Port,rail,stormy,0.0,12.99
Global_Freight,Suez Canal,New York Port,sea,Clear,0.0455,13.84
Last_Mile,Regional Hub,Local Terminal,road,stormy,0.0,2.66
Global_Freight,Atlanta Air Hub,Dubai Logistics Hub,air,rainy,0.256,8.4
Global_Freight,Suez Canal,Mumbai Port,sea,Clear,0.1467,19.19
Global_Freight,Seattle Port,Shanghai Port,sea,stormy,0.1156,2.84
Global_Freight,Suez Canal,Seattle Port,sea,Clear,0.0,8.01
Global_Freight,Suez Canal,Singapore Port,sea,Clear,0.0,3.08
Last_Mile,Regional Hub,Local Terminal,road,Clear,0.0,1.81
Last_Mile,Regional Hub,Local Terminal,road,stormy,0.0,1.53
Global_Freight,Shanghai Port,Suez Canal,sea,Clear,0.0,7.07
Last_Mile,Regional Hub,Local Terminal,road,Clear,0.0032,3.38
Last_Mile,Regional Hub,Local Terminal,road,stormy,0.0,4.0
Global_Freight,Atlanta Air Hub,Delhi Air Cargo,air,rainy,0.1928,9.28
Last_Mile,Regional Hub,Local Terminal,road,rainy,0.2455,2.29
Last_Mile,Regional Hub,Local Terminal,road,Clear,0.1886,12.2
Global_Freight,Shanghai Port,Rotterdam Port,sea,stormy,0.2239,54.69
Global_Freight,Mumbai Port,Suez Canal,sea,rainy,0.0214,35.0
Global_Freight,Dubai Logistics Hub,Atlanta Air Hub,air,stormy,0.2179,10.35
Global_Freight,Atlanta Air Hub,Delhi Air Cargo,air,rainy,0.2041,14.48
Global_Freight,Delhi Air Cargo,Atlanta Air Hub,air,Clear,0.0,2.56
Last_Mile,Houston Port,St. Louis Hub,rail,rainy,0.094,9.26
Last_Mile,Regional Hub,Local Terminal,road,stormy,0.0,1.97
Last_Mile,Dallas Corridor,St. Louis Hub,rail,rainy,0.1562,12.85
Last_Mile,Dallas Corridor,Chicago Rail Hub,rail,rainy,0.1682,12.09
Global_Freight,Singapore Port,New York Port,sea,stormy,0.1935,18.41
Global_Freight,Dubai Logistics Hub,Atlanta Air Hub,air,rainy,0.3184,16.83
Last_Mile,Regional Hub,Local Terminal,road,Clear,0.2373,6.07
Last_Mile,Houston Port,St. Louis Hub,rail,Clear,0.449,71.58
Global_Freight,Delhi Air Cargo,Dubai Logistics Hub,air,stormy,0.0403,12.48
Global_Freight,Rotterdam Port,Los Angeles Port,sea,Clear,0.3102,62.2
Last_Mile,St. Louis Hub,Houston Port,rail,Clear,0.6361,38.05
Global_Freight,New York Port,Los Angeles Port,sea,Clear,0.1924,65.75
Last_Mile,Regional Hub,Local Terminal,road,stormy,0.1456,7.75
Global_Freight,Singapore Port,Rotterdam Port,sea,rainy,0.2016,10.16
Last_Mile,Regional Hub,Local Terminal,road,rainy,0.1386,5.13
Last_Mile,Dallas Corridor,Chicago Rail Hub,rail,Clear,0.0924,5.92
Global_Freight,Delhi Air Cargo,Atlanta Air Hub,air,rainy,0.0,26.31
Global_Freight,Los Angeles Port,Rotterdam Port,sea,stormy,0.1274,47.25
Global_Freight,Seattle Port,Mumbai Port,sea,rainy,0.0515,40.24
Global_Freight,Shanghai Port,Mumbai Port,sea,Clear,0.1901,22.05
Global_Freight,Rotterdam Port,Los Angeles Port,sea,rainy,0.2149,33.96
Global_Freight,Rotterdam Port,Seattle Port,sea,stormy,0.0,2.09
Global_Freight,Delhi Air Cargo,Atlanta Air Hub,air,rainy,0.1096,17.31
Global_Freight,New York Port,Rotterdam Port,sea,rainy,0.0488,27.23
Global_Freight,New York Port,Mumbai Port,sea,Clear,0.0521,22.99
Last_Mile,Dallas Corridor,Chicago Rail Hub,rail,Clear,0.4482,48.85
Global_Freight,Delhi Air Cargo,Dubai Logistics Hub,air,stormy,0.1104,5.54
Global_Freight,New York Port,Mumbai Port,sea,Clear,0.0515,6.35
Last_Mile,Houston Port,Dallas Corridor,rail,stormy,0.2004,9.04
Last_Mile,Regional Hub,Local Terminal,road,rainy,0.0313,0.35
Global_Freight,New York Port,Los Angeles Port,sea,Clear,0.1865,17.72
Global_Freight,Singapore Port,Seattle Port,sea,stormy,0.2326,43.88
Global_Freight,Dubai Logistics Hub,Atlanta Air Hub,air,rainy,0.2876,12.05
Last_Mile,St. Louis Hub,Houston Port,rail,rainy,0.3219,36.45
Last_Mile,Dallas Corridor,Houston Port,rail,Clear,0.2909,20.73
Global_Freight,Suez Canal,Mumbai Port,sea,rainy,0.1003,17.17
Global_Freight,Los Angeles Port,Rotterdam Port,sea,rainy,0.0,14.15
Last_Mile,Regional Hub,Local Terminal,road,Clear,0.1187,1.77
Last_Mile,Chicago Rail Hub,Houston Port,rail,Clear,0.517,52.05
Last_Mile,Regional Hub,Local Terminal,road,Clear,0.2226,3.71
Global_Freight,Seattle Port,Suez Canal,sea,stormy,0.0796,33.75
Last_Mile,Regional Hub,Local Terminal,road,stormy,0.4188,15.19
Last_Mile,Regional Hub,Local Terminal,road,Clear,0.1901,6.23
Last_Mile,Regional Hub,Local Terminal,road,stormy,0.0993,1.95
Last_Mile,Dallas Corridor,Houston Port,rail,rainy,0.271,45.42
Last_Mile,Chicago Rail Hub,St. Louis Hub,rail,stormy,0.0547,16.28
Global_Freight,Dubai Logistics Hub,Delhi Air Cargo,air,Clear,0.1684,9.9
Last_Mile,Regional Hub,Local Terminal,road,rainy,0.1064,0.66
Last_Mile,Regional Hub,Local Terminal,road,stormy,0.2715,6.56
Last_Mile,Regional Hub,Local Terminal,road,Clear,0.0609,3.18
Last_Mile,Chicago Rail Hub,Houston Port,rail,rainy,0.0595,2.07
Last_Mile,Houston Port,Chicago Rail Hub,rail,Clear,0.2846,50.81
Global_Freight,Seattle Port,Rotterdam Port,sea,Clear,0.0109,27.17
Last_Mile,St. Louis Hub,Houston Port,rail,rainy,0.0233,6.21
Last_Mile,Regional Hub,Local Terminal,road,stormy,0.1637,2.0
Last_Mile,Regional Hub,Local Terminal,road,rainy,0.3961,2.8
Last_Mile,Chicago Rail Hub,Houston Port,rail,stormy,0.2457,35.17
Last_Mile,Chicago Rail Hub,St. Louis Hub,rail,stormy,0.2111,35.65
Global_Freight,Dubai Logistics Hub,Atlanta Air Hub,air,Clear,0.0,2.71
Global_Freight,Delhi Air Cargo,Atlanta Air Hub,air,rainy,0.2211,10.42
Global_Freight,Shanghai Port,Los Angeles Port,sea,Clear,0.5159,96.7
Global_Freight,Delhi Air Cargo,Dubai Logistics Hub,air,stormy,0.0439,7.43
Global_Freight,Dubai Logistics Hub,Atlanta Air Hub,air,Clear,0.2229,1.78
Global_Freight,Los Angeles Port,Shanghai Port,sea,Clear,0.0276,55.59
Last_Mile,Regional Hub,Local Terminal,road,stormy,0.1761,2.04
Global_Freight,New York Port,Shanghai Port,sea,stormy,0.2392,62.23
Last_Mile,Regional Hub,Local Terminal,road,Clear,0.1412,2.4
Last_Mile,St. Louis Hub,Chicago Rail Hub,rail,rainy,0.1811,3.41
Last_Mile,Chicago Rail Hub,Dallas Corridor,rail,stormy,0.1788,14.83
Global_Freight,Delhi Air Cargo,Atlanta Air Hub,air,rainy,0.0,3.33
Last_Mile,St. Louis Hub,Houston Port,rail,Clear,0.0,8.74
Global_Freight,Delhi Air Cargo,Atlanta Air Hub,air,Clear,0.0319,4.05
Last_Mile,Regional Hub,Local Terminal,road,Clear,0.0777,2.43
Global_Freight,Atlanta Air Hub,Delhi Air Cargo,air,Clear,0.0867,6.27
Global_Freight,Atlanta Air Hub,Dubai Logistics Hub,air,stormy,0.0,5.98
Last_Mile,Regional Hub,Local Terminal,road,stormy,0.1601,4.4
Global_Freight,New York Port,Rotterdam Port,sea,stormy,0.0768,14.83
Global_Freight,Atlanta Air Hub,Delhi Air Cargo,air,Clear,0.1512,10.35
Global_Freight,Delhi Air Cargo,Atlanta Air Hub,air,rainy,0.0823,18.41
Last_Mile,Regional Hub,Local Terminal,road,Clear,0.0,1.13
Global_Freight,Rotterdam Port,Seattle Port,sea,stormy,0.127,3.67
Last_Mile,Regional Hub,Local Terminal,road,stormy,0.0568,2.36
Global_Freight,Rotterdam Port,Los Angeles Port,sea,Clear,0.2122,19.02
Global_Freight,Los Angeles Port,Singapore Port,sea,Clear,0.0,12.59
Last_Mile,Regional Hub,Local Terminal,road,rainy,0.05,2.15
Last_Mile,Regional Hub,Local Terminal,road,rainy,0.1663,4.4
Last_Mile,Houston Port,St. Louis Hub,rail,rainy,0.2023,30.69
Last_Mile,Dallas Corridor,Houston Port,rail,rainy,0.0606,22.71
Global_Freight,Dubai Logistics Hub,Delhi Air Cargo,air,stormy,0.0706,4.62
Last_Mile,Regional Hub,Local Terminal,road,stormy,0.3432,9.42
Last_Mile,Regional Hub,Local Terminal,road,stormy,0.1025,3.23
Global_Freight,Dubai Logistics Hub,Atlanta Air Hub,air,rainy,0.1546,7.19
Global_Freight,Los Angeles Port,Mumbai Port,sea,Clear,0.1536,33.89
Global_Freight,Suez Canal,Shanghai Port,sea,stormy,0.0294,13.9
Last_Mile,Dallas Corridor,Houston Port,rail,Clear,0.0858,19.85
Last_Mile,Regional Hub,Local Terminal,road,rainy,0.0384,2.72
Global_Freight,Atlanta Air Hub,Delhi Air Cargo,air,stormy,0.0461,6.86
Global_Freight,Dubai Logistics Hub,Delhi Air Cargo,air,Clear,0.3521,9.48
Global_Freight,Atlanta Air Hub,Delhi Air Cargo,air,Clear,0.5155,21.8
Last_Mile,Regional Hub,Local Terminal,road,stormy,0.1211,8.27
Global_Freight,Rotterdam Port,Seattle Port,sea,stormy,0.191,40.62
Global_Freight,Dubai Logistics Hub,Delhi Air Cargo,air,rainy,0.1051,2.85
Global_Freight,Mumbai Port,Suez Canal,sea,Clear,0.1957,61.24
Last_Mile,Regional Hub,Local Terminal,road,Clear,0.2861,8.76
Global_Freight,New York Port,Suez Canal,sea,Clear,0.0713,12.66
Last_Mile,Regional Hub,Local Terminal,road,rainy,0.0418,2.5
Global_Freight,Mumbai Port,Singapore Port,sea,rainy,0.0916,54.7
Last_Mile,Regional Hub,Local Terminal,road,rainy,0.0325,7.11
Last_Mile,Chicago Rail Hub,Houston Port,rail,rainy,0.3756,49.3
Global_Freight,Dubai Logistics Hub,Delhi Air Cargo,air,rainy,0.348,11.18
Global_Freight,Mumbai Port,Singapore Port,sea,Clear,0.1886,45.93
Global_Freight,Los Angeles Port,Seattle Port,sea,rainy,0.0453,23.53
Global_Freight,Dubai Logistics Hub,Atlanta Air Hub,air,rainy,0.3071,12.45
Last_Mile,St. Louis Hub,Dallas Corridor,rail,rainy,0.112,25.96
Last_Mile,Regional Hub,Local Terminal,road,stormy,0.1067,1.57
Global_Freight,Atlanta Air Hub,Dubai Logistics Hub,air,rainy,0.3847,20.68
Global_Freight,Shanghai Port,Suez Canal,sea,stormy,0.2729,31.8
Last_Mile,Chicago Rail Hub,St. Louis Hub,rail,stormy,0.0,2.21
Last_Mile,Dallas Corridor,Houston Port,rail,rainy,0.379,43.88
Last_Mile,Chicago Rail Hub,Houston Port,rail,Clear,0.1993,9.53
Global_Freight,New York Port,Mumbai Port,sea,Clear,0.0,15.07
Last_Mile,Houston Port,Dallas Corridor,rail,Clear,0.1298,9.9
Last_Mile,Chicago Rail Hub,Houston Port,rail,stormy,0.3478,44.43
Last_Mile,Houston Port,Chicago Rail Hub,rail,stormy,0.1566,2.99
Last_Mile,Regional Hub,Local Terminal,road,Clear,0.0108,3.36
Last_Mile,Regional Hub,Local Terminal,road,Clear,0.0,0.56
Last_Mile,Chicago Rail Hub,St. Louis Hub,rail,rainy,0.0716,26.66
Global_Freight,Seattle Port,Mumbai Port,sea,rainy,0.0,1.15
Last_Mile,Regional Hub,Local Terminal,road,stormy,0.1066,4.55
Global_Freight,Delhi Air Cargo,Atlanta Air Hub,air,stormy,0.0,2.61
Last_Mile,Regional Hub,Local Terminal,road,stormy,0.1766,4.16
Global_Freight,Delhi Air Cargo,Dubai Logistics Hub,air,stormy,0.4881,47.29
Global_Freight,Atlanta Air Hub,Delhi Air Cargo,air,rainy,0.2966,8.4
Global_Freight,Dubai Logistics Hub,Atlanta Air Hub,air,rainy,0.1505,4.7
Last_Mile,Regional Hub,Local Terminal,road,stormy,0.0,1.82
Last_Mile,Regional Hub,Local Terminal,road,stormy,0.0648,0.66
Last_Mile,Chicago Rail Hub,Houston Port,rail,stormy,0.8504,96.27
Global_Freight,Dubai Logistics Hub,Atlanta Air Hub,air,rainy,0.2229,10.68
Last_Mile,Chicago Rail Hub,Dallas Corridor,rail,Clear,0.2046,38.34
Global_Freight,Singapore Port,Seattle Port,sea,Clear,0.3065,21.21
Global_Freight,Suez Canal,Rotterdam Port,sea,stormy,0.1694,24.77
Global_Freight,New York Port,Singapore Port,sea,Clear,0.0303,21.25
Global_Freight,Rotterdam Port,Mumbai Port,sea,stormy,0.0,22.55
Last_Mile,Dallas Corridor,Chicago Rail Hub,rail,stormy,0.4268,46.29
Global_Freight,Seattle Port,Rotterdam Port,sea,stormy,0.1505,32.12
Last_Mile,Houston Port,St. Louis Hub,rail,rainy,0.093,25.03
Last_Mile,Chicago Rail Hub,Houston Port,rail,stormy,0.5706,62.91
Last_Mile,Regional Hub,Local Terminal,road,stormy,0.1569,0.84
Global_Freight,Dubai Logistics Hub,Atlanta Air Hub,air,Clear,0.0,7.41
Last_Mile,Houston Port,St. Louis Hub,rail,stormy,0.2505,19.21
Last_Mile,Houston Port,St. Louis Hub,rail,rainy,0.226,36.55
Global_Freight,Dubai Logistics Hub,Delhi Air Cargo,air,stormy,0.1118,12.05
Last_Mile,Regional Hub,Local Terminal,road,rainy,0.3889,11.03
Last_Mile,Regional Hub,Local Terminal,road,Clear,0.0181,0.99
Global_Freight,Delhi Air Cargo,Atlanta Air Hub,air,rainy,0.1956,3.17
Last_Mile,Regional Hub,Local Terminal,road,rainy,0.0,1.98
Last_Mile,St. Louis Hub,Dallas Corridor,rail,Clear,0.0836,10.15
Global_Freight,Delhi Air Cargo,Atlanta Air Hub,air,Clear,0.0,18.96
Last_Mile,Regional Hub,Local Terminal,road,Clear,0.1667,2.53
Last_Mile,Regional Hub,Local Terminal,road,rainy,0.152,8.01
Last_Mile,Regional Hub,Local Terminal,road,stormy,0.1953,3.52
Global_Freight,Seattle Port,Los Angeles Port,sea,Clear,0.0845,41.03
Global_Freight,Shanghai Port,Los Angeles Port,sea,stormy,0.1807,9.02
Last_Mile,St. Louis Hub,Chicago Rail Hub,rail,Clear,0.063,6.55
Global_Freight,Shanghai Port,Suez Canal,sea,stormy,0.3941,55.76
Global_Freight,Atlanta Air Hub,Delhi Air Cargo,air,Clear,0.0,6.17
Global_Freight,Atlanta Air Hub,Delhi Air Cargo,air,Clear,0.0898,4.06
Last_Mile,St. Louis Hub,Dallas Corridor,rail,Clear,0.265,28.64
Global_Freight,Dubai Logistics Hub,Delhi Air Cargo,air,Clear,0.4019,9.79
Global_Freight,Suez Canal,Shanghai Port,sea,Clear,0.0938,1.43
Last_Mile,Regional Hub,Local Terminal,road,Clear,0.0,0.42
Global_Freight,Delhi Air Cargo,Dubai Logistics Hub,air,stormy,0.3958,35.18
Global_Freight,Delhi Air Cargo,Dubai Logistics Hub,air,rainy,0.0,0.35
Last_Mile,Dallas Corridor,Chicago Rail Hub,rail,rainy,0.1013,7.25
Global_Freight,Atlanta Air Hub,Delhi Air Cargo,air,stormy,0.1422,10.76
Global_Freight,Atlanta Air Hub,Dubai Logistics Hub,air,rainy,0.0,1.76
Global_Freight,Delhi Air Cargo,Atlanta Air Hub,air,rainy,0.1606,26.51
Global_Freight,Mumbai Port,Seattle Port,sea,Clear,0.0101,53.39
Global_Freight,Dubai Logistics Hub,Atlanta Air Hub,air,stormy,0.281,6.24
Global_Freight,Rotterdam Port,Singapore Port,sea,stormy,0.1108,25.82
Global_Freight,Atlanta Air Hub,Delhi Air Cargo,air,stormy,0.1251,5.95
Last_Mile,St. Louis Hub,Chicago Rail Hub,rail,stormy,0.1867,17.04
Global_Freight,Dubai Logistics Hub,Delhi Air Cargo,air,rainy,0.0442,2.14
Last_Mile,St. Louis Hub,Chicago Rail Hub,rail,stormy,0.3716,37.68
Last_Mile,Houston Port,St. Louis Hub,rail,Clear,0.4471,44.82
Last_Mile,Dallas Corridor,Chicago Rail Hub,rail,rainy,0.4431,38.67
Global_Freight,Delhi Air Cargo,Dubai Logistics Hub,air,rainy,0.1746,16.87
Global_Freight,Seattle Port,Mumbai Port,sea,Clear,0.2489,51.17
Last_Mile,Chicago Rail Hub,St. Louis Hub,rail,stormy,0.095,11.23
Global_Freight,New York Port,Rotterdam Port,sea,stormy,0.0,33.05
Global_Freight,Atlanta Air Hub,Delhi Air Cargo,air,rainy,0.2918,20.99
Global_Freight,Rotterdam Port,Suez Canal,sea,Clear,0.0787,22.09
Global_Freight,Dubai Logistics Hub,Delhi Air Cargo,air,stormy,0.0219,6.98
Global_Freight,New York Port,Suez Canal,sea,rainy,0.0506,10.68
Global_Freight,Atlanta Air Hub,Dubai Logistics Hub,air,Clear,0.0477,2.92
Last_Mile,St. Louis Hub,Houston Port,rail,rainy,0.1323,14.57
Global_Freight,Delhi Air Cargo,Atlanta Air Hub,air,stormy,0.2644,9.36
Global_Freight,Rotterdam Port,Shanghai Port,sea,stormy,0.1582,25.41
Global_Freight,Los Angeles Port,Mumbai Port,sea,Clear,0.2267,20.97
Global_Freight,Atlanta Air Hub,Delhi Air Cargo,air,Clear,0.4675,33.24
Last_Mile,Houston Port,Chicago Rail Hub,rail,stormy,0.13,15.82
Global_Freight,Dubai Logistics Hub,Delhi Air Cargo,air,Clear,0.0,4.59
Last_Mile,Dallas Corridor,Houston Port,rail,rainy,0.0921,18.34
Last_Mile,Regional Hub,Local Terminal,road,Clear,0.0,2.63
Last_Mile,Houston Port,Chicago Rail Hub,rail,rainy,0.3418,32.51
Global_Freight,Mumbai Port,Los Angeles Port,sea,rainy,0.173,34.2
Global_Freight,Delhi Air Cargo,Dubai Logistics Hub,air,stormy,0.0328,8.93
Global_Freight,Dubai Logistics Hub,Atlanta Air Hub,air,Clear,0.1629,6.76
Last_Mile,Regional Hub,Local Terminal,road,Clear,0.0,2.47
Global_Freight,Delhi Air Cargo,Atlanta Air Hub,air,rainy,0.1048,9.05
Last_Mile,Regional Hub,Local Terminal,road,rainy,0.3591,4.54
Last_Mile,Regional Hub,Local Terminal,road,stormy,0.0955,3.18
Global_Freight,Shanghai Port,New York Port,sea,stormy,0.0323,13.84
Global_Freight,Rotterdam Port,Shanghai Port,sea,Clear,0.2042,31.01
Global_Freight,Delhi Air Cargo,Dubai Logistics Hub,air,rainy,0.0315,7.19
Global_Freight,Delhi Air Cargo,Dubai Logistics Hub,air,rainy,0.5409,29.84
Last_Mile,Chicago Rail Hub,St. Louis Hub,rail,Clear,0.1342,13.23
Last_Mile,Dallas Corridor,St. Louis Hub,rail,rainy,0.1068,18.24
Global_Freight,Atlanta Air Hub,Delhi Air Cargo,air,rainy,0.0559,9.9
Last_Mile,Houston Port,Chicago Rail Hub,rail,rainy,0.1258,14.87
Last_Mile,Houston Port,Chicago Rail Hub,rail,rainy,0.5507,78.81
Last_Mile,Dallas Corridor,St. Louis Hub,rail,Clear,0.079,10.87
Global_Freight,Singapore Port,Suez Canal,sea,rainy,0.1009,18.8
Global_Freight,Singapore Port,Los Angeles Port,sea,Clear,0.0472,7.1
Global_Freight,Delhi Air Cargo,Atlanta Air Hub,air,rainy,0.181,24.81
Global_Freight,New York Port,Rotterdam Port,sea,stormy,0.0411,19.51
Last_Mile,Regional Hub,Local Terminal,road,stormy,0.0034,1.21
Global_Freight,Rotterdam Port,Los Angeles Port,sea,stormy,0.0,19.0
Global_Freight,Dubai Logistics Hub,Atlanta Air Hub,air,rainy,0.0,4.38
Global_Freight,New York Port,Shanghai Port,sea,Clear,0.1441,11.21
Global_Freight,Atlanta Air Hub,Dubai Logistics Hub,air,rainy,0.1622,14.8
Global_Freight,Atlanta Air Hub,Dubai Logistics Hub,air,stormy,0.0011,7.33
Last_Mile,Regional Hub,Local Terminal,road,stormy,0.0857,3.45
Global_Freight,Atlanta Air Hub,Dubai Logistics Hub,air,Clear,0.0,3.41
Global_Freight,Singapore Port,New York Port,sea,stormy,0.2601,24.27
Global_Freight,Dubai Logistics Hub,Atlanta Air Hub,air,stormy,0.0,1.46
Last_Mile,Regional Hub,Local Terminal,road,Clear,0.0,2.46
Global_Freight,Dubai Logistics Hub,Atlanta Air Hub,air,Clear,0.2886,8.08
Last_Mile,Regional Hub,Local Terminal,road,stormy,0.0028,4.51
Last_Mile,Regional Hub,Local Terminal,road,Clear,0.2557,9.05
Last_Mile,Dallas Corridor,Chicago Rail Hub,rail,Clear,0.1333,25.65
Global_Freight,Delhi Air Cargo,Dubai Logistics Hub,air,stormy,0.1663,24.69
Global_Freight,Shanghai Port,Seattle Port,sea,stormy,0.1845,18.42
Global_Freight,New York Port,Singapore Port,sea,rainy,0.0863,32.24
Last_Mile,Chicago Rail Hub,St. Louis Hub,rail,stormy,0.4165,53.11
Global_Freight,Atlanta Air Hub,Dubai Logistics Hub,air,rainy,0.6452,32.32
Last_Mile,St. Louis Hub,Dallas Corridor,rail,Clear,0.1543,18.36
Global_Freight,Dubai Logistics Hub,Delhi Air Cargo,air,Clear,0.2117,6.01
Last_Mile,Regional Hub,Local Terminal,road,rainy,0.2911,5.38
Global_Freight,Atlanta Air Hub,Delhi Air Cargo,air,stormy,0.1859,8.33
Global_Freight,New York Port,Suez Canal,sea,rainy,0.1392,21.93
Global_Freight,Singapore Port,Seattle Port,sea,stormy,0.0281,15.21
Global_Freight,Los Angeles Port,Mumbai Port,sea,stormy,0.0,33.4
Global_Freight,Dubai Logistics Hub,Delhi Air Cargo,air,Clear,0.0,2.64
Global_Freight,Dubai Logistics Hub,Atlanta Air Hub,air,stormy,0.0,4.99
Global_Freight,Atlanta Air Hub,Dubai Logistics Hub,air,Clear,0.1147,16.06
Global_Freight,Dubai Logistics Hub,Delhi Air Cargo,air,rainy,0.0,5.32
Last_Mile,Houston Port,Chicago Rail Hub,rail,rainy,0.4783,75.45
Last_Mile,Chicago Rail Hub,Houston Port,rail,rainy,0.24,32.52
Last_Mile,Regional Hub,Local Terminal,road,Clear,0.0,2.79
Global_Freight,Atlanta Air Hub,Delhi Air Cargo,air,stormy,0.7651,52.93
Last_Mile,Regional Hub,Local Terminal,road,rainy,0.1458,2.06
Global_Freight,Dubai Logistics Hub,Atlanta Air Hub,air,Clear,0.1031,4.99
Global_Freight,New York Port,Singapore Port,sea,rainy,0.1877,57.02
Global_Freight,Los Angeles Port,Shanghai Port,sea,stormy,0.0,11.78
Global_Freight,Atlanta Air Hub,Dubai Logistics Hub,air,Clear,0.6298,33.89
Last_Mile,Regional Hub,Local Terminal,road,rainy,0.1177,1.54
Global_Freight,Mumbai Port,New York Port,sea,rainy,0.2326,73.69
Last_Mile,Dallas Corridor,Houston Port,rail,stormy,0.0,8.3
Last_Mile,St. Louis Hub,Dallas Corridor,rail,Clear,0.6652,42.09
Global_Freight,Delhi Air Cargo,Atlanta Air Hub,air,rainy,0.4016,22.15
Global_Freight,Dubai Logistics Hub,Delhi Air Cargo,air,stormy,0.0357,3.03
Global_Freight,Seattle Port,Rotterdam Port,sea,Clear,0.1465,31.7
Global_Freight,Dubai Logistics Hub,Delhi Air Cargo,air,stormy,0.1373,1.7
Last_Mile,Regional Hub,Local Terminal,road,rainy,0.12,2.81
Global_Freight,Dubai Logistics Hub,Atlanta Air Hub,air,Clear,0.0102,8.36
Global_Freight,Delhi Air Cargo,Atlanta Air Hub,air,stormy,0.3903,43.68
Global_Freight,Dubai Logistics Hub,Delhi Air Cargo,air,stormy,0.3628,22.3
Last_Mile,Regional Hub,Local Terminal,road,Clear,0.1554,2.99
Last_Mile,Houston Port,St. Louis Hub,rail,stormy,0.2121,35.77
Global_Freight,New York Port,Suez Canal,sea,rainy,0.2994,28.43
Last_Mile,Regional Hub,Local Terminal,road,rainy,0.3841,7.05
Global_Freight,Dubai Logistics Hub,Delhi Air Cargo,air,Clear,0.1054,3.99
Last_Mile,Regional Hub,Local Terminal,road,rainy,0.1833,3.4
Global_Freight,Delhi Air Cargo,Dubai Logistics Hub,air,stormy,0.0256,7.04
Global_Freight,Atlanta Air Hub,Delhi Air Cargo,air,Clear,0.1112,8.2
Last_Mile,Regional Hub,Local Terminal,road,rainy,0.184,4.42
Global_Freight,Atlanta Air Hub,Dubai Logistics Hub,air,stormy,0.0425,9.52
Last_Mile,Regional Hub,Local Terminal,road,stormy,0.0692,0.9
Global_Freight,Atlanta Air Hub,Dubai Logistics Hub,air,rainy,0.0,2.79
Last_Mile,Houston Port,St. Louis Hub,rail,stormy,0.2339,43.82
Global_Freight,Atlanta Air Hub,Delhi Air Cargo,air,rainy,0.0573,0.75
Last_Mile,St. Louis Hub,Chicago Rail Hub,rail,stormy,0.0208,6.01
Last_Mile,Regional Hub,Local Terminal,road,stormy,0.0594,1.85
Global_Freight,Atlanta Air Hub,Delhi Air Cargo,air,Clear,0.3453,18.62
Last_Mile,Regional Hub,Local Terminal,road,rainy,0.0,0.69
Last_Mile,Houston Port,St. Louis Hub,rail,rainy,0.4018,26.27
Last_Mile,Houston Port,St. Louis Hub,rail,rainy,0.1707,18.65
Last_Mile,Regional Hub,Local Terminal,road,Clear,0.1765,3.74
Last_Mile,Dallas Corridor,Houston Port,rail,stormy,0.1225,13.0
Global_Freight,Delhi Air Cargo,Atlanta Air Hub,air,Clear,0.0159,7.77
Global_Freight,Rotterdam Port,Seattle Port,sea,Clear,0.1963,14.1
Last_Mile,Regional Hub,Local Terminal,road,rainy,0.0,2.48
Global_Freight,Atlanta Air Hub,Dubai Logistics Hub,air,Clear,0.1605,13.27
Last_Mile,Chicago Rail Hub,Houston Port,rail,Clear,0.2368,32.81
Last_Mile,Regional Hub,Local Terminal,road,rainy,0.2593,2.69
Global_Freight,Suez Canal,Singapore Port,sea,rainy,0.0756,14.95
Global_Freight,New York Port,Los Angeles Port,sea,Clear,0.0,11.4
Global_Freight,Singapore Port,New York Port,sea,rainy,0.2187,17.17
Last_Mile,Houston Port,Dallas Corridor,rail,stormy,0.2629,24.96
Global_Freight,Delhi Air Cargo,Atlanta Air Hub,air,stormy,0.2715,17.12
Global_Freight,New York Port,Shanghai Port,sea,stormy,0.1165,22.95
Last_Mile,Regional Hub,Local Terminal,road,Clear,0.0,2.26
Last_Mile,Chicago Rail Hub,Houston Port,rail,Clear,0.2172,26.79
Last_Mile,Chicago Rail Hub,Dallas Corridor,rail,Clear,0.2559,34.64
Global_Freight,Atlanta Air Hub,Delhi Air Cargo,air,rainy,0.1697,6.45
Global_Freight,Atlanta Air Hub,Dubai Logistics Hub,air,Clear,0.4217,27.81
Last_Mile,Houston Port,Dallas Corridor,rail,stormy,0.0335,5.93
Last_Mile,Chicago Rail Hub,St. Louis Hub,rail,stormy,0.2361,52.58
Global_Freight,Suez Canal,Seattle Port,sea,rainy,0.0,9.73
Last_Mile,Houston Port,St. Louis Hub,rail,Clear,0.2957,50.37
Last_Mile,Dallas Corridor,Houston Port,rail,rainy,0.1927,23.49
Last_Mile,Regional Hub,Local Terminal,road,Clear,0.0095,2.29
Last_Mile,Chicago Rail Hub,Houston Port,rail,Clear,0.0851,7.73
Last_Mile,Chicago Rail Hub,Houston Port,rail,stormy,0.1113,26.21
Global_Freight,Dubai Logistics Hub,Delhi Air Cargo,air,rainy,0.1573,2.53
Global_Freight,Dubai Logistics Hub,Delhi Air Cargo,air,rainy,0.0,5.14
Global_Freight,Mumbai Port,Shanghai Port,sea,Clear,0.1889,50.0
Last_Mile,Regional Hub,Local Terminal,road,stormy,0.0351,7.08
Global_Freight,Suez Canal,Singapore Port,sea,rainy,0.1899,11.14
Last_Mile,St. Louis Hub,Dallas Corridor,rail,stormy,0.0591,21.87
Global_Freight,Atlanta Air Hub,Dubai Logistics Hub,air,stormy,0.2084,6.13
Global_Freight,New York Port,Los Angeles Port,sea,Clear,0.1583,33.5
Global_Freight,Dubai Logistics Hub,Delhi Air Cargo,air,stormy,0.058,7.37
Last_Mile,Houston Port,Dallas Corridor,rail,stormy,0.283,34.34
Last_Mile,Chicago Rail Hub,Houston Port,rail,rainy,0.0149,8.3
Global_Freight,Dubai Logistics Hub,Atlanta Air Hub,air,rainy,0.3537,13.86
Global_Freight,Delhi Air Cargo,Atlanta Air Hub,air,rainy,0.1547,19.3
Last_Mile,Houston Port,Dallas Corridor,rail,Clear,0.1464,49.94
Global_Freight,Los Angeles Port,Suez Canal,sea,rainy,0.0979,45.92
Last_Mile,Chicago Rail Hub,Dallas Corridor,rail,rainy,0.0919,17.63
Global_Freight,Singapore Port,Seattle Port,sea,stormy,0.2546,13.75
Global_Freight,Dubai Logistics Hub,Delhi Air Cargo,air,Clear,0.2927,6.97
Global_Freight,Rotterdam Port,New York Port,sea,rainy,0.2171,23.53
Global_Freight,Suez Canal,Mumbai Port,sea,Clear,0.0154,3.57
Last_Mile,Regional Hub,Local Terminal,road,stormy,0.0252,5.7
Last_Mile,Houston Port,Chicago Rail Hub,rail,rainy,0.1064,21.43
Last_Mile,Regional Hub,Local Terminal,road,stormy,0.0947,2.31
Global_Freight,Dubai Logistics Hub,Atlanta Air Hub,air,stormy,0.0557,4.13
Last_Mile,Dallas Corridor,Houston Port,rail,Clear,0.069,15.49
Last_Mile,Houston Port,St. Louis Hub,rail,Clear,0.0281,15.82
Last_Mile,Chicago Rail Hub,Dallas Corridor,rail,rainy,0.282,22.65
Last_Mile,Houston Port,Dallas Corridor,rail,rainy,0.0,11.06
Global_Freight,Seattle Port,Suez Canal,sea,Clear,0.1013,32.99
Global_Freight,Dubai Logistics Hub,Delhi Air Cargo,air,Clear,0.2003,8.28
Global_Freight,Delhi Air Cargo,Atlanta Air Hub,air,Clear,0.0229,16.0
Global_Freight,Atlanta Air Hub,Dubai Logistics Hub,air,rainy,0.7585,52.71
Last_Mile,Regional Hub,Local Terminal,road,rainy,0.0032,1.47
Last_Mile,Regional Hub,Local Terminal,road,rainy,0.106,0.86
Global_Freight,Dubai Logistics Hub,Delhi Air Cargo,air,stormy,0.0769,8.33
Global_Freight,Mumbai Port,Singapore Port,sea,Clear,0.0429,26.51
Global_Freight,Mumbai Port,Rotterdam Port,sea,rainy,0.1927,26.79
Global_Freight,Dubai Logistics Hub,Delhi Air Cargo,air,stormy,0.1854,2.82
Last_Mile,Dallas Corridor,Chicago Rail Hub,rail,rainy,0.3455,24.62
Last_Mile,Regional Hub,Local Terminal,road,Clear,0.151,2.14
Global_Freight,Atlanta Air Hub,Delhi Air Cargo,air,rainy,0.013,7.88
Global_Freight,Atlanta Air Hub,Dubai Logistics Hub,air,Clear,0.125,7.13
Last_Mile,Dallas Corridor,St. Louis Hub,rail,rainy,0.3883,28.82
Global_Freight,New York Port,Mumbai Port,sea,stormy,0.0,7.44
Last_Mile,Regional Hub,Local Terminal,road,rainy,0.0597,3.62
Global_Freight,Mumbai Port,Seattle Port,sea,Clear,0.0254,7.4
Global_Freight,Atlanta Air Hub,Dubai Logistics Hub,air,stormy,0.2548,17.12
Global_Freight,New York Port,Seattle Port,sea,Clear,0.2431,17.21
Global_Freight,Dubai Logistics Hub,Atlanta Air Hub,air,rainy,0.304,10.78
Last_Mile,Houston Port,Dallas Corridor,rail,Clear,0.1086,27.25
Last_Mile,Regional Hub,Local Terminal,road,rainy,0.1806,0.41
Last_Mile,Regional Hub,Local Terminal,road,Clear,0.0,3.47
Global_Freight,Atlanta Air Hub,Delhi Air Cargo,air,rainy,0.2299,9.41
Last_Mile,Regional Hub,Local Terminal,road,stormy,0.223,5.11
Global_Freight,Delhi Air Cargo,Dubai Logistics Hub,air,Clear,0.1077,37.78
Global_Freight,Rotterdam Port,Los Angeles Port,sea,Clear,0.1694,21.52
Last_Mile,St. Louis Hub,Houston Port,rail,stormy,0.1434,46.52
Global_Freight,Atlanta Air Hub,Delhi Air Cargo,air,rainy,0.8028,46.73
Global_Freight,Seattle Port,Suez Canal,sea,Clear,0.1902,41.72
Last_Mile,St. Louis Hub,Houston Port,rail,stormy,0.1108,10.02
Last_Mile,Dallas Corridor,Chicago Rail Hub,rail,stormy,0.2492,15.79
Last_Mile,St. Louis Hub,Dallas Corridor,rail,stormy,0.4691,36.67
Last_Mile,Regional Hub,Local Terminal,road,Clear,0.062,2.1
Last_Mile,Regional Hub,Local Terminal,road,stormy,0.062,4.4
Global_Freight,Delhi Air Cargo,Atlanta Air Hub,air,Clear,0.0484,10.65
Global_Freight,Dubai Logistics Hub,Atlanta Air Hub,air,Clear,0.3498,8.01
Last_Mile,St. Louis Hub,Houston Port,rail,rainy,0.7612,62.84
Last_Mile,St. Louis Hub,Chicago Rail Hub,rail,stormy,0.1378,5.62
Last_Mile,Regional Hub,Local Terminal,road,stormy,0.0994,1.46
Global_Freight,Delhi Air Cargo,Dubai Logistics Hub,air,stormy,0.1294,6.51
Global_Freight,Los Angeles Port,Seattle Port,sea,Clear,0.0,20.08
Global_Freight,Dubai Logistics Hub,Delhi Air Cargo,air,rainy,0.4772,21.19
Global_Freight,Delhi Air Cargo,Atlanta Air Hub,air,stormy,0.2731,22.63
Last_Mile,Houston Port,Chicago Rail Hub,rail,stormy,0.142,23.98
Last_Mile,Regional Hub,Local Terminal,road,stormy,0.0,4.46
Last_Mile,Dallas Corridor,St. Louis Hub,rail,rainy,0.6621,64.74
Global_Freight,Suez Canal,Seattle Port,sea,rainy,0.1522,11.0
Global_Freight,Dubai Logistics Hub,Delhi Air Cargo,air,Clear,0.3118,7.09
Global_Freight,Los Angeles Port,Mumbai Port,sea,stormy,0.0122,50.88
Last_Mile,Regional Hub,Local Terminal,road,rainy,0.1708,3.46
Last_Mile,Chicago Rail Hub,Dallas Corridor,rail,Clear,0.0,10.09
Global_Freight,Dubai Logistics Hub,Delhi Air Cargo,air,stormy,0.1959,4.14
Global_Freight,Dubai Logistics Hub,Delhi Air Cargo,air,Clear,0.0,1.31
Global_Freight,Dubai Logistics Hub,Delhi Air Cargo,air,stormy,0.0657,4.61
Global_Freight,Seattle Port,Shanghai Port,sea,stormy,0.0,41.75
Global_Freight,Shanghai Port,Suez Canal,sea,Clear,0.2833,47.51
Last_Mile,Regional Hub,Local Terminal,road,stormy,0.1662,3.95
Last_Mile,St. Louis Hub,Houston Port,rail,stormy,0.0631,13.42
Global_Freight,Delhi Air Cargo,Dubai Logistics Hub,air,rainy,0.0,3.34
Global_Freight,Dubai Logistics Hub,Delhi Air Cargo,air,rainy,0.2876,4.29
Last_Mile,Regional Hub,Local Terminal,road,Clear,0.0828,2.77
Last_Mile,Regional Hub,Local Terminal,road,stormy,0.178,6.39
Global_Freight,Atlanta Air Hub,Delhi Air Cargo,air,stormy,0.0,9.64
Global_Freight,Rotterdam Port,Shanghai Port,sea,rainy,0.0837,34.33
Global_Freight,New York Port,Shanghai Port,sea,stormy,0.0861,28.22
Global_Freight,Delhi Air Cargo,Dubai Logistics Hub,air,rainy,0.3722,14.27
Global_Freight,New York Port,Seattle Port,sea,Clear,0.0608,12.63
Global_Freight,Los Angeles Port,Mumbai Port,sea,rainy,0.0,59.36
Last_Mile,Regional Hub,Local Terminal,road,Clear,0.0632,0.74
Global_Freight,Dubai Logistics Hub,Delhi Air Cargo,air,stormy,0.2677,5.93
Global_Freight,Shanghai Port,Los Angeles Port,sea,Clear,0.1984,20.02
Global_Freight,Los Angeles Port,Singapore Port,sea,rainy,0.2205,86.46
Global_Freight,Seattle Port,Suez Canal,sea,Clear,0.0949,10.54
Global_Freight,Mumbai Port,Singapore Port,sea,Clear,0.1544,44.2
Global_Freight,Dubai Logistics Hub,Atlanta Air Hub,air,Clear,0.3187,5.0
Global_Freight,Atlanta Air Hub,Delhi Air Cargo,air,Clear,0.3006,22.56
Last_Mile,Regional Hub,Local Terminal,road,stormy,0.0271,2.62
Last_Mile,St. Louis Hub,Dallas Corridor,rail,rainy,0.183,26.28
Last_Mile,Regional Hub,Local Terminal,road,stormy,0.0,0.63
Global_Freight,Suez Canal,New York Port,sea,rainy,0.0764,17.21
Global_Freight,Delhi Air Cargo,Atlanta Air Hub,air,Clear,0.1961,20.5
Global_Freight,Dubai Logistics Hub,Delhi Air Cargo,air,Clear,0.0628,2.73
Last_Mile,St. Louis Hub,Dallas Corridor,rail,rainy,0.0203,3.36
Last_Mile,St. Louis Hub,Chicago Rail Hub,rail,stormy,0.388,47.26
Global_Freight,Atlanta Air Hub,Delhi Air Cargo,air,Clear,0.3474,30.14
Last_Mile,Chicago Rail Hub,Dallas Corridor,rail,Clear,0.407,39.81
Global_Freight,Mumbai Port,Seattle Port,sea,Clear,0.3315,42.18
Global_Freight,Atlanta Air Hub,Delhi Air Cargo,air,Clear,0.1097,11.99
Last_Mile,Chicago Rail Hub,Houston Port,rail,rainy,0.0812,20.77
Last_Mile,Dallas Corridor,Houston Port,rail,Clear,0.1966,5.71
Last_Mile,St. Louis Hub,Houston Port,rail,stormy,0.1846,15.45
Last_Mile,Chicago Rail Hub,Houston Port,rail,Clear,0.0888,27.48
Last_Mile,Houston Port,St. Louis Hub,rail,stormy,0.0,18.78
Global_Freight,Delhi Air Cargo,Dubai Logistics Hub,air,Clear,0.1062,14.11
Global_Freight,Atlanta Air Hub,Dubai Logistics Hub,air,stormy,0.0541,3.98
Last_Mile,Regional Hub,Local Terminal,road,Clear,0.0,4.7
Last_Mile,Regional Hub,Local Terminal,road,rainy,0.0935,1.8
Last_Mile,Regional Hub,Local Terminal,road,Clear,0.3496,4.82
Global_Freight,Singapore Port,Mumbai Port,sea,rainy,0.1598,7.55
Last_Mile,Chicago Rail Hub,Dallas Corridor,rail,Clear,0.5383,67.18
Last_Mile,Regional Hub,Local Terminal,road,rainy,0.2014,3.41
Last_Mile,Regional Hub,Local Terminal,road,rainy,0.9411,23.34
Last_Mile,St. Louis Hub,Chicago Rail Hub,rail,Clear,0.0,18.46
Global_Freight,Atlanta Air Hub,Dubai Logistics Hub,air,Clear,0.1101,11.48
Global_Freight,Suez Canal,Mumbai Port,sea,stormy,0.0311,2.25
Last_Mile,Regional Hub,Local Terminal,road,Clear,0.0286,3.19
Last_Mile,Regional Hub,Local Terminal,road,rainy,0.2418,4.07
Global_Freight,Singapore Port,Rotterdam Port,sea,rainy,0.0976,2.15
Global_Freight,Dubai Logistics Hub,Atlanta Air Hub,air,stormy,0.1982,6.6
Last_Mile,St. Louis Hub,Chicago Rail Hub,rail,Clear,0.4739,50.27
Global_Freight,Singapore Port,Suez Canal,sea,rainy,0.2347,46.06
Global_Freight,New York Port,Singapore Port,sea,stormy,0.1472,35.23
Global_Freight,Dubai Logistics Hub,Delhi Air Cargo,air,rainy,0.0547,4.28
Last_Mile,Regional Hub,Local Terminal,road,rainy,0.1967,4.06
Global_Freight,Delhi Air Cargo,Dubai Logistics Hub,air,rainy,0.278,15.68
Last_Mile,Regional Hub,Local Terminal,road,Clear,0.1515,2.15
Global_Freight,Dubai Logistics Hub,Delhi Air Cargo,air,rainy,0.0,4.59
Last_Mile,Chicago Rail Hub,St. Louis Hub,rail,stormy,0.0601,20.73
Last_Mile,Dallas Corridor,Chicago Rail Hub,rail,stormy,0.1455,13.46
Global_Freight,New York Port,Mumbai Port,sea,Clear,0.2007,9.4
Global_Freight,Atlanta Air Hub,Dubai Logistics Hub,air,rainy,0.0,7.0
Last_Mile,St. Louis Hub,Houston Port,rail,stormy,0.2353,14.51
Global_Freight,Delhi Air Cargo,Dubai Logistics Hub,air,rainy,0.2497,16.81
Last_Mile,Regional Hub,Local Terminal,road,Clear,0.1444,3.68
Global_Freight,Atlanta Air Hub,Dubai Logistics Hub,air,rainy,0.2322,9.43
Last_Mile,Regional Hub,Local Terminal,road,Clear,0.1452,5.16
Last_Mile,Houston Port,Chicago Rail Hub,rail,stormy,0.113,26.21
Last_Mile,Regional Hub,Local Terminal,road,stormy,0.1685,0.32
Global_Freight,Dubai Logistics Hub,Delhi Air Cargo,air,rainy,0.4375,18.79
Global_Freight,New York Port,Singapore Port,sea,rainy,0.1307,6.76
Global_Freight,New York Port,Mumbai Port,sea,Clear,0.2121,77.14
Last_Mile,Chicago Rail Hub,Dallas Corridor,rail,stormy,0.2105,6.48
Last_Mile,Regional Hub,Local Terminal,road,stormy,0.2042,5.33
Last_Mile,Regional Hub,Local Terminal,road,stormy,0.1341,4.99
Global_Freight,Atlanta Air Hub,Delhi Air Cargo,air,rainy,0.212,11.72
Last_Mile,Chicago Rail Hub,Houston Port,rail,Clear,0.4042,36.61
Global_Freight,Mumbai Port,New York Port,sea,stormy,0.0,23.97
Last_Mile,Chicago Rail Hub,Dallas Corridor,rail,rainy,0.1007,6.92
Global_Freight,Delhi Air Cargo,Dubai Logistics Hub,air,Clear,0.1251,12.75
Last_Mile,Dallas Corridor,Houston Port,rail,stormy,0.2168,19.79
Last_Mile,Regional Hub,Local Terminal,road,rainy,0.1032,2.49
Global_Freight,Atlanta Air Hub,Delhi Air Cargo,air,stormy,0.1721,3.72
Last_Mile,Chicago Rail Hub,Houston Port,rail,rainy,0.0,13.82
Last_Mile,Houston Port,Dallas Corridor,rail,rainy,0.1525,15.02
Global_Freight,Mumbai Port,Shanghai Port,sea,stormy,0.4316,137.48
Global_Freight,Dubai Logistics Hub,Atlanta Air Hub,air,rainy,0.0497,4.03
Global_Freight,Atlanta Air Hub,Dubai Logistics Hub,air,stormy,0.3089,21.3
Last_Mile,Regional Hub,Local Terminal,road,rainy,0.2525,4.71
Global_Freight,Dubai Logistics Hub,Atlanta Air Hub,air,stormy,0.3159,11.85
Global_Freight,Rotterdam Port,New York Port,sea,rainy,0.0621,12.27
Global_Freight,Rotterdam Port,Los Angeles Port,sea,Clear,0.0734,29.69
Global_Freight,Los Angeles Port,Shanghai Port,sea,stormy,0.2009,21.2
Global_Freight,Shanghai Port,Suez Canal,sea,Clear,0.1463,10.46
Last_Mile,Regional Hub,Local Terminal,road,Clear,0.1592,3.64
Last_Mile,Dallas Corridor,Houston Port,rail,Clear,0.1122,21.23
Last_Mile,Regional Hub,Local Terminal,road,rainy,0.0532,5.6
Global_Freight,Suez Canal,Mumbai Port,sea,rainy,0.0709,6.07
Global_Freight,Atlanta Air Hub,Delhi Air Cargo,air,stormy,0.0157,2.32
Last_Mile,Regional Hub,Local Terminal,road,rainy,0.0,0.34
Last_Mile,Regional Hub,Local Terminal,road,Clear,0.0967,2.29
Global_Freight,Dubai Logistics Hub,Delhi Air Cargo,air,Clear,0.2197,4.58
Global_Freight,Mumbai Port,Rotterdam Port,sea,Clear,0.2069,37.6
Last_Mile,Houston Port,St. Louis Hub,rail,rainy,0.2527,58.74
Global_Freight,Los Angeles Port,Mumbai Port,sea,Clear,0.2411,73.97
Global_Freight,Dubai Logistics Hub,Delhi Air Cargo,air,stormy,0.1754,18.78
Last_Mile,Regional Hub,Local Terminal,road,rainy,0.374,10.05
Last_Mile,Regional Hub,Local Terminal,road,stormy,0.0,3.84
Global_Freight,Los Angeles Port,Suez Canal,sea,stormy,0.0657,55.35
Last_Mile,St. Louis Hub,Chicago Rail Hub,rail,rainy,0.1305,27.12
Last_Mile,Regional Hub,Local Terminal,road,Clear,0.0842,2.71
Global_Freight,Atlanta Air Hub,Dubai Logistics Hub,air,stormy,0.0,6.06
Global_Freight,Delhi Air Cargo,Atlanta Air Hub,air,rainy,0.1332,3.48
Last_Mile,St. Louis Hub,Chicago Rail Hub,rail,stormy,0.4309,20.9
Last_Mile,Regional Hub,Local Terminal,road,Clear,0.1338,4.51
Last_Mile,Houston Port,St. Louis Hub,rail,stormy,0.0,14.23
Last_Mile,Regional Hub,Local Terminal,road,stormy,0.2484,4.32
Last_Mile,Houston Port,St. Louis Hub,rail,rainy,0.0,13.27
Last_Mile,Chicago Rail Hub,Dallas Corridor,rail,rainy,0.2504,20.13
Last_Mile,Regional Hub,Local Terminal,road,rainy,0.1503,2.2
Global_Freight,Delhi Air Cargo,Dubai Logistics Hub,air,Clear,0.203,32.17
Global_Freight,Atlanta Air Hub,Delhi Air Cargo,air,rainy,0.2867,18.39
Global_Freight,Los Angeles Port,New York Port,sea,stormy,0.132,45.76
Last_Mile,Regional Hub,Local Terminal,road,rainy,0.2051,1.65
Last_Mile,Chicago Rail Hub,Houston Port,rail,rainy,0.0482,7.69
Global_Freight,Singapore Port,Shanghai Port,sea,Clear,0.2178,29.26
Global_Freight,Atlanta Air Hub,Delhi Air Cargo,air,rainy,0.2525,18.29
Last_Mile,Regional Hub,Local Terminal,road,Clear,0.2129,7.16
Last_Mile,Regional Hub,Local Terminal,road,rainy,0.2007,9.8
Last_Mile,Dallas Corridor,Houston Port,rail,rainy,0.0576,8.9
Global_Freight,Seattle Port,Singapore Port,sea,Clear,0.1931,37.0
Global_Freight,Dubai Logistics Hub,Atlanta Air Hub,air,Clear,0.1239,3.45
Last_Mile,Regional Hub,Local Terminal,road,rainy,0.0,1.12
Global_Freight,Atlanta Air Hub,Delhi Air Cargo,air,Clear,0.185,8.93
Last_Mile,Dallas Corridor,Houston Port,rail,Clear,0.2504,21.4
Last_Mile,Regional Hub,Local Terminal,road,Clear,0.2697,6.44
Last_Mile,Regional Hub,Local Terminal,road,rainy,0.0013,5.33
Last_Mile,Regional Hub,Local Terminal,road,Clear,0.2204,8.55
Last_Mile,Regional Hub,Local Terminal,road,Clear,0.1739,0.47
Last_Mile,Chicago Rail Hub,St. Louis Hub,rail,rainy,0.0517,3.86
Global_Freight,Los Angeles Port,Seattle Port,sea,Clear,0.1464,48.79
Last_Mile,St. Louis Hub,Houston Port,rail,Clear,0.1221,6.79
Global_Freight,Delhi Air Cargo,Dubai Logistics Hub,air,Clear,0.3703,30.36
Last_Mile,Regional Hub,Local Terminal,road,Clear,0.1731,4.31
Global_Freight,Atlanta Air Hub,Delhi Air Cargo,air,Clear,0.2796,20.42
Last_Mile,Regional Hub,Local Terminal,road,Clear,0.0462,2.41
Last_Mile,Dallas Corridor,Chicago Rail Hub,rail,Clear,0.0664,22.9
Global_Freight,Dubai Logistics Hub,Atlanta Air Hub,air,Clear,0.0,1.58
Global_Freight,Atlanta Air Hub,Delhi Air Cargo,air,Clear,0.3689,18.01
Global_Freight,Rotterdam Port,Seattle Port,sea,rainy,0.1399,23.18
Last_Mile,Regional Hub,Local Terminal,road,stormy,0.0327,2.8
Last_Mile,Regional Hub,Local Terminal,road,stormy,0.0466,2.15
Last_Mile,St. Louis Hub,Chicago Rail Hub,rail,stormy,0.3924,22.03
Last_Mile,Dallas Corridor,St. Louis Hub,rail,Clear,0.1716,21.34
Last_Mile,Regional Hub,Local Terminal,road,Clear,0.085,6.12
Last_Mile,Regional Hub,Local Terminal,road,Clear,0.1599,6.78
Last_Mile,Regional Hub,Local Terminal,road,stormy,0.0932,1.78
Global_Freight,New York Port,Los Angeles Port,sea,stormy,0.0058,8.46
Global_Freight,Dubai Logistics Hub,Atlanta Air Hub,air,stormy,0.0968,9.38
Global_Freight,New York Port,Singapore Port,sea,stormy,0.0662,2.2
Last_Mile,Houston Port,St. Louis Hub,rail,stormy,0.2576,46.59
Global_Freight,Dubai Logistics Hub,Atlanta Air Hub,air,rainy,0.0,2.92
Last_Mile,Regional Hub,Local Terminal,road,stormy,0.1563,1.86
Global_Freight,New York Port,Rotterdam Port,sea,Clear,0.1348,27.95
Last_Mile,Dallas Corridor,St. Louis Hub,rail,stormy,0.0713,7.72
Global_Freight,Los Angeles Port,New York Port,sea,rainy,0.0,15.39
Last_Mile,Regional Hub,Local Terminal,road,stormy,0.0276,0.66
Last_Mile,Houston Port,St. Louis Hub,rail,stormy,0.56,70.9
Global_Freight,Seattle Port,Rotterdam Port,sea,Clear,0.0,16.94
Global_Freight,Atlanta Air Hub,Delhi Air Cargo,air,rainy,0.3096,12.18
Last_Mile,Dallas Corridor,Houston Port,rail,rainy,0.2364,32.49
Last_Mile,Regional Hub,Local Terminal,road,rainy,0.001,0.13
Last_Mile,Regional Hub,Local Terminal,road,stormy,0.2061,7.56
Last_Mile,Regional Hub,Local Terminal,road,stormy,0.0292,2.49
Global_Freight,Dubai Logistics Hub,Atlanta Air Hub,air,rainy,0.0945,5.0
Last_Mile,Chicago Rail Hub,Dallas Corridor,rail,rainy,0.2708,42.34
Last_Mile,Regional Hub,Local Terminal,road,stormy,0.2306,9.92
Global_Freight,Rotterdam Port,New York Port,sea,Clear,0.4014,53.28
Last_Mile,Regional Hub,Local Terminal,road,Clear,0.0,2.33
Last_Mile,Regional Hub,Local Terminal,road,Clear,0.2181,5.71
Global_Freight,Singapore Port,New York Port,sea,Clear,0.0,7.6
Global_Freight,Delhi Air Cargo,Atlanta Air Hub,air,rainy,0.0,7.48
Global_Freight,Delhi Air Cargo,Dubai Logistics Hub,air,Clear,0.1535,15.06
Last_Mile,Regional Hub,Local Terminal,road,Clear,0.1235,3.25
Last_Mile,Regional Hub,Local Terminal,road,Clear,0.0359,4.01
Last_Mile,Regional Hub,Local Terminal,road,stormy,0.2076,3.02
Last_Mile,Dallas Corridor,Houston Port,rail,stormy,0.3019,14.22
Last_Mile,Regional Hub,Local Terminal,road,stormy,0.0,1.2
Last_Mile,St. Louis Hub,Houston Port,rail,Clear,0.2235,16.56
Global_Freight,Atlanta Air Hub,Delhi Air Cargo,air,Clear,0.2635,16.42
Global_Freight,Atlanta Air Hub,Delhi Air Cargo,air,Clear,0.318,13.76
Last_Mile,Regional Hub,Local Terminal,road,stormy,0.2867,10.07
Last_Mile,Regional Hub,Local Terminal,road,Clear,0.0681,1.23
Last_Mile,Chicago Rail Hub,Dallas Corridor,rail,Clear,0.4091,42.11
Last_Mile,Regional Hub,Local Terminal,road,stormy,0.0937,2.71
Global_Freight,New York Port,Mumbai Port,sea,Clear,0.095,14.0
Last_Mile,Regional Hub,Local Terminal,road,rainy,0.0,4.19
Global_Freight,Dubai Logistics Hub,Atlanta Air Hub,air,rainy,0.1508,7.3
Global_Freight,Delhi Air Cargo,Atlanta Air Hub,air,rainy,0.2846,12.84
Global_Freight,Delhi Air Cargo,Dubai Logistics Hub,air,rainy,0.4514,45.81
Global_Freight,Los Angeles Port,New York Port,sea,stormy,0.2142,27.7
Last_Mile,St. Louis Hub,Dallas Corridor,rail,stormy,0.1514,20.87
Last_Mile,St. Louis Hub,Chicago Rail Hub,rail,Clear,0.2508,22.32
Global_Freight,Atlanta Air Hub,Dubai Logistics Hub,air,stormy,0.0382,5.84
Global_Freight,Singapore Port,Seattle Port,sea,Clear,0.0824,12.61
Global_Freight,Singapore Port,Los Angeles Port,sea,rainy,0.1281,18.83
Last_Mile,Dallas Corridor,St. Louis Hub,rail,rainy,0.096,29.53
Global_Freight,Suez Canal,Singapore Port,sea,rainy,0.0989,12.89
Global_Freight,Atlanta Air Hub,Dubai Logistics Hub,air,Clear,0.5976,31.49
Global_Freight,Seattle Port,Shanghai Port,sea,stormy,0.1574,14.49
Global_Freight,Atlanta Air Hub,Dubai Logistics Hub,air,stormy,0.2257,15.97
Global_Freight,Dubai Logistics Hub,Atlanta Air Hub,air,Clear,0.055,4.08
Global_Freight,Singapore Port,Shanghai Port,sea,Clear,0.408,31.57
Global_Freight,Dubai Logistics Hub,Atlanta Air Hub,air,rainy,0.1264,5.85
Last_Mile,St. Louis Hub,Chicago Rail Hub,rail,Clear,0.1369,0.51
Last_Mile,Regional Hub,Local Terminal,road,rainy,0.3491,12.18
Last_Mile,St. Louis Hub,Chicago Rail Hub,rail,Clear,0.0,4.9
Last_Mile,Regional Hub,Local Terminal,road,rainy,0.1385,1.65
Last_Mile,Houston Port,Chicago Rail Hub,rail,Clear,0.4148,28.02
Last_Mile,Dallas Corridor,St. Louis Hub,rail,Clear,0.2029,9.22
Last_Mile,Houston Port,St. Louis Hub,rail,stormy,0.0,22.51
Last_Mile,Chicago Rail Hub,St. Louis Hub,rail,stormy,0.3592,39.56
Global_Freight,Atlanta Air Hub,Delhi Air Cargo,air,Clear,0.2,7.88
Last_Mile,Houston Port,Dallas Corridor,rail,stormy,0.1826,34.49
Last_Mile,Chicago Rail Hub,St. Louis Hub,rail,rainy,0.2817,29.49
Last_Mile,St. Louis Hub,Chicago Rail Hub,rail,rainy,0.0,3.63
Global_Freight,New York Port,Shanghai Port,sea,stormy,0.0067,28.13
Last_Mile,Dallas Corridor,Chicago Rail Hub,rail,rainy,0.2903,30.82
Global_Freight,Delhi Air Cargo,Dubai Logistics Hub,air,stormy,0.3101,38.83
Last_Mile,Chicago Rail Hub,Dallas Corridor,rail,stormy,0.1723,14.49
Global_Freight,Suez Canal,Shanghai Port,sea,stormy,0.2104,11.75
Last_Mile,Regional Hub,Local Terminal,road,stormy,0.0384,4.14
Last_Mile,Regional Hub,Local Terminal,road,Clear,0.2408,6.21
Global_Freight,Shanghai Port,Los Angeles Port,sea,rainy,0.4336,63.92
Global_Freight,Suez Canal,New York Port,sea,Clear,0.1948,5.52
Last_Mile,Regional Hub,Local Terminal,road,rainy,0.2433,2.89
Global_Freight,Singapore Port,Shanghai Port,sea,stormy,0.051,31.39
Global_Freight,Rotterdam Port,Singapore Port,sea,stormy,0.2653,28.89
Global_Freight,Dubai Logistics Hub,Atlanta Air Hub,air,Clear,0.429,13.65
Last_Mile,Regional Hub,Local Terminal,road,stormy,0.0705,0.28
Last_Mile,Regional Hub,Local Terminal,road,rainy,0.138,3.21
Global_Freight,Delhi Air Cargo,Dubai Logistics Hub,air,stormy,0.34,41.0
Last_Mile,Regional Hub,Local Terminal,road,Clear,0.0926,4.24
Global_Freight,Dubai Logistics Hub,Atlanta Air Hub,air,Clear,0.1817,4.29
Last_Mile,Regional Hub,Local Terminal,road,rainy,0.0733,2.33
Last_Mile,Dallas Corridor,Houston Port,rail,stormy,0.4969,48.3
Last_Mile,St. Louis Hub,Chicago Rail Hub,rail,Clear,0.0,8.92
Last_Mile,Regional Hub,Local Terminal,road,rainy,0.3203,7.95
Last_Mile,Houston Port,Chicago Rail Hub,rail,rainy,0.0,3.39
Global_Freight,Mumbai Port,Seattle Port,sea,stormy,0.2805,70.3
Last_Mile,Dallas Corridor,Chicago Rail Hub,rail,Clear,0.0506,3.61
Last_Mile,Regional Hub,Local Terminal,road,stormy,0.2576,1.9
Global_Freight,Suez Canal,Seattle Port,sea,stormy,0.1568,11.35
Global_Freight,Los Angeles Port,Shanghai Port,sea,rainy,0.132,46.95
Last_Mile,Regional Hub,Local Terminal,road,Clear,0.142,6.79
Global_Freight,Seattle Port,Mumbai Port,sea,Clear,0.2312,15.6
Global_Freight,Los Angeles Port,Singapore Port,sea,stormy,0.3064,58.29
Last_Mile,Dallas Corridor,Houston Port,rail,stormy,0.7946,94.47
Last_Mile,Regional Hub,Local Terminal,road,rainy,0.1143,0.61
Last_Mile,St. Louis Hub,Houston Port,rail,rainy,0.7373,62.08
Last_Mile,St. Louis Hub,Dallas Corridor,rail,rainy,0.0469,6.63
Last_Mile,Regional Hub,Local Terminal,road,stormy,0.1513,5.04
Last_Mile,Regional Hub,Local Terminal,road,Clear,0.2138,4.47
Last_Mile,Regional Hub,Local Terminal,road,rainy,0.0049,2.12
Global_Freight,Rotterdam Port,Singapore Port,sea,stormy,0.0228,17.6
Last_Mile,Houston Port,Dallas Corridor,rail,stormy,0.26,35.96
Last_Mile,Regional Hub,Local Terminal,road,stormy,0.0767,3.0
Global_Freight,Delhi Air Cargo,Dubai Logistics Hub,air,stormy,0.4175,24.04
Last_Mile,Regional Hub,Local Terminal,road,rainy,0.4097,7.9
Last_Mile,Regional Hub,Local Terminal,road,rainy,0.1258,1.11
Global_Freight,Suez Canal,Los Angeles Port,sea,stormy,0.0,10.12
Last_Mile,Houston Port,Chicago Rail Hub,rail,Clear,0.1618,26.98
Global_Freight,Los Angeles Port,Suez Canal,sea,Clear,0.0,25.52
Last_Mile,Regional Hub,Local Terminal,road,stormy,0.0098,0.94
Global_Freight,Shanghai Port,Mumbai Port,sea,rainy,0.2089,45.61
Last_Mile,Chicago Rail Hub,St. Louis Hub,rail,Clear,0.1584,13.56
Last_Mile,Regional Hub,Local Terminal,road,Clear,0.2884,4.74
Global_Freight,Shanghai Port,Singapore Port,sea,Clear,0.0558,30.21
Last_Mile,Chicago Rail Hub,Dallas Corridor,rail,rainy,0.0775,13.33
Last_Mile,Dallas Corridor,Chicago Rail Hub,rail,Clear,0.0,7.04
Last_Mile,Regional Hub,Local Terminal,road,stormy,0.1567,7.25
Global_Freight,Suez Canal,New York Port,sea,stormy,0.0954,17.14
Global_Freight,Seattle Port,Mumbai Port,sea,stormy,0.0263,26.69
Last_Mile,Chicago Rail Hub,St. Louis Hub,rail,Clear,0.4668,48.12
Last_Mile,Houston Port,Dallas Corridor,rail,rainy,0.092,22.01
Last_Mile,Regional Hub,Local Terminal,road,Clear,0.4567,7.39
Global_Freight,Seattle Port,Singapore Port,sea,rainy,0.0908,4.52
Global_Freight,Shanghai Port,Mumbai Port,sea,Clear,0.2331,49.91
Last_Mile,Regional Hub,Local Terminal,road,Clear,0.0457,2.75
Last_Mile,Regional Hub,Local Terminal,road,stormy,0.1213,2.0
Last_Mile,Dallas Corridor,Chicago Rail Hub,rail,rainy,0.1738,9.46
Last_Mile,St. Louis Hub,Houston Port,rail,stormy,0.3715,18.8
Global_Freight,Mumbai Port,Los Angeles Port,sea,stormy,0.2097,49.31
Global_Freight,Dubai Logistics Hub,Delhi Air Cargo,air,stormy,0.2649,5.32
Last_Mile,St. Louis Hub,Chicago Rail Hub,rail,rainy,0.261,14.46
Global_Freight,Delhi Air Cargo,Atlanta Air Hub,air,Clear,0.0755,7.25
Last_Mile,Chicago Rail Hub,Dallas Corridor,rail,rainy,0.0976,12.51
Global_Freight,Singapore Port,Mumbai Port,sea,stormy,0.1151,13.42
Last_Mile,Chicago Rail Hub,Dallas Corridor,rail,stormy,0.1926,18.72
Global_Freight,Suez Canal,Los Angeles Port,sea,stormy,0.1692,40.28
Global_Freight,Delhi Air Cargo,Atlanta Air Hub,air,stormy,0.0683,1.09
Last_Mile,Regional Hub,Local Terminal,road,stormy,0.2713,3.57
Global_Freight,Atlanta Air Hub,Delhi Air Cargo,air,Clear,0.1787,12.92
Last_Mile,Regional Hub,Local Terminal,road,rainy,0.0,2.09
Global_Freight,Shanghai Port,Seattle Port,sea,rainy,0.1715,15.46
Global_Freight,Los Angeles Port,Singapore Port,sea,stormy,0.0485,55.47
Global_Freight,Delhi Air Cargo,Dubai Logistics Hub,air,rainy,0.4092,30.34
Last_Mile,Regional Hub,Local Terminal,road,rainy,0.2082,7.21
Global_Freight,Mumbai Port,Shanghai Port,sea,Clear,0.183,55.73
Global_Freight,Dubai Logistics Hub,Atlanta Air Hub,air,rainy,0.2238,6.73
Last_Mile,Houston Port,Chicago Rail Hub,rail,rainy,0.0865,10.18
Last_Mile,Regional Hub,Local Terminal,road,stormy,0.3024,7.81
Global_Freight,Dubai Logistics Hub,Delhi Air Cargo,air,stormy,0.1012,6.75
Last_Mile,Regional Hub,Local Terminal,road,rainy,0.2962,9.11
Last_Mile,Regional Hub,Local Terminal,road,Clear,0.0229,1.11
Global_Freight,Delhi Air Cargo,Atlanta Air Hub,air,rainy,0.1895,11.74
Last_Mile,St. Louis Hub,Houston Port,rail,rainy,0.2139,25.47
Last_Mile,Regional Hub,Local Terminal,road,stormy,0.1954,8.74
Last_Mile,Houston Port,Dallas Corridor,rail,Clear,0.1075,14.93
Last_Mile,Regional Hub,Local Terminal,road,Clear,0.0,3.76
Last_Mile,St. Louis Hub,Chicago Rail Hub,rail,stormy,0.1135,12.45
Last_Mile,Regional Hub,Local Terminal,road,Clear,0.036,4.73
Global_Freight,Atlanta Air Hub,Dubai Logistics Hub,air,stormy,0.0,3.72
Last_Mile,Regional Hub,Local Terminal,road,stormy,0.1432,3.76
Global_Freight,Dubai Logistics Hub,Atlanta Air Hub,air,stormy,0.2236,17.99
Last_Mile,Dallas Corridor,Chicago Rail Hub,rail,rainy,0.237,19.09
Global_Freight,Delhi Air Cargo,Atlanta Air Hub,air,Clear,0.115,10.61
Global_Freight,Delhi Air Cargo,Atlanta Air Hub,air,stormy,0.2594,22.5
Global_Freight,Dubai Logistics Hub,Delhi Air Cargo,air,rainy,0.1171,5.99
Last_Mile,Regional Hub,Local Terminal,road,stormy,0.0,0.69
Global_Freight,Singapore Port,Mumbai Port,sea,rainy,0.0779,20.51
Global_Freight,Atlanta Air Hub,Delhi Air Cargo,air,Clear,0.8303,56.11
Global_Freight,Seattle Port,Suez Canal,sea,rainy,0.2114,44.96
Global_Freight,Delhi Air Cargo,Dubai Logistics Hub,air,Clear,0.4333,37.91
Global_Freight,Shanghai Port,Seattle Port,sea,rainy,0.1944,24.86
Last_Mile,Regional Hub,Local Terminal,road,Clear,0.1789,3.72
Global_Freight,Shanghai Port,Singapore Port,sea,Clear,0.3378,51.93
Global_Freight,Dubai Logistics Hub,Delhi Air Cargo,air,Clear,0.0,7.38
Last_Mile,Dallas Corridor,Houston Port,rail,rainy,0.0442,12.22
Global_Freight,Shanghai Port,Seattle Port,sea,Clear,0.2548,7.6
Global_Freight,Delhi Air Cargo,Dubai Logistics Hub,air,stormy,0.1978,23.55
Global_Freight,Atlanta Air Hub,Dubai Logistics Hub,air,stormy,0.1511,13.98
Global_Freight,Seattle Port,Suez Canal,sea,Clear,0.0673,9.46
Global_Freight,Delhi Air Cargo,Atlanta Air Hub,air,rainy,0.2313,10.28
Global_Freight,Atlanta Air Hub,Dubai Logistics Hub,air,rainy,0.2262,12.88
Last_Mile,St. Louis Hub,Houston Port,rail,rainy,0.2021,16.8
Global_Freight,Delhi Air Cargo,Dubai Logistics Hub,air,rainy,0.0906,19.23
Global_Freight,Dubai Logistics Hub,Delhi Air Cargo,air,rainy,0.1994,6.71
Last_Mile,St. Louis Hub,Dallas Corridor,rail,Clear,0.1171,1.26
Global_Freight,Atlanta Air Hub,Delhi Air Cargo,air,rainy,0.0,1.46
Global_Freight,Los Angeles Port,Rotterdam Port,sea,Clear,0.0583,19.63
Last_Mile,Regional Hub,Local Terminal,road,Clear,0.2521,2.91
Global_Freight,Dubai Logistics Hub,Delhi Air Cargo,air,rainy,0.0787,3.2
Last_Mile,Regional Hub,Local Terminal,road,stormy,0.1909,3.48
Last_Mile,Regional Hub,Local Terminal,road,stormy,0.1904,3.08
Last_Mile,Regional Hub,Local Terminal,road,Clear,0.0,0.59
Global_Freight,New York Port,Shanghai Port,sea,stormy,0.2108,37.42
Last_Mile,Houston Port,St. Louis Hub,rail,Clear,0.0,4.58
Global_Freight,Dubai Logistics Hub,Delhi Air Cargo,air,rainy,0.3111,11.62
Last_Mile,Regional Hub,Local Terminal,road,Clear,0.2128,1.81
Last_Mile,Regional Hub,Local Terminal,road,Clear,0.2306,7.32
Last_Mile,Regional Hub,Local Terminal,road,Clear,0.0,3.32
Global_Freight,Shanghai Port,Seattle Port,sea,stormy,0.135,18.97
Last_Mile,St. Louis Hub,Chicago Rail Hub,rail,Clear,0.2042,14.65
Last_Mile,Regional Hub,Local Terminal,road,rainy,0.1217,4.56
Last_Mile,Chicago Rail Hub,St. Louis Hub,rail,stormy,0.0785,3.79
Last_Mile,St. Louis Hub,Houston Port,rail,rainy,0.231,17.59
Last_Mile,Chicago Rail Hub,Houston Port,rail,stormy,0.1201,12.84
Global_Freight,Singapore Port,Suez Canal,sea,Clear,0.2013,18.15
Last_Mile,Dallas Corridor,St. Louis Hub,rail,Clear,0.1487,17.71
Last_Mile,Regional Hub,Local Terminal,road,rainy,0.0,0.17
Global_Freight,Rotterdam Port,New York Port,sea,stormy,0.2687,11.46
Last_Mile,Regional Hub,Local Terminal,road,rainy,0.0234,3.07
Global_Freight,Suez Canal,Rotterdam Port,sea,rainy,0.0322,6.04
Last_Mile,Regional Hub,Local Terminal,road,rainy,0.3239,3.11
Last_Mile,Dallas Corridor,Chicago Rail Hub,rail,rainy,0.0098,25.01
Global_Freight,Atlanta Air Hub,Dubai Logistics Hub,air,Clear,0.0,11.19
Last_Mile,Regional Hub,Local Terminal,road,stormy,0.1541,4.73
Global_Freight,Rotterdam Port,Seattle Port,sea,stormy,0.2096,23.3
Last_Mile,Regional Hub,Local Terminal,road,Clear,0.1106,9.45
Last_Mile,Regional Hub,Local Terminal,road,stormy,0.0,1.12
Global_Freight,Los Angeles Port,Shanghai Port,sea,stormy,0.0568,61.2
Last_Mile,Houston Port,Chicago Rail Hub,rail,Clear,0.4036,44.61
Global_Freight,Los Angeles Port,Rotterdam Port,sea,rainy,0.1304,26.6
Last_Mile,Regional Hub,Local Terminal,road,rainy,0.0,1.72
Global_Freight,Suez Canal,Rotterdam Port,sea,stormy,0.0359,1.55
Last_Mile,St. Louis Hub,Houston Port,rail,stormy,0.1481,17.94
Last_Mile,Chicago Rail Hub,Houston Port,rail,Clear,0.3121,13.37
Last_Mile,Houston Port,Chicago Rail Hub,rail,Clear,0.0798,25.37
Global_Freight,Suez Canal,Los Angeles Port,sea,rainy,0.0514,10.1
Last_Mile,Chicago Rail Hub,Houston Port,rail,rainy,0.2356,15.08
Last_Mile,Regional Hub,Local Terminal,road,stormy,0.0,0.97
Last_Mile,Houston Port,St. Louis Hub,rail,stormy,0.0,17.06
Global_Freight,Dubai Logistics Hub,Atlanta Air Hub,air,rainy,0.0628,2.74
Last_Mile,Regional Hub,Local Terminal,road,Clear,0.1325,4.33
Global_Freight,Suez Canal,Seattle Port,sea,rainy,0.0,8.74
Last_Mile,Regional Hub,Local Terminal,road,rainy,0.1692,7.48
Global_Freight,Suez Canal,Singapore Port,sea,Clear,0.0,3.99
Global_Freight,Atlanta Air Hub,Dubai Logistics Hub,air,stormy,0.2217,5.37
Global_Freight,Atlanta Air Hub,Dubai Logistics Hub,air,Clear,0.277,18.57
Global_Freight,Atlanta Air Hub,Dubai Logistics Hub,air,rainy,0.3017,13.41
Last_Mile,Regional Hub,Local Terminal,road,rainy,0.2377,9.48
Global_Freight,Rotterdam Port,Singapore Port,sea,rainy,0.0089,18.63
Global_Freight,Los Angeles Port,New York Port,sea,rainy,0.2245,68.06
Last_Mile,Regional Hub,Local Terminal,road,stormy,0.2568,4.21
Last_Mile,Regional Hub,Local Terminal,road,rainy,0.0208,4.75
Global_Freight,Rotterdam Port,Los Angeles Port,sea,rainy,0.231,37.98
Global_Freight,Los Angeles Port,Suez Canal,sea,Clear,0.1079,99.85
Last_Mile,Chicago Rail Hub,Houston Port,rail,stormy,0.1081,12.35
Last_Mile,Chicago Rail Hub,Dallas Corridor,rail,stormy,0.2551,29.94
Last_Mile,Houston Port,Dallas Corridor,rail,stormy,0.8457,127.47
Last_Mile,St. Louis Hub,Chicago Rail Hub,rail,stormy,0.1853,23.55
Global_Freight,Dubai Logistics Hub,Delhi Air Cargo,air,stormy,0.0277,5.9
Global_Freight,Mumbai Port,Singapore Port,sea,Clear,0.2571,46.64
Global_Freight,Singapore Port,Shanghai Port,sea,rainy,0.1022,7.75
Global_Freight,Atlanta Air Hub,Dubai Logistics Hub,air,Clear,0.4107,20.22
Last_Mile,Regional Hub,Local Terminal,road,Clear,0.0154,2.59
Global_Freight,Mumbai Port,New York Port,sea,stormy,0.4824,95.42
Global_Freight,Suez Canal,New York Port,sea,Clear,0.0,13.77
Global_Freight,Delhi Air Cargo,Dubai Logistics Hub,air,stormy,0.0018,7.96
Global_Freight,Rotterdam Port,New York Port,sea,stormy,0.222,16.83
Global_Freight,Mumbai Port,Shanghai Port,sea,Clear,0.1859,52.11
Global_Freight,New York Port,Mumbai Port,sea,rainy,0.0258,24.3
Last_Mile,Regional Hub,Local Terminal,road,Clear,0.103,3.27
Global_Freight,Rotterdam Port,Los Angeles Port,sea,stormy,0.2721,52.56
Global_Freight,Atlanta Air Hub,Dubai Logistics Hub,air,stormy,0.2349,12.64
Last_Mile,Chicago Rail Hub,Houston Port,rail,stormy,0.0344,8.14
Last_Mile,Regional Hub,Local Terminal,road,rainy,0.0559,5.88
Global_Freight,New York Port,Shanghai Port,sea,rainy,0.0302,9.34
Last_Mile,Houston Port,Dallas Corridor,rail,stormy,0.2255,44.67
Last_Mile,St. Louis Hub,Dallas Corridor,rail,stormy,0.5676,44.7
Last_Mile,St. Louis Hub,Houston Port,rail,Clear,0.0086,11.98
Global_Freight,New York Port,Los Angeles Port,sea,stormy,0.1781,23.94
Last_Mile,Regional Hub,Local Terminal,road,rainy,0.175,5.75
Global_Freight,Los Angeles Port,Shanghai Port,sea,rainy,0.1356,23.02
Last_Mile,Regional Hub,Local Terminal,road,stormy,0.0324,2.29
Global_Freight,Mumbai Port,Shanghai Port,sea,stormy,0.0412,72.49
Last_Mile,Regional Hub,Local Terminal,road,Clear,0.1823,1.84
Last_Mile,Houston Port,Dallas Corridor,rail,rainy,0.4832,59.16
Global_Freight,Rotterdam Port,Los Angeles Port,sea,Clear,0.9,148.2
Global_Freight,Singapore Port,New York Port,sea,Clear,0.3591,40.94
Last_Mile,Houston Port,Chicago Rail Hub,rail,Clear,0.3675,39.7
Global_Freight,Atlanta Air Hub,Delhi Air Cargo,air,stormy,0.139,7.75
Global_Freight,Atlanta Air Hub,Delhi Air Cargo,air,rainy,0.0,6.65
Global_Freight,New York Port,Singapore Port,sea,stormy,0.0863,21.7
Global_Freight,Rotterdam Port,Seattle Port,sea,rainy,0.0,18.52
Global_Freight,Shanghai Port,Los Angeles Port,sea,stormy,0.1774,40.86
Last_Mile,St. Louis Hub,Dallas Corridor,rail,Clear,0.0,7.6
Global_Freight,New York Port,Los Angeles Port,sea,Clear,0.1613,17.76
Last_Mile,Houston Port,Dallas Corridor,rail,rainy,0.3172,53.01
Global_Freight,Delhi Air Cargo,Atlanta Air Hub,air,rainy,0.3031,21.63
Last_Mile,Regional Hub,Local Terminal,road,rainy,0.2071,7.69
Global_Freight,Singapore Port,Shanghai Port,sea,rainy,0.1819,32.78
Global_Freight,New York Port,Singapore Port,sea,stormy,0.1368,41.38
Last_Mile,Chicago Rail Hub,St. Louis Hub,rail,stormy,0.3027,18.95
Global_Freight,Shanghai Port,Mumbai Port,sea,stormy,0.2014,21.92
Global_Freight,Atlanta Air Hub,Dubai Logistics Hub,air,rainy,0.1523,9.87
Last_Mile,Regional Hub,Local Terminal,road,Clear,0.0857,3.17
Global_Freight,Delhi Air Cargo,Atlanta Air Hub,air,Clear,0.011,12.03
Last_Mile,Houston Port,Dallas Corridor,rail,stormy,0.4411,61.82
Last_Mile,Houston Port,St. Louis Hub,rail,Clear,0.0991,7.03
Global_Freight,Singapore Port,Shanghai Port,sea,stormy,0.2966,17.42
Global_Freight,Delhi Air Cargo,Atlanta Air Hub,air,stormy,0.2869,9.46
Last_Mile,Dallas Corridor,St. Louis Hub,rail,Clear,0.9173,98.84
Last_Mile,Chicago Rail Hub,Houston Port,rail,stormy,0.0683,6.55
Global_Freight,Dubai Logistics Hub,Delhi Air Cargo,air,Clear,0.1828,4.4
Last_Mile,Dallas Corridor,Houston Port,rail,Clear,0.1437,10.29
Last_Mile,St. Louis Hub,Chicago Rail Hub,rail,Clear,0.5844,55.53
Last_Mile,Regional Hub,Local Terminal,road,Clear,0.1492,4.05
Last_Mile,Dallas Corridor,Chicago Rail Hub,rail,rainy,0.1537,3.5
Global_Freight,New York Port,Rotterdam Port,sea,Clear,0.4117,140.76
Last_Mile,Houston Port,Dallas Corridor,rail,Clear,0.1114,28.1
Global_Freight,Delhi Air Cargo,Atlanta Air Hub,air,stormy,0.0213,3.01
Global_Freight,Mumbai Port,Los Angeles Port,sea,Clear,0.1657,20.19
Last_Mile,Regional Hub,Local Terminal,road,rainy,0.0,2.71
Last_Mile,Regional Hub,Local Terminal,road,Clear,0.2512,2.92
Last_Mile,Dallas Corridor,Houston Port,rail,stormy,0.2989,32.33
Last_Mile,Dallas Corridor,St. Louis Hub,rail,stormy,0.1111,23.24
Last_Mile,Regional Hub,Local Terminal,road,stormy,0.0,0.36
Global_Freight,Seattle Port,Mumbai Port,sea,Clear,0.041,1.24
Last_Mile,Regional Hub,Local Terminal,road,Clear,0.0217,3.25
Last_Mile,Regional Hub,Local Terminal,road,stormy,0.0779,2.09
Last_Mile,Chicago Rail Hub,Houston Port,rail,stormy,0.1344,14.59
Last_Mile,St. Louis Hub,Dallas Corridor,rail,rainy,0.1571,14.05
Last_Mile,St. Louis Hub,Dallas Corridor,rail,stormy,0.2337,14.68
Last_Mile,Chicago Rail Hub,St. Louis Hub,rail,rainy,0.3555,31.72
Last_Mile,Chicago Rail Hub,Houston Port,rail,Clear,0.6848,46.1
Last_Mile,St. Louis Hub,Houston Port,rail,Clear,0.053,9.68
Last_Mile,Regional Hub,Local Terminal,road,Clear,0.2181,10.03
Global_Freight,Rotterdam Port,Mumbai Port,sea,stormy,0.1664,23.38
Last_Mile,Regional Hub,Local Terminal,road,stormy,0.0596,2.17
Global_Freight,Delhi Air Cargo,Dubai Logistics Hub,air,Clear,0.2356,26.46
Global_Freight,Atlanta Air Hub,Delhi Air Cargo,air,stormy,0.2355,9.83
Global_Freight,Dubai Logistics Hub,Delhi Air Cargo,air,stormy,0.0,8.13
Last_Mile,Regional Hub,Local Terminal,road,Clear,0.0865,6.48
Global_Freight,Delhi Air Cargo,Dubai Logistics Hub,air,stormy,0.2839,9.22
Global_Freight,Atlanta Air Hub,Dubai Logistics Hub,air,Clear,0.3249,18.38
Last_Mile,Houston Port,St. Louis Hub,rail,Clear,0.317,42.33
Global_Freight,Suez Canal,Los Angeles Port,sea,Clear,0.0535,10.45
Global_Freight,Seattle Port,Singapore Port,sea,stormy,0.0959,36.82
Last_Mile,Regional Hub,Local Terminal,road,stormy,0.345,6.21
Last_Mile,Chicago Rail Hub,St. Louis Hub,rail,rainy,0.4063,52.21
Last_Mile,Regional Hub,Local Terminal,road,rainy,0.1018,2.66
Last_Mile,Houston Port,Dallas Corridor,rail,Clear,0.2576,42.94
Last_Mile,St. Louis Hub,Chicago Rail Hub,rail,Clear,0.0804,6.87
Global_Freight,Seattle Port,Los Angeles Port,sea,rainy,0.1817,30.9
Global_Freight,Singapore Port,Mumbai Port,sea,Clear,0.3845,23.97
Last_Mile,Regional Hub,Local Terminal,road,stormy,0.1169,0.54
Last_Mile,Regional Hub,Local Terminal,road,rainy,0.0,0.38
Global_Freight,Delhi Air Cargo,Atlanta Air Hub,air,Clear,0.0561,0.62
Last_Mile,Dallas Corridor,Houston Port,rail,stormy,0.2523,6.68
Last_Mile,Dallas Corridor,Chicago Rail Hub,rail,stormy,0.2142,16.22
Global_Freight,Mumbai Port,New York Port,sea,rainy,0.199,45.07
Global_Freight,Seattle Port,New York Port,sea,Clear,0.0,12.55
Global_Freight,Dubai Logistics Hub,Delhi Air Cargo,air,rainy,0.0551,8.18
Last_Mile,Regional Hub,Local Terminal,road,rainy,0.2755,1.85
Global_Freight,Dubai Logistics Hub,Atlanta Air Hub,air,rainy,0.0155,4.57
Global_Freight,Shanghai Port,Mumbai Port,sea,rainy,0.2087,13.42
Last_Mile,Regional Hub,Local Terminal,road,rainy,0.0,0.63
Last_Mile,Regional Hub,Local Terminal,road,stormy,0.0239,3.57
Global_Freight,Mumbai Port,Rotterdam Port,sea,stormy,0.0,27.29
Last_Mile,Houston Port,St. Louis Hub,rail,Clear,0.0207,2.64
Last_Mile,Regional Hub,Local Terminal,road,Clear,0.374,15.17
Global_Freight,Suez Canal,Los Angeles Port,sea,Clear,0.0,5.53
Global_Freight,Seattle Port,Singapore Port,sea,rainy,0.3746,47.63
Last_Mile,Dallas Corridor,Chicago Rail Hub,rail,rainy,0.6789,65.29
Global_Freight,Rotterdam Port,New York Port,sea,Clear,0.0919,17.39
Last_Mile,Houston Port,St. Louis Hub,rail,stormy,0.4087,43.88
Last_Mile,Houston Port,St. Louis Hub,rail,Clear,0.0,9.24
Last_Mile,St. Louis Hub,Houston Port,rail,Clear,0.4117,34.86
Last_Mile,Chicago Rail Hub,Houston Port,rail,Clear,0.5388,51.17
Global_Freight,New York Port,Los Angeles Port,sea,stormy,0.0429,37.3
Last_Mile,Houston Port,Chicago Rail Hub,rail,rainy,0.0744,29.18
Last_Mile,Houston Port,St. Louis Hub,rail,Clear,0.0439,17.38
Last_Mile,Dallas Corridor,Chicago Rail Hub,rail,stormy,0.2894,14.47
Global_Freight,Singapore Port,New York Port,sea,Clear,0.0596,6.17
Global_Freight,Delhi Air Cargo,Atlanta Air Hub,air,stormy,0.0,7.03
Global_Freight,Mumbai Port,Rotterdam Port,sea,Clear,0.0462,21.89
Last_Mile,St. Louis Hub,Dallas Corridor,rail,rainy,0.6055,71.46
Global_Freight,Seattle Port,Suez Canal,sea,Clear,0.0015,21.02
Last_Mile,St. Louis Hub,Houston Port,rail,stormy,0.1339,31.66
Last_Mile,Regional Hub,Local Terminal,road,rainy,0.2449,6.7
Global_Freight,Dubai Logistics Hub,Atlanta Air Hub,air,Clear,0.2369,13.39
Last_Mile,St. Louis Hub,Chicago Rail Hub,rail,rainy,0.828,59.28
Global_Freight,Shanghai Port,Seattle Port,sea,stormy,0.023,12.4
Global_Freight,New York Port,Los Angeles Port,sea,stormy,0.2728,56.65
Last_Mile,Regional Hub,Local Terminal,road,Clear,0.0,1.51
Last_Mile,Regional Hub,Local Terminal,road,stormy,0.1037,2.58
Last_Mile,St. Louis Hub,Chicago Rail Hub,rail,Clear,0.2879,10.76
Last_Mile,Chicago Rail Hub,Dallas Corridor,rail,rainy,0.0771,7.47
Last_Mile,Regional Hub,Local Terminal,road,rainy,0.1866,3.8
Global_Freight,Dubai Logistics Hub,Atlanta Air Hub,air,rainy,0.0396,4.1
Global_Freight,Atlanta Air Hub,Dubai Logistics Hub,air,rainy,0.186,8.92
Global_Freight,Suez Canal,Los Angeles Port,sea,rainy,0.0,13.94
Global_Freight,Dubai Logistics Hub,Delhi Air Cargo,air,rainy,0.0,3.78
Last_Mile,St. Louis Hub,Chicago Rail Hub,rail,Clear,0.0373,6.11
Global_Freight,Seattle Port,Shanghai Port,sea,stormy,0.041,13.58
Global_Freight,New York Port,Rotterdam Port,sea,stormy,0.0,17.01
Last_Mile,St. Louis Hub,Chicago Rail Hub,rail,stormy,0.1752,6.07
Last_Mile,Regional Hub,Local Terminal,road,Clear,0.0782,1.8
Global_Freight,Dubai Logistics Hub,Delhi Air Cargo,air,Clear,0.4666,12.64
Global_Freight,Suez Canal,Singapore Port,sea,Clear,0.0,2.36
Global_Freight,Shanghai Port,Los Angeles Port,sea,rainy,0.2443,24.86
Global_Freight,Atlanta Air Hub,Dubai Logistics Hub,air,Clear,0.0334,14.21
Last_Mile,Dallas Corridor,Houston Port,rail,stormy,0.1415,24.25
Last_Mile,Regional Hub,Local Terminal,road,stormy,0.0761,0.7
Global_Freight,Delhi Air Cargo,Dubai Logistics Hub,air,Clear,0.0501,8.37
Last_Mile,Regional Hub,Local Terminal,road,stormy,0.0768,1.73
Global_Freight,Delhi Air Cargo,Dubai Logistics Hub,air,Clear,0.0,11.44
Global_Freight,Dubai Logistics Hub,Atlanta Air Hub,air,stormy,0.4318,14.05
Last_Mile,Chicago Rail Hub,Houston Port,rail,stormy,0.3011,29.91
Last_Mile,Regional Hub,Local Terminal,road,rainy,0.057,2.02
Global_Freight,Dubai Logistics Hub,Delhi Air Cargo,air,stormy,0.1878,4.5
Last_Mile,Dallas Corridor,Chicago Rail Hub,rail,rainy,0.2947,53.38
Global_Freight,Delhi Air Cargo,Dubai Logistics Hub,air,stormy,0.2959,39.95
Global_Freight,Suez Canal,Los Angeles Port,sea,stormy,0.0,12.81
Last_Mile,Regional Hub,Local Terminal,road,rainy,0.2073,2.56
Global_Freight,Dubai Logistics Hub,Atlanta Air Hub,air,rainy,0.2519,12.3
Global_Freight,Delhi Air Cargo,Dubai Logistics Hub,air,rainy,0.115,2.63
Last_Mile,Regional Hub,Local Terminal,road,rainy,0.0022,0.24
Last_Mile,Houston Port,Chicago Rail Hub,rail,rainy,0.1431,35.77
Global_Freight,Delhi Air Cargo,Atlanta Air Hub,air,rainy,0.0,4.44
Last_Mile,Dallas Corridor,St. Louis Hub,rail,Clear,0.2919,15.59
Global_Freight,Rotterdam Port,Seattle Port,sea,rainy,0.0755,8.1
Global_Freight,Shanghai Port,New York Port,sea,stormy,0.2814,49.91
Global_Freight,Seattle Port,New York Port,sea,stormy,0.228,59.72
Global_Freight,Atlanta Air Hub,Dubai Logistics Hub,air,stormy,0.1494,7.64
Global_Freight,Singapore Port,Los Angeles Port,sea,rainy,0.9,130.13
Last_Mile,Regional Hub,Local Terminal,road,rainy,0.0,1.04
Global_Freight,Delhi Air Cargo,Dubai Logistics Hub,air,Clear,0.343,18.15
Global_Freight,Atlanta Air Hub,Dubai Logistics Hub,air,stormy,0.1923,2.95
Last_Mile,Regional Hub,Local Terminal,road,stormy,0.1099,1.27
Last_Mile,Regional Hub,Local Terminal,road,rainy,0.4392,8.27
Last_Mile,Regional Hub,Local Terminal,road,rainy,0.0382,2.05
Global_Freight,Suez Canal,Shanghai Port,sea,rainy,0.0,5.02
Last_Mile,Houston Port,Chicago Rail Hub,rail,Clear,0.1758,25.13
Global_Freight,Seattle Port,Singapore Port,sea,rainy,0.0251,37.75
Last_Mile,Chicago Rail Hub,Dallas Corridor,rail,Clear,0.3609,25.48
Last_Mile,Regional Hub,Local Terminal,road,Clear,0.2397,3.48
Last_Mile,Regional Hub,Local Terminal,road,stormy,0.0046,5.5
Last_Mile,Regional Hub,Local Terminal,road,stormy,0.0971,5.11
Global_Freight,Atlanta Air Hub,Dubai Logistics Hub,air,rainy,0.0258,9.46
Global_Freight,Rotterdam Port,Mumbai Port,sea,rainy,0.0057,9.29
Last_Mile,Chicago Rail Hub,Houston Port,rail,stormy,0.1467,10.85
Global_Freight,Shanghai Port,Suez Canal,sea,stormy,0.0,18.79
Last_Mile,Chicago Rail Hub,Dallas Corridor,rail,stormy,0.3942,52.08
Last_Mile,Regional Hub,Local Terminal,road,stormy,0.0,2.34
Last_Mile,St. Louis Hub,Dallas Corridor,rail,stormy,0.2898,31.52
Last_Mile,Chicago Rail Hub,Dallas Corridor,rail,Clear,0.3821,41.07
Last_Mile,St. Louis Hub,Chicago Rail Hub,rail,rainy,0.3446,39.01
Global_Freight,Suez Canal,Shanghai Port,sea,rainy,0.0215,4.12
Last_Mile,Regional Hub,Local Terminal,road,stormy,0.0,2.25
Global_Freight,Los Angeles Port,New York Port,sea,stormy,0.0296,8.17
Global_Freight,Dubai Logistics Hub,Atlanta Air Hub,air,rainy,0.4131,21.59
Global_Freight,Suez Canal,Rotterdam Port,sea,Clear,0.0452,16.18
Global_Freight,Seattle Port,Singapore Port,sea,stormy,0.2492,47.57
Last_Mile,Regional Hub,Local Terminal,road,Clear,0.0917,3.05
Global_Freight,Delhi Air Cargo,Dubai Logistics Hub,air,Clear,0.2536,11.89
Global_Freight,Delhi Air Cargo,Atlanta Air Hub,air,stormy,0.0416,0.58
Last_Mile,Regional Hub,Local Terminal,road,rainy,0.1445,0.26
Global_Freight,Seattle Port,Mumbai Port,sea,rainy,0.0732,12.3
Global_Freight,Seattle Port,Singapore Port,sea,Clear,0.1858,37.22
Global_Freight,Seattle Port,Rotterdam Port,sea,stormy,0.0,5.54
Last_Mile,Regional Hub,Local Terminal,road,rainy,0.2213,2.01
Global_Freight,Seattle Port,Shanghai Port,sea,stormy,0.1042,18.72
Global_Freight,Atlanta Air Hub,Delhi Air Cargo,air,rainy,0.0899,10.86
Global_Freight,Atlanta Air Hub,Dubai Logistics Hub,air,rainy,0.0,2.22
Global_Freight,Atlanta Air Hub,Delhi Air Cargo,air,Clear,0.0831,9.95
Last_Mile,Regional Hub,Local Terminal,road,stormy,0.1966,1.06
Global_Freight,Dubai Logistics Hub,Atlanta Air Hub,air,Clear,0.0,4.55
Global_Freight,Seattle Port,Los Angeles Port,sea,stormy,0.1926,47.9
Global_Freight,Delhi Air Cargo,Dubai Logistics Hub,air,rainy,0.0,6.32
Last_Mile,Chicago Rail Hub,St. Louis Hub,rail,rainy,0.1158,4.54
Last_Mile,Chicago Rail Hub,Dallas Corridor,rail,stormy,0.2301,14.41
Last_Mile,Regional Hub,Local Terminal,road,rainy,0.2468,3.94
Last_Mile,St. Louis Hub,Dallas Corridor,rail,Clear,0.3006,32.73
Global_Freight,Delhi Air Cargo,Atlanta Air Hub,air,stormy,0.0507,15.63
Last_Mile,Regional Hub,Local Terminal,road,rainy,0.1571,1.53
Last_Mile,Regional Hub,Local Terminal,road,rainy,0.1444,3.34
Last_Mile,Regional Hub,Local Terminal,road,Clear,0.0,2.23
Global_Freight,Suez Canal,Los Angeles Port,sea,stormy,0.0363,3.32
Global_Freight,Shanghai Port,Mumbai Port,sea,Clear,0.1584,14.95
Global_Freight,Delhi Air Cargo,Atlanta Air Hub,air,Clear,0.3768,41.4
Last_Mile,St. Louis Hub,Dallas Corridor,rail,stormy,0.2398,15.98
Last_Mile,Chicago Rail Hub,St. Louis Hub,rail,Clear,0.4713,59.57
Global_Freight,Shanghai Port,New York Port,sea,rainy,0.068,33.48
Global_Freight,Dubai Logistics Hub,Atlanta Air Hub,air,rainy,0.002,1.79
Global_Freight,Dubai Logistics Hub,Atlanta Air Hub,air,stormy,0.2084,5.41
Global_Freight,Dubai Logistics Hub,Delhi Air Cargo,air,Clear,0.2431,11.21
Last_Mile,Regional Hub,Local Terminal,road,rainy,0.1846,9.16
Global_Freight,Atlanta Air Hub,Delhi Air Cargo,air,stormy,0.0406,4.43
Global_Freight,Rotterdam Port,New York Port,sea,stormy,0.2486,25.43
Global_Freight,Los Angeles Port,Seattle Port,sea,Clear,0.9,159.19
Last_Mile,Dallas Corridor,Chicago Rail Hub,rail,Clear,0.3779,39.17
Last_Mile,Chicago Rail Hub,St. Louis Hub,rail,Clear,0.1896,33.49
Last_Mile,St. Louis Hub,Dallas Corridor,rail,stormy,0.0439,14.01
Last_Mile,St. Louis Hub,Houston Port,rail,rainy,0.4203,39.32
Last_Mile,Regional Hub,Local Terminal,road,rainy,0.2683,5.58
Global_Freight,Seattle Port,Suez Canal,sea,rainy,0.1662,9.98
Global_Freight,Atlanta Air Hub,Dubai Logistics Hub,air,Clear,0.1322,7.32
Global_Freight,Seattle Port,Shanghai Port,sea,stormy,0.1223,6.08
Global_Freight,Singapore Port,Suez Canal,sea,Clear,0.129,34.65
Last_Mile,St. Louis Hub,Chicago Rail Hub,rail,Clear,0.5903,40.49
Last_Mile,Regional Hub,Local Terminal,road,rainy,0.01,3.63
Last_Mile,Regional Hub,Local Terminal,road,stormy,0.2817,3.7
Global_Freight,Dubai Logistics Hub,Delhi Air Cargo,air,stormy,0.0,5.65
Global_Freight,Rotterdam Port,Shanghai Port,sea,stormy,0.0,10.16
Last_Mile,Dallas Corridor,St. Louis Hub,rail,Clear,0.5867,63.48
Last_Mile,Regional Hub,Local Terminal,road,stormy,0.0217,5.13
Last_Mile,Regional Hub,Local Terminal,road,stormy,0.0,4.86
Last_Mile,St. Louis Hub,Chicago Rail Hub,rail,rainy,0.2567,16.09
Global_Freight,Dubai Logistics Hub,Delhi Air Cargo,air,Clear,0.3038,8.62
Global_Freight,Shanghai Port,Seattle Port,sea,rainy,0.2552,31.03
Global_Freight,Delhi Air Cargo,Dubai Logistics Hub,air,stormy,0.0234,1.73
Last_Mile,Houston Port,Chicago Rail Hub,rail,rainy,0.0,14.39
Last_Mile,Regional Hub,Local Terminal,road,rainy,0.0,1.54
Last_Mile,Regional Hub,Local Terminal,road,stormy,0.0916,1.43
Last_Mile,Chicago Rail Hub,Dallas Corridor,rail,Clear,0.2998,38.83
Global_Freight,Los Angeles Port,Rotterdam Port,sea,Clear,0.2133,36.42
Global_Freight,Dubai Logistics Hub,Delhi Air Cargo,air,Clear,0.5633,20.29
Last_Mile,Chicago Rail Hub,St. Louis Hub,rail,stormy,0.0336,10.34
Last_Mile,Regional Hub,Local Terminal,road,stormy,0.2894,6.79
Global_Freight,Mumbai Port,Shanghai Port,sea,rainy,0.0,49.12
Last_Mile,Regional Hub,Local Terminal,road,Clear,0.3053,7.4
Global_Freight,Atlanta Air Hub,Dubai Logistics Hub,air,stormy,0.1144,8.89
Global_Freight,Singapore Port,Seattle Port,sea,Clear,0.0807,16.55
Global_Freight,Atlanta Air Hub,Delhi Air Cargo,air,Clear,0.1466,9.0
Global_Freight,Atlanta Air Hub,Delhi Air Cargo,air,Clear,0.2761,4.08
Global_Freight,Atlanta Air Hub,Delhi Air Cargo,air,rainy,0.0,2.13
Last_Mile,Regional Hub,Local Terminal,road,stormy,0.366,16.08
Last_Mile,Regional Hub,Local Terminal,road,Clear,0.1364,6.0
Last_Mile,Chicago Rail Hub,Dallas Corridor,rail,rainy,0.4533,72.45
Last_Mile,Regional Hub,Local Terminal,road,Clear,0.0,2.1
Global_Freight,Seattle Port,Los Angeles Port,sea,Clear,0.0,24.73
Last_Mile,Regional Hub,Local Terminal,road,stormy,0.0756,3.17
Global_Freight,Singapore Port,Mumbai Port,sea,Clear,0.0463,26.39
Last_Mile,Chicago Rail Hub,Dallas Corridor,rail,stormy,0.1797,10.33
Global_Freight,Mumbai Port,Seattle Port,sea,rainy,0.0228,28.77
Global_Freight,Delhi Air Cargo,Atlanta Air Hub,air,Clear,0.0158,16.41
Global_Freight,Delhi Air Cargo,Dubai Logistics Hub,air,Clear,0.0,3.36
Global_Freight,Seattle Port,Singapore Port,sea,Clear,0.1161,17.14
Last_Mile,Chicago Rail Hub,St. Louis Hub,rail,rainy,0.1382,33.49
Global_Freight,Los Angeles Port,Mumbai Port,sea,stormy,0.1201,13.72
Global_Freight,Dubai Logistics Hub,Atlanta Air Hub,air,Clear,0.069,0.54
Last_Mile,Regional Hub,Local Terminal,road,stormy,0.0924,0.26
Global_Freight,New York Port,Shanghai Port,sea,Clear,0.1186,49.7
Last_Mile,Chicago Rail Hub,St. Louis Hub,rail,stormy,0.1395,11.21
Global_Freight,Mumbai Port,Shanghai Port,sea,Clear,0.3447,69.27
Global_Freight,Dubai Logistics Hub,Atlanta Air Hub,air,rainy,0.1236,4.5
Global_Freight,Suez Canal,Mumbai Port,sea,stormy,0.1661,17.41
Last_Mile,Chicago Rail Hub,Houston Port,rail,stormy,0.2959,28.61
Global_Freight,Dubai Logistics Hub,Delhi Air Cargo,air,rainy,0.0,7.03
Global_Freight,Atlanta Air Hub,Delhi Air Cargo,air,Clear,0.0,6.88
Global_Freight,Delhi Air Cargo,Dubai Logistics Hub,air,stormy,0.125,27.69
Global_Freight,Atlanta Air Hub,Delhi Air Cargo,air,Clear,0.0,4.58
Last_Mile,Chicago Rail Hub,Houston Port,rail,rainy,0.0,2.84
Global_Freight,Atlanta Air Hub,Delhi Air Cargo,air,stormy,0.1727,17.5
Last_Mile,Dallas Corridor,Chicago Rail Hub,rail,stormy,0.266,20.76
Global_Freight,Atlanta Air Hub,Delhi Air Cargo,air,Clear,0.1775,15.56
Global_Freight,Dubai Logistics Hub,Delhi Air Cargo,air,Clear,0.2315,6.64
Global_Freight,New York Port,Singapore Port,sea,Clear,0.0,27.77
Last_Mile,Regional Hub,Local Terminal,road,rainy,0.1139,6.22
Global_Freight,Delhi Air Cargo,Dubai Logistics Hub,air,Clear,0.1743,7.6
Global_Freight,Atlanta Air Hub,Dubai Logistics Hub,air,stormy,0.5123,21.01
Last_Mile,Regional Hub,Local Terminal,road,stormy,0.0197,4.41
Last_Mile,St. Louis Hub,Dallas Corridor,rail,stormy,0.5971,37.84
Last_Mile,Regional Hub,Local Terminal,road,Clear,0.0,2.26
Global_Freight,Atlanta Air Hub,Dubai Logistics Hub,air,Clear,0.0416,3.07
Last_Mile,Chicago Rail Hub,Houston Port,rail,Clear,0.1087,1.49
Last_Mile,Regional Hub,Local Terminal,road,Clear,0.177,0.82
Global_Freight,Seattle Port,Suez Canal,sea,stormy,0.0574,36.41
Last_Mile,Regional Hub,Local Terminal,road,Clear,0.3185,7.67
Global_Freight,New York Port,Seattle Port,sea,stormy,0.3548,73.87
Global_Freight,Seattle Port,Mumbai Port,sea,Clear,0.0257,28.51
Global_Freight,Suez Canal,Mumbai Port,sea,stormy,1.0,123.51
Global_Freight,New York Port,Mumbai Port,sea,rainy,0.0076,11.94
Last_Mile,Chicago Rail Hub,Houston Port,rail,stormy,0.382,27.68
Global_Freight,Rotterdam Port,Suez Canal,sea,stormy,0.1485,42.06
Last_Mile,Regional Hub,Local Terminal,road,rainy,0.0,0.98
Global_Freight,Los Angeles Port,Shanghai Port,sea,Clear,0.0472,66.54
Global_Freight,Suez Canal,New York Port,sea,stormy,0.0,7.28
Last_Mile,Regional Hub,Local Terminal,road,rainy,0.0475,1.37
Last_Mile,Dallas Corridor,Chicago Rail Hub,rail,stormy,0.2437,29.45
Last_Mile,Regional Hub,Local Terminal,road,Clear,0.1586,1.9
Global_Freight,Atlanta Air Hub,Dubai Logistics Hub,air,Clear,0.2083,13.0
Last_Mile,Chicago Rail Hub,Dallas Corridor,rail,stormy,0.339,41.1
Last_Mile,Regional Hub,Local Terminal,road,stormy,0.1053,0.96
Global_Freight,Dubai Logistics Hub,Atlanta Air Hub,air,stormy,0.3361,8.4
Global_Freight,Rotterdam Port,Seattle Port,sea,stormy,0.0,20.69
Global_Freight,Seattle Port,Singapore Port,sea,rainy,0.3179,33.17
Global_Freight,Atlanta Air Hub,Delhi Air Cargo,air,rainy,0.2052,11.01
Last_Mile,Dallas Corridor,Houston Port,rail,rainy,0.1109,14.36
Global_Freight,Dubai Logistics Hub,Atlanta Air Hub,air,Clear,0.1307,1.81
Global_Freight,Singapore Port,Los Angeles Port,sea,stormy,0.1067,44.39
Global_Freight,Dubai Logistics Hub,Atlanta Air Hub,air,Clear,0.0633,2.58
Last_Mile,Regional Hub,Local Terminal,road,rainy,0.1797,4.89
Global_Freight,Atlanta Air Hub,Delhi Air Cargo,air,stormy,0.1862,4.43
Global_Freight,Mumbai Port,Singapore Port,sea,rainy,0.1519,13.04
Global_Freight,Los Angeles Port,Suez Canal,sea,rainy,0.0109,70.9
Global_Freight,Shanghai Port,New York Port,sea,Clear,0.0758,21.56
Last_Mile,Dallas Corridor,Houston Port,rail,rainy,0.2768,28.58
Global_Freight,Shanghai Port,Mumbai Port,sea,Clear,0.1112,8.77
Global_Freight,Delhi Air Cargo,Dubai Logistics Hub,air,stormy,0.1269,19.48
Last_Mile,Houston Port,St. Louis Hub,rail,Clear,0.2683,53.67
Global_Freight,Atlanta Air Hub,Dubai Logistics Hub,air,Clear,0.2044,15.02
Global_Freight,Dubai Logistics Hub,Atlanta Air Hub,air,stormy,0.1309,7.41
Last_Mile,Dallas Corridor,Houston Port,rail,rainy,0.3745,30.36
Last_Mile,Regional Hub,Local Terminal,road,rainy,0.0011,3.87
Global_Freight,Singapore Port,Mumbai Port,sea,stormy,0.0997,23.65
Last_Mile,Regional Hub,Local Terminal,road,stormy,0.1622,3.64
Global_Freight,Dubai Logistics Hub,Atlanta Air Hub,air,rainy,0.2247,3.0
Last_Mile,Dallas Corridor,St. Louis Hub,rail,stormy,0.171,15.66
Last_Mile,St. Louis Hub,Dallas Corridor,rail,Clear,0.5809,52.19
Last_Mile,Regional Hub,Local Terminal,road,rainy,0.0764,3.4
Global_Freight,Delhi Air Cargo,Atlanta Air Hub,air,stormy,0.293,33.53
Global_Freight,Suez Canal,New York Port,sea,Clear,0.1747,20.61
Last_Mile,St. Louis Hub,Chicago Rail Hub,rail,Clear,0.2906,33.57
Last_Mile,St. Louis Hub,Houston Port,rail,Clear,0.0,2.9
Global_Freight,Dubai Logistics Hub,Atlanta Air Hub,air,rainy,0.0,3.92
Global_Freight,Suez Canal,Mumbai Port,sea,Clear,0.0938,21.24
Last_Mile,Regional Hub,Local Terminal,road,rainy,0.136,4.1
Global_Freight,Los Angeles Port,Mumbai Port,sea,Clear,0.0054,8.56
Global_Freight,Seattle Port,Shanghai Port,sea,rainy,0.2342,22.35
Last_Mile,Regional Hub,Local Terminal,road,Clear,0.0513,3.9
Global_Freight,New York Port,Seattle Port,sea,stormy,0.1401,4.3
Global_Freight,Delhi Air Cargo,Atlanta Air Hub,air,Clear,0.1747,31.2
Global_Freight,Dubai Logistics Hub,Delhi Air Cargo,air,rainy,0.0176,6.0
Global_Freight,Shanghai Port,Singapore Port,sea,rainy,0.0628,12.95
Global_Freight,Shanghai Port,Singapore Port,sea,stormy,0.1705,33.42
Last_Mile,Chicago Rail Hub,Houston Port,rail,stormy,0.3255,31.12
Last_Mile,Regional Hub,Local Terminal,road,Clear,0.0725,3.18
Last_Mile,Chicago Rail Hub,St. Louis Hub,rail,Clear,0.0724,14.97
Last_Mile,Chicago Rail Hub,Houston Port,rail,rainy,0.0,8.19
Global_Freight,Seattle Port,Rotterdam Port,sea,Clear,0.188,14.24
Last_Mile,Regional Hub,Local Terminal,road,stormy,0.04,2.7
Global_Freight,Suez Canal,Mumbai Port,sea,stormy,0.0081,10.29
Last_Mile,Regional Hub,Local Terminal,road,stormy,0.2549,5.32
Global_Freight,Atlanta Air Hub,Delhi Air Cargo,air,Clear,0.1359,4.72
Global_Freight,Los Angeles Port,Mumbai Port,sea,stormy,0.1246,53.02
Global_Freight,Delhi Air Cargo,Atlanta Air Hub,air,Clear,0.4228,32.16
Last_Mile,Chicago Rail Hub,Dallas Corridor,rail,stormy,0.2582,23.37
Global_Freight,Atlanta Air Hub,Dubai Logistics Hub,air,stormy,0.6278,35.79
Last_Mile,Regional Hub,Local Terminal,road,Clear,0.0,2.67
Global_Freight,Seattle Port,New York Port,sea,stormy,0.1282,40.83
Last_Mile,Regional Hub,Local Terminal,road,Clear,0.179,5.2
Last_Mile,Houston Port,Dallas Corridor,rail,Clear,0.2618,35.41
Last_Mile,Chicago Rail Hub,Houston Port,rail,rainy,0.1083,28.23
Global_Freight,Seattle Port,Suez Canal,sea,stormy,0.0,21.08
Global_Freight,Delhi Air Cargo,Atlanta Air Hub,air,rainy,0.2679,20.59
Last_Mile,Chicago Rail Hub,Dallas Corridor,rail,stormy,0.1642,34.62
Last_Mile,Regional Hub,Local Terminal,road,stormy,0.2901,4.56
Global_Freight,Dubai Logistics Hub,Delhi Air Cargo,air,Clear,0.0,3.49
Last_Mile,Chicago Rail Hub,St. Louis Hub,rail,rainy,0.5558,81.72
Last_Mile,Regional Hub,Local Terminal,road,rainy,0.1097,2.12
Last_Mile,Regional Hub,Local Terminal,road,stormy,0.0484,1.38
Last_Mile,Regional Hub,Local Terminal,road,stormy,0.1226,1.07
Last_Mile,St. Louis Hub,Chicago Rail Hub,rail,rainy,0.0,2.14
Last_Mile,Chicago Rail Hub,Dallas Corridor,rail,Clear,0.0179,9.84
Last_Mile,Regional Hub,Local Terminal,road,rainy,0.1886,4.73
Global_Freight,Shanghai Port,Seattle Port,sea,rainy,0.1364,22.53
Global_Freight,Atlanta Air Hub,Dubai Logistics Hub,air,stormy,0.0457,4.9
Last_Mile,Regional Hub,Local Terminal,road,stormy,0.1697,5.51
Global_Freight,Suez Canal,Singapore Port,sea,stormy,0.0,10.06
Global_Freight,Dubai Logistics Hub,Atlanta Air Hub,air,stormy,0.2765,6.94
Global_Freight,New York Port,Suez Canal,sea,Clear,0.129,74.28
Last_Mile,Houston Port,Dallas Corridor,rail,stormy,0.0669,18.83
Global_Freight,Seattle Port,Los Angeles Port,sea,stormy,0.0,14.93
Global_Freight,Atlanta Air Hub,Delhi Air Cargo,air,Clear,0.2799,23.0
Last_Mile,Dallas Corridor,Houston Port,rail,Clear,0.1552,21.37
Last_Mile,Regional Hub,Local Terminal,road,Clear,0.2679,8.88
Global_Freight,Atlanta Air Hub,Dubai Logistics Hub,air,rainy,0.0,1.18
Global_Freight,Dubai Logistics Hub,Delhi Air Cargo,air,rainy,0.317,18.25
Global_Freight,Delhi Air Cargo,Atlanta Air Hub,air,Clear,0.3711,29.71
Global_Freight,Seattle Port,Suez Canal,sea,stormy,0.2313,33.48
Last_Mile,St. Louis Hub,Chicago Rail Hub,rail,stormy,0.0,7.61
Global_Freight,Seattle Port,Singapore Port,sea,rainy,0.0517,26.77
Last_Mile,Dallas Corridor,Houston Port,rail,Clear,0.2981,19.1
Last_Mile,Dallas Corridor,Houston Port,rail,stormy,0.0791,1.83
Last_Mile,Regional Hub,Local Terminal,road,stormy,0.2034,1.21
Global_Freight,Shanghai Port,Los Angeles Port,sea,rainy,0.0007,46.75
Global_Freight,Delhi Air Cargo,Atlanta Air Hub,air,Clear,0.3016,35.36
Last_Mile,Houston Port,Chicago Rail Hub,rail,stormy,0.5912,87.35
Global_Freight,Los Angeles Port,Mumbai Port,sea,stormy,0.0899,75.78
Global_Freight,Rotterdam Port,Seattle Port,sea,rainy,0.2934,56.54
Last_Mile,Regional Hub,Local Terminal,road,Clear,0.0343,3.22
Last_Mile,Regional Hub,Local Terminal,road,stormy,0.0,0.22
Last_Mile,Dallas Corridor,St. Louis Hub,rail,Clear,0.189,21.0
Last_Mile,Regional Hub,Local Terminal,road,Clear,0.2993,4.45
Last_Mile,St. Louis Hub,Chicago Rail Hub,rail,Clear,0.2909,39.81
Global_Freight,Rotterdam Port,Seattle Port,sea,stormy,0.0396,6.87
Last_Mile,Dallas Corridor,Houston Port,rail,stormy,0.191,16.42
Global_Freight,Delhi Air Cargo,Dubai Logistics Hub,air,rainy,0.0,9.73
Global_Freight,Los Angeles Port,Mumbai Port,sea,Clear,0.1634,36.04
Global_Freight,Singapore Port,Suez Canal,sea,stormy,0.0,3.62
Last_Mile,Regional Hub,Local Terminal,road,rainy,0.1979,3.86
Global_Freight,Los Angeles Port,New York Port,sea,rainy,0.9,122.04
Global_Freight,Atlanta Air Hub,Delhi Air Cargo,air,Clear,0.2656,12.84
Last_Mile,Regional Hub,Local Terminal,road,rainy,0.1107,2.48
Global_Freight,Delhi Air Cargo,Atlanta Air Hub,air,rainy,0.279,27.82
Global_Freight,Delhi Air Cargo,Dubai Logistics Hub,air,rainy,0.1198,6.32
Last_Mile,Regional Hub,Local Terminal,road,Clear,0.1285,1.17
Global_Freight,Dubai Logistics Hub,Atlanta Air Hub,air,Clear,0.2032,2.87
Global_Freight,Delhi Air Cargo,Atlanta Air Hub,air,rainy,0.2801,45.81
Global_Freight,Suez Canal,Rotterdam Port,sea,stormy,0.052,11.6
Global_Freight,Delhi Air Cargo,Dubai Logistics Hub,air,stormy,0.1203,4.26
Global_Freight,Los Angeles Port,Shanghai Port,sea,Clear,0.0,10.63
Global_Freight,Dubai Logistics Hub,Atlanta Air Hub,air,Clear,0.3996,23.38
Global_Freight,New York Port,Seattle Port,sea,rainy,0.1555,25.36
Global_Freight,Dubai Logistics Hub,Atlanta Air Hub,air,rainy,0.0,6.57
Last_Mile,Chicago Rail Hub,Houston Port,rail,rainy,0.2525,27.96
Last_Mile,Regional Hub,Local Terminal,road,stormy,0.038,3.75
Global_Freight,Delhi Air Cargo,Dubai Logistics Hub,air,Clear,0.0,9.67
Last_Mile,Regional Hub,Local Terminal,road,Clear,0.0501,3.47
Last_Mile,St. Louis Hub,Dallas Corridor,rail,rainy,0.0378,12.28
Last_Mile,Regional Hub,Local Terminal,road,stormy,0.3182,3.54
Global_Freight,Los Angeles Port,Singapore Port,sea,stormy,0.2076,42.38
Last_Mile,Chicago Rail Hub,Houston Port,rail,rainy,0.0882,8.25
Global_Freight,Dubai Logistics Hub,Delhi Air Cargo,air,rainy,0.3271,9.95
Last_Mile,Chicago Rail Hub,Dallas Corridor,rail,rainy,0.4319,65.88
Last_Mile,Regional Hub,Local Terminal,road,rainy,0.0378,1.02
Last_Mile,Regional Hub,Local Terminal,road,Clear,0.3515,5.58
Global_Freight,Delhi Air Cargo,Atlanta Air Hub,air,stormy,0.1936,27.56
Global_Freight,Mumbai Port,Shanghai Port,sea,rainy,0.285,54.97
Last_Mile,Regional Hub,Local Terminal,road,stormy,0.0,2.31
Last_Mile,Dallas Corridor,Houston Port,rail,rainy,0.4864,46.96
Global_Freight,Singapore Port,Rotterdam Port,sea,stormy,0.0,0.62
Global_Freight,Singapore Port,Rotterdam Port,sea,rainy,0.1597,32.58
Last_Mile,Dallas Corridor,Chicago Rail Hub,rail,rainy,0.4332,53.39
Global_Freight,Suez Canal,Seattle Port,sea,Clear,0.0606,7.24
Global_Freight,Suez Canal,Mumbai Port,sea,rainy,0.1053,24.84
Global_Freight,Mumbai Port,Shanghai Port,sea,rainy,0.1387,19.94
Last_Mile,Regional Hub,Local Terminal,road,Clear,0.0804,3.64
Last_Mile,Regional Hub,Local Terminal,road,rainy,0.1002,2.48
Last_Mile,Dallas Corridor,Houston Port,rail,stormy,0.231,24.6
Global_Freight,Seattle Port,Mumbai Port,sea,stormy,0.0,34.65
Last_Mile,Regional Hub,Local Terminal,road,rainy,0.0455,0.91
Last_Mile,Regional Hub,Local Terminal,road,rainy,0.1924,5.59
Last_Mile,Regional Hub,Local Terminal,road,rainy,0.0,1.62
Global_Freight,Shanghai Port,Mumbai Port,sea,stormy,0.85,105.9
Last_Mile,Regional Hub,Local Terminal,road,Clear,0.0,2.23
Global_Freight,Delhi Air Cargo,Atlanta Air Hub,air,rainy,0.2286,14.04
Global_Freight,Dubai Logistics Hub,Delhi Air Cargo,air,rainy,0.0269,0.71
Global_Freight,Seattle Port,Shanghai Port,sea,Clear,0.3258,49.24
Last_Mile,St. Louis Hub,Dallas Corridor,rail,Clear,0.135,2.9
Last_Mile,Houston Port,St. Louis Hub,rail,Clear,0.3213,72.41
Global_Freight,Atlanta Air Hub,Delhi Air Cargo,air,rainy,0.1261,6.58
Last_Mile,Regional Hub,Local Terminal,road,rainy,0.1826,3.64
Last_Mile,Chicago Rail Hub,Houston Port,rail,Clear,0.0183,9.52
Global_Freight,Delhi Air Cargo,Atlanta Air Hub,air,stormy,0.1895,17.02
Last_Mile,Regional Hub,Local Terminal,road,Clear,0.0,2.22
Global_Freight,Shanghai Port,Rotterdam Port,sea,rainy,0.2858,37.39
Last_Mile,St. Louis Hub,Houston Port,rail,stormy,0.1134,9.62
Global_Freight,Atlanta Air Hub,Delhi Air Cargo,air,Clear,0.1527,7.95
Last_Mile,Regional Hub,Local Terminal,road,rainy,0.1623,1.76
Last_Mile,Chicago Rail Hub,St. Louis Hub,rail,rainy,0.3816,46.74
Last_Mile,Houston Port,Dallas Corridor,rail,stormy,0.1815,18.29
Last_Mile,Chicago Rail Hub,Dallas Corridor,rail,stormy,0.0505,15.94
Last_Mile,Regional Hub,Local Terminal,road,Clear,0.1441,1.02
Global_Freight,Shanghai Port,Los Angeles Port,sea,stormy,0.0,25.33
Last_Mile,Regional Hub,Local Terminal,road,rainy,0.0,1.16
Global_Freight,Singapore Port,Suez Canal,sea,rainy,0.0,19.27
Global_Freight,Shanghai Port,Singapore Port,sea,stormy,0.1876,33.84
Global_Freight,Shanghai Port,Suez Canal,sea,rainy,0.2442,49.09
Global_Freight,Dubai Logistics Hub,Delhi Air Cargo,air,rainy,0.1039,6.96
Global_Freight,Seattle Port,Suez Canal,sea,rainy,0.0256,14.51
Last_Mile,Regional Hub,Local Terminal,road,stormy,0.0,3.66
Last_Mile,Dallas Corridor,Houston Port,rail,Clear,0.0777,12.26
Global_Freight,New York Port,Mumbai Port,sea,stormy,0.1859,24.3
Last_Mile,Chicago Rail Hub,Houston Port,rail,rainy,0.0,14.45
Global_Freight,Dubai Logistics Hub,Delhi Air Cargo,air,rainy,0.0393,1.27
Global_Freight,Dubai Logistics Hub,Atlanta Air Hub,air,rainy,0.0058,1.95
Last_Mile,Houston Port,Dallas Corridor,rail,Clear,0.3084,41.81
Last_Mile,Regional Hub,Local Terminal,road,Clear,0.2313,2.33
Global_Freight,Singapore Port,Mumbai Port,sea,stormy,0.2197,11.81
Last_Mile,St. Louis Hub,Houston Port,rail,stormy,0.2148,7.96
Last_Mile,Regional Hub,Local Terminal,road,Clear,0.1255,5.62
Global_Freight,Delhi Air Cargo,Dubai Logistics Hub,air,rainy,0.1144,15.08
Global_Freight,Delhi Air Cargo,Dubai Logistics Hub,air,Clear,0.0,3.1
Last_Mile,Dallas Corridor,St. Louis Hub,rail,Clear,0.0,11.6
Global_Freight,Seattle Port,Shanghai Port,sea,rainy,0.1127,27.68
Last_Mile,Regional Hub,Local Terminal,road,stormy,0.1475,5.37
Global_Freight,Seattle Port,Singapore Port,sea,stormy,0.0033,1.7
Last_Mile,Regional Hub,Local Terminal,road,rainy,0.0019,1.49
Last_Mile,Regional Hub,Local Terminal,road,stormy,0.1154,2.95
Global_Freight,Los Angeles Port,Rotterdam Port,sea,Clear,0.2038,16.19
Last_Mile,Houston Port,St. Louis Hub,rail,stormy,0.1393,7.95
Global_Freight,Suez Canal,Seattle Port,sea,stormy,0.0866,29.43
Global_Freight,Shanghai Port,Mumbai Port,sea,rainy,0.1666,35.92
Last_Mile,Houston Port,Dallas Corridor,rail,stormy,0.0832,36.49
Global_Freight,Dubai Logistics Hub,Atlanta Air Hub,air,stormy,0.0,4.5
Global_Freight,Mumbai Port,Los Angeles Port,sea,rainy,0.2587,77.05
Global_Freight,Mumbai Port,Singapore Port,sea,Clear,0.1115,68.06
Global_Freight,Singapore Port,Shanghai Port,sea,Clear,0.0461,20.54
Last_Mile,Dallas Corridor,St. Louis Hub,rail,stormy,0.0808,13.23
Global_Freight,Dubai Logistics Hub,Delhi Air Cargo,air,rainy,0.0944,2.96
Global_Freight,Rotterdam Port,Shanghai Port,sea,rainy,0.3991,44.93
Last_Mile,Houston Port,Chicago Rail Hub,rail,rainy,0.3703,28.23
Last_Mile,Regional Hub,Local Terminal,road,rainy,0.1043,5.56
Last_Mile,Regional Hub,Local Terminal,road,rainy,0.2857,2.78
Global_Freight,Los Angeles Port,New York Port,sea,Clear,0.1288,119.2
Last_Mile,Regional Hub,Local Terminal,road,rainy,0.1222,0.79
Last_Mile,Dallas Corridor,Houston Port,rail,stormy,0.3453,29.06
Global_Freight,Suez Canal,Mumbai Port,sea,stormy,0.0,5.71
Last_Mile,Regional Hub,Local Terminal,road,Clear,0.0,1.15
Last_Mile,Dallas Corridor,Houston Port,rail,stormy,0.2441,34.54
Global_Freight,Delhi Air Cargo,Atlanta Air Hub,air,stormy,0.1972,14.16
Global_Freight,Seattle Port,New York Port,sea,rainy,0.2085,24.68
Last_Mile,Regional Hub,Local Terminal,road,rainy,0.0,2.33
Last_Mile,St. Louis Hub,Houston Port,rail,rainy,0.0,8.33
Last_Mile,Dallas Corridor,St. Louis Hub,rail,stormy,0.344,15.32
Last_Mile,Regional Hub,Local Terminal,road,Clear,0.0,2.4
Global_Freight,Atlanta Air Hub,Delhi Air Cargo,air,rainy,0.4432,27.98
Last_Mile,Regional Hub,Local Terminal,road,rainy,0.1056,3.86
Global_Freight,Suez Canal,Shanghai Port,sea,Clear,0.0048,4.54
Global_Freight,New York Port,Seattle Port,sea,Clear,0.1713,30.1
Global_Freight,Rotterdam Port,Singapore Port,sea,rainy,0.1899,33.39
Last_Mile,Houston Port,Dallas Corridor,rail,rainy,0.0351,26.59
Global_Freight,Atlanta Air Hub,Dubai Logistics Hub,air,rainy,0.0725,6.12
Global_Freight,Delhi Air Cargo,Atlanta Air Hub,air,Clear,0.2255,29.19
Last_Mile,Regional Hub,Local Terminal,road,Clear,0.0385,1.59
Last_Mile,Regional Hub,Local Terminal,road,Clear,0.1425,3.08
Global_Freight,Dubai Logistics Hub,Atlanta Air Hub,air,stormy,0.0,2.82
Last_Mile,Houston Port,Chicago Rail Hub,rail,stormy,0.2585,50.51
Global_Freight,Delhi Air Cargo,Dubai Logistics Hub,air,stormy,0.2589,8.13
Global_Freight,Los Angeles Port,New York Port,sea,stormy,0.1272,28.63
Last_Mile,Houston Port,Dallas Corridor,rail,rainy,0.11,10.66
Global_Freight,Dubai Logistics Hub,Atlanta Air Hub,air,rainy,0.3632,8.53
Global_Freight,Singapore Port,Rotterdam Port,sea,stormy,0.0074,10.26
Global_Freight,Shanghai Port,Suez Canal,sea,Clear,0.0,7.72
Global_Freight,Singapore Port,Seattle Port,sea,Clear,0.2673,19.29
Last_Mile,Regional Hub,Local Terminal,road,rainy,0.0526,9.7
Global_Freight,Dubai Logistics Hub,Atlanta Air Hub,air,Clear,0.2967,9.75
Last_Mile,Chicago Rail Hub,Houston Port,rail,stormy,0.6737,67.82
Last_Mile,Regional Hub,Local Terminal,road,Clear,0.2569,4.54
Global_Freight,Dubai Logistics Hub,Atlanta Air Hub,air,Clear,0.1431,9.52
Last_Mile,Regional Hub,Local Terminal,road,stormy,0.144,9.1
Last_Mile,Regional Hub,Local Terminal,road,rainy,0.0,2.32
Global_Freight,Atlanta Air Hub,Dubai Logistics Hub,air,rainy,0.4968,35.76
Last_Mile,Regional Hub,Local Terminal,road,Clear,0.0675,3.64
Last_Mile,Chicago Rail Hub,Dallas Corridor,rail,stormy,0.3951,27.83
Last_Mile,Regional Hub,Local Terminal,road,rainy,0.1889,1.77
Global_Freight,New York Port,Shanghai Port,sea,stormy,0.1506,49.48
Global_Freight,Atlanta Air Hub,Dubai Logistics Hub,air,stormy,0.077,7.8
Global_Freight,New York Port,Rotterdam Port,sea,Clear,0.0,24.73
Last_Mile,Regional Hub,Local Terminal,road,rainy,0.0,1.77
Last_Mile,Regional Hub,Local Terminal,road,rainy,0.1818,3.18
Global_Freight,Dubai Logistics Hub,Atlanta Air Hub,air,Clear,0.0,7.36
Last_Mile,St. Louis Hub,Dallas Corridor,rail,stormy,0.4099,43.78
Global_Freight,Singapore Port,Rotterdam Port,sea,rainy,0.1926,12.3
Last_Mile,St. Louis Hub,Chicago Rail Hub,rail,rainy,0.1393,13.75
Last_Mile,Chicago Rail Hub,St. Louis Hub,rail,Clear,0.7,51.68
Global_Freight,New York Port,Shanghai Port,sea,rainy,0.0,35.19
Last_Mile,Regional Hub,Local Terminal,road,Clear,0.2595,4.68
Last_Mile,Regional Hub,Local Terminal,road,rainy,0.191,5.92
Last_Mile,Regional Hub,Local Terminal,road,rainy,0.1526,6.84
Global_Freight,Dubai Logistics Hub,Delhi Air Cargo,air,stormy,0.0896,10.86
Global_Freight,Singapore Port,Seattle Port,sea,rainy,0.1366,17.14
Global_Freight,Seattle Port,Los Angeles Port,sea,Clear,0.0281,13.46
Last_Mile,Regional Hub,Local Terminal,road,Clear,0.2059,4.17
Global_Freight,Rotterdam Port,Los Angeles Port,sea,stormy,0.1852,25.49
Last_Mile,Houston Port,Dallas Corridor,rail,rainy,0.1932,7.41
Global_Freight,Rotterdam Port,Suez Canal,sea,Clear,0.2026,11.2
Last_Mile,Houston Port,St. Louis Hub,rail,rainy,0.2365,43.47
Last_Mile,Regional Hub,Local Terminal,road,rainy,0.1933,6.79
Last_Mile,Chicago Rail Hub,Dallas Corridor,rail,rainy,0.1007,20.61
Last_Mile,Dallas Corridor,Chicago Rail Hub,rail,rainy,0.2114,27.35
Last_Mile,Regional Hub,Local Terminal,road,stormy,0.1953,4.11
Global_Freight,Suez Canal,Seattle Port,sea,stormy,0.2035,9.23
Global_Freight,Dubai Logistics Hub,Delhi Air Cargo,air,rainy,0.2779,12.96
Global_Freight,Dubai Logistics Hub,Atlanta Air Hub,air,rainy,0.0,2.42
Last_Mile,Regional Hub,Local Terminal,road,rainy,0.2082,4.31
Global_Freight,Singapore Port,Los Angeles Port,sea,stormy,0.1007,20.11
Last_Mile,Dallas Corridor,Houston Port,rail,stormy,0.1358,17.86
Last_Mile,Dallas Corridor,St. Louis Hub,rail,stormy,0.2414,17.02
Last_Mile,Regional Hub,Local Terminal,road,Clear,0.0,0.73
Last_Mile,Dallas Corridor,Chicago Rail Hub,rail,rainy,0.2845,18.38
Global_Freight,Singapore Port,Seattle Port,sea,Clear,0.0963,16.42
Global_Freight,Delhi Air Cargo,Atlanta Air Hub,air,Clear,0.1725,16.77
Last_Mile,Regional Hub,Local Terminal,road,stormy,0.156,1.45
Last_Mile,Regional Hub,Local Terminal,road,rainy,0.042,2.3
Global_Freight,Dubai Logistics Hub,Delhi Air Cargo,air,Clear,0.0479,9.72
Last_Mile,Chicago Rail Hub,Dallas Corridor,rail,stormy,0.2602,33.77
Last_Mile,Regional Hub,Local Terminal,road,rainy,0.0113,7.43
Global_Freight,Los Angeles Port,Suez Canal,sea,rainy,0.1122,49.65
Last_Mile,Regional Hub,Local Terminal,road,rainy,0.0837,0.94
Global_Freight,Singapore Port,Mumbai Port,sea,stormy,0.2935,27.54
Global_Freight,Delhi Air Cargo,Atlanta Air Hub,air,rainy,0.3053,33.37
Last_Mile,Houston Port,St. Louis Hub,rail,stormy,0.2218,30.11
Global_Freight,Atlanta Air Hub,Dubai Logistics Hub,air,Clear,0.4074,25.97
Last_Mile,Houston Port,St. Louis Hub,rail,rainy,0.1963,11.35
Global_Freight,Singapore Port,Rotterdam Port,sea,rainy,0.2412,17.79
Global_Freight,Delhi Air Cargo,Atlanta Air Hub,air,stormy,0.2294,23.19
Last_Mile,Dallas Corridor,Houston Port,rail,Clear,0.2124,21.29
Last_Mile,Regional Hub,Local Terminal,road,Clear,0.0,1.39
Global_Freight,Atlanta Air Hub,Dubai Logistics Hub,air,stormy,0.2354,10.21
Last_Mile,Houston Port,Chicago Rail Hub,rail,stormy,0.153,25.79
Last_Mile,St. Louis Hub,Houston Port,rail,Clear,0.136,10.6
Last_Mile,Regional Hub,Local Terminal,road,stormy,0.0,3.27
Global_Freight,Singapore Port,Rotterdam Port,sea,rainy,0.479,39.34
Global_Freight,Atlanta Air Hub,Delhi Air Cargo,air,stormy,0.0505,12.49
Last_Mile,Houston Port,Dallas Corridor,rail,stormy,0.3997,23.05
Last_Mile,Dallas Corridor,Houston Port,rail,stormy,0.0583,12.87
Last_Mile,St. Louis Hub,Chicago Rail Hub,rail,rainy,0.0672,4.8
Last_Mile,Regional Hub,Local Terminal,road,Clear,0.0,2.4
Last_Mile,Chicago Rail Hub,Dallas Corridor,rail,rainy,0.2572,28.28
Last_Mile,Regional Hub,Local Terminal,road,stormy,0.0039,0.28
Global_Freight,Atlanta Air Hub,Dubai Logistics Hub,air,stormy,0.0227,7.76
Last_Mile,Dallas Corridor,Chicago Rail Hub,rail,rainy,0.0,2.95
Last_Mile,Houston Port,Chicago Rail Hub,rail,stormy,0.0,4.95
Global_Freight,Rotterdam Port,New York Port,sea,Clear,0.2829,40.35
Global_Freight,Rotterdam Port,New York Port,sea,stormy,0.1633,43.35
Last_Mile,Chicago Rail Hub,Houston Port,rail,stormy,0.285,36.35
Global_Freight,Suez Canal,Seattle Port,sea,Clear,0.0541,21.43
Global_Freight,Delhi Air Cargo,Atlanta Air Hub,air,stormy,0.1812,25.11
Last_Mile,Regional Hub,Local Terminal,road,Clear,0.1129,3.55
Global_Freight,Rotterdam Port,New York Port,sea,stormy,0.2379,23.17
Last_Mile,Houston Port,Chicago Rail Hub,rail,Clear,0.0994,25.9
Last_Mile,Houston Port,Chicago Rail Hub,rail,Clear,0.3037,36.48
Last_Mile,Chicago Rail Hub,Dallas Corridor,rail,Clear,0.4433,39.95
Global_Freight,New York Port,Shanghai Port,sea,rainy,0.2987,30.45
Global_Freight,Dubai Logistics Hub,Delhi Air Cargo,air,stormy,0.5342,30.13
Last_Mile,Dallas Corridor,Chicago Rail Hub,rail,stormy,0.0136,6.5
Last_Mile,Dallas Corridor,St. Louis Hub,rail,Clear,0.3095,38.3
Global_Freight,Singapore Port,Mumbai Port,sea,rainy,0.2475,15.19
Global_Freight,Delhi Air Cargo,Dubai Logistics Hub,air,rainy,0.1468,10.86
Last_Mile,Regional Hub,Local Terminal,road,Clear,0.1565,10.74
Last_Mile,St. Louis Hub,Chicago Rail Hub,rail,stormy,0.0651,8.03
Last_Mile,St. Louis Hub,Dallas Corridor,rail,Clear,0.5198,37.94
Global_Freight,Atlanta Air Hub,Dubai Logistics Hub,air,stormy,0.0,10.04
Global_Freight,Seattle Port,Mumbai Port,sea,Clear,0.0068,21.32
Last_Mile,Dallas Corridor,Houston Port,rail,rainy,0.0704,18.66
Global_Freight,Dubai Logistics Hub,Delhi Air Cargo,air,rainy,0.0,4.56
Last_Mile,Houston Port,Chicago Rail Hub,rail,rainy,0.2377,25.04
Last_Mile,Regional Hub,Local Terminal,road,rainy,0.3345,7.98
Last_Mile,Houston Port,Chicago Rail Hub,rail,Clear,0.141,8.98
Last_Mile,Houston Port,Dallas Corridor,rail,stormy,0.4695,71.29
Last_Mile,Regional Hub,Local Terminal,road,rainy,0.2023,4.03
Last_Mile,Houston Port,Dallas Corridor,rail,rainy,0.1235,25.95
Global_Freight,Delhi Air Cargo,Dubai Logistics Hub,air,Clear,0.1495,18.74
Global_Freight,Delhi Air Cargo,Atlanta Air Hub,air,Clear,0.0,0.39
Global_Freight,Mumbai Port,Seattle Port,sea,stormy,0.0846,32.25
Last_Mile,Regional Hub,Local Terminal,road,rainy,0.2242,4.48
Global_Freight,Atlanta Air Hub,Dubai Logistics Hub,air,rainy,0.1347,9.86
Last_Mile,Chicago Rail Hub,Houston Port,rail,Clear,0.6468,48.96
Last_Mile,Dallas Corridor,St. Louis Hub,rail,stormy,0.1008,22.89
Last_Mile,St. Louis Hub,Chicago Rail Hub,rail,rainy,0.536,52.3
Last_Mile,Regional Hub,Local Terminal,road,rainy,0.1979,3.1
Global_Freight,Singapore Port,Los Angeles Port,sea,rainy,0.0,14.78
Last_Mile,Dallas Corridor,St. Louis Hub,rail,rainy,0.1195,9.84
Last_Mile,Dallas Corridor,St. Louis Hub,rail,stormy,0.2086,10.67
Global_Freight,Singapore Port,Seattle Port,sea,stormy,0.0,5.94
Global_Freight,Singapore Port,Seattle Port,sea,stormy,0.3338,40.34
Global_Freight,Atlanta Air Hub,Delhi Air Cargo,air,Clear,0.0,1.28
Last_Mile,Houston Port,St. Louis Hub,rail,stormy,0.0309,24.4
Last_Mile,Regional Hub,Local Terminal,road,rainy,0.0,1.32
Global_Freight,Seattle Port,Shanghai Port,sea,Clear,0.2135,37.07
Last_Mile,Regional Hub,Local Terminal,road,stormy,0.0,2.94
Global_Freight,Los Angeles Port,New York Port,sea,Clear,0.5441,151.84
Last_Mile,Regional Hub,Local Terminal,road,stormy,0.1307,2.27
Last_Mile,Dallas Corridor,St. Louis Hub,rail,stormy,0.0498,8.29
Last_Mile,Houston Port,Chicago Rail Hub,rail,Clear,0.1293,2.22
Global_Freight,Atlanta Air Hub,Dubai Logistics Hub,air,stormy,0.0,5.42
Global_Freight,New York Port,Shanghai Port,sea,rainy,0.3501,79.4
Global_Freight,Rotterdam Port,Seattle Port,sea,stormy,0.1479,21.74
Global_Freight,Shanghai Port,Seattle Port,sea,stormy,0.3009,58.44
Global_Freight,Atlanta Air Hub,Dubai Logistics Hub,air,Clear,0.3087,12.63
Last_Mile,Regional Hub,Local Terminal,road,stormy,0.1455,2.47
Last_Mile,Dallas Corridor,Chicago Rail Hub,rail,Clear,0.1298,12.1
Last_Mile,Dallas Corridor,Houston Port,rail,Clear,0.0457,18.91
Last_Mile,Regional Hub,Local Terminal,road,Clear,0.3131,8.09
Last_Mile,Houston Port,Chicago Rail Hub,rail,rainy,0.2011,26.14
Last_Mile,Chicago Rail Hub,Dallas Corridor,rail,stormy,0.2041,43.31
Last_Mile,Regional Hub,Local Terminal,road,Clear,0.0582,3.24
Last_Mile,Regional Hub,Local Terminal,road,Clear,0.0,2.54
Global_Freight,Dubai Logistics Hub,Atlanta Air Hub,air,Clear,0.1584,1.49
Global_Freight,Delhi Air Cargo,Dubai Logistics Hub,air,rainy,0.1759,22.62
Global_Freight,Atlanta Air Hub,Delhi Air Cargo,air,Clear,0.0,2.5
Global_Freight,Shanghai Port,Los Angeles Port,sea,stormy,0.2366,28.76
Global_Freight,Dubai Logistics Hub,Delhi Air Cargo,air,stormy,0.0252,4.76
Last_Mile,St. Louis Hub,Chicago Rail Hub,rail,stormy,0.1102,17.08
Last_Mile,Regional Hub,Local Terminal,road,Clear,0.0059,2.38
Last_Mile,Regional Hub,Local Terminal,road,Clear,0.3124,10.6
Last_Mile,Regional Hub,Local Terminal,road,stormy,0.0283,2.33
Last_Mile,Regional Hub,Local Terminal,road,stormy,0.273,3.22
Last_Mile,Houston Port,St. Louis Hub,rail,stormy,0.0,4.18
Last_Mile,Dallas Corridor,Chicago Rail Hub,rail,rainy,0.2188,12.3
Last_Mile,Houston Port,St. Louis Hub,rail,rainy,0.3798,37.65
Global_Freight,New York Port,Los Angeles Port,sea,Clear,0.0275,1.11
Last_Mile,Houston Port,Chicago Rail Hub,rail,rainy,0.0,13.13
Last_Mile,Regional Hub,Local Terminal,road,rainy,0.0592,4.06
Global_Freight,Delhi Air Cargo,Atlanta Air Hub,air,stormy,0.0143,5.56
Last_Mile,Dallas Corridor,Houston Port,rail,Clear,0.2161,30.39
Global_Freight,Shanghai Port,New York Port,sea,stormy,0.2498,48.86
Global_Freight,Seattle Port,New York Port,sea,stormy,0.0285,8.28
Global_Freight,Delhi Air Cargo,Dubai Logistics Hub,air,stormy,0.0658,10.32
Global_Freight,Atlanta Air Hub,Delhi Air Cargo,air,Clear,0.1994,16.42
Global_Freight,Delhi Air Cargo,Dubai Logistics Hub,air,stormy,0.0688,24.73
Global_Freight,Atlanta Air Hub,Dubai Logistics Hub,air,stormy,0.135,10.29
Global_Freight,New York Port,Shanghai Port,sea,stormy,0.3213,30.72
Global_Freight,Los Angeles Port,Rotterdam Port,sea,rainy,0.1207,26.33
Last_Mile,Regional Hub,Local Terminal,road,stormy,0.0,1.38
Last_Mile,Dallas Corridor,Chicago Rail Hub,rail,Clear,0.1387,8.05
Global_Freight,Singapore Port,Los Angeles Port,sea,rainy,0.0202,1.93
Last_Mile,Chicago Rail Hub,Houston Port,rail,stormy,0.1039,22.33
Global_Freight,Singapore Port,Seattle Port,sea,Clear,0.2586,33.36
Global_Freight,Los Angeles Port,Mumbai Port,sea,Clear,0.2729,20.1
Last_Mile,Regional Hub,Local Terminal,road,stormy,0.1033,4.54
Global_Freight,Delhi Air Cargo,Atlanta Air Hub,air,Clear,0.202,9.49
Last_Mile,Regional Hub,Local Terminal,road,stormy,0.0,1.38
Last_Mile,Regional Hub,Local Terminal,road,rainy,0.0,2.24
Global_Freight,Seattle Port,Shanghai Port,sea,rainy,0.2132,38.27
Last_Mile,St. Louis Hub,Dallas Corridor,rail,stormy,0.0,12.92
Last_Mile,St. Louis Hub,Dallas Corridor,rail,rainy,0.1213,12.95
Last_Mile,St. Louis Hub,Houston Port,rail,rainy,0.2993,33.09
Global_Freight,Rotterdam Port,Shanghai Port,sea,Clear,0.0146,10.26
Last_Mile,Chicago Rail Hub,Houston Port,rail,Clear,0.352,30.52
Global_Freight,Singapore Port,Mumbai Port,sea,rainy,0.0761,30.19
Last_Mile,Regional Hub,Local Terminal,road,Clear,0.0761,2.49
Global_Freight,Mumbai Port,Shanghai Port,sea,Clear,0.0778,50.15
Global_Freight,Mumbai Port,New York Port,sea,Clear,0.2993,44.08
Global_Freight,Atlanta Air Hub,Dubai Logistics Hub,air,stormy,0.1216,7.13
Global_Freight,Atlanta Air Hub,Dubai Logistics Hub,air,rainy,0.4593,25.06
Global_Freight,Shanghai Port,Mumbai Port,sea,stormy,0.1937,27.79
Last_Mile,Regional Hub,Local Terminal,road,stormy,0.0731,4.48
Last_Mile,Regional Hub,Local Terminal,road,stormy,0.0436,3.25
Global_Freight,Dubai Logistics Hub,Delhi Air Cargo,air,Clear,0.2434,7.89
Global_Freight,Dubai Logistics Hub,Delhi Air Cargo,air,Clear,0.1231,7.51
Last_Mile,Dallas Corridor,Chicago Rail Hub,rail,stormy,0.1869,10.05
Global_Freight,Seattle Port,Mumbai Port,sea,rainy,0.0107,37.63
Global_Freight,Atlanta Air Hub,Dubai Logistics Hub,air,rainy,0.1721,5.7
Last_Mile,Chicago Rail Hub,Dallas Corridor,rail,rainy,0.4448,58.01
Global_Freight,Rotterdam Port,Shanghai Port,sea,rainy,0.4653,56.83
Global_Freight,Dubai Logistics Hub,Delhi Air Cargo,air,stormy,0.1794,6.43
Last_Mile,Regional Hub,Local Terminal,road,stormy,0.0168,2.82
Global_Freight,Mumbai Port,Suez Canal,sea,stormy,1.0,353.72
Global_Freight,Singapore Port,New York Port,sea,stormy,0.2345,35.98
Global_Freight,Atlanta Air Hub,Delhi Air Cargo,air,stormy,0.0,5.13
Last_Mile,Dallas Corridor,St. Louis Hub,rail,Clear,0.1449,9.59
Global_Freight,Dubai Logistics Hub,Delhi Air Cargo,air,rainy,0.3294,14.63
Global_Freight,Atlanta Air Hub,Delhi Air Cargo,air,Clear,0.0458,2.42
Last_Mile,Houston Port,Dallas Corridor,rail,stormy,0.4016,55.87
Last_Mile,Houston Port,St. Louis Hub,rail,stormy,0.2492,21.95
Global_Freight,Atlanta Air Hub,Dubai Logistics Hub,air,stormy,0.0,8.9
Global_Freight,New York Port,Seattle Port,sea,rainy,0.0861,9.0
Global_Freight,Rotterdam Port,New York Port,sea,rainy,0.1929,19.53
Last_Mile,Houston Port,St. Louis Hub,rail,rainy,0.2831,23.11
Last_Mile,Regional Hub,Local Terminal,road,rainy,0.1437,3.45
Global_Freight,Atlanta Air Hub,Dubai Logistics Hub,air,rainy,0.0359,10.4
Global_Freight,Singapore Port,Mumbai Port,sea,rainy,0.0,5.16
Last_Mile,Dallas Corridor,St. Louis Hub,rail,stormy,0.1211,19.12
Global_Freight,Mumbai Port,Seattle Port,sea,stormy,0.055,4.11
Last_Mile,Regional Hub,Local Terminal,road,stormy,0.0483,0.28
Global_Freight,Atlanta Air Hub,Dubai Logistics Hub,air,stormy,0.0,3.41
Last_Mile,Regional Hub,Local Terminal,road,rainy,0.0723,2.55
Last_Mile,Chicago Rail Hub,Houston Port,rail,rainy,0.0562,8.48
Last_Mile,Dallas Corridor,Houston Port,rail,Clear,0.5154,49.55
Last_Mile,Dallas Corridor,St. Louis Hub,rail,Clear,0.2178,23.3
Last_Mile,Regional Hub,Local Terminal,road,rainy,0.1758,2.23
Global_Freight,Seattle Port,Singapore Port,sea,rainy,0.0031,13.27
Last_Mile,Regional Hub,Local Terminal,road,Clear,0.0359,3.26
Last_Mile,Regional Hub,Local Terminal,road,stormy,0.0262,3.17
Global_Freight,Atlanta Air Hub,Delhi Air Cargo,air,stormy,0.1495,4.46
Global_Freight,Delhi Air Cargo,Dubai Logistics Hub,air,stormy,0.5567,40.53
Global_Freight,Atlanta Air Hub,Dubai Logistics Hub,air,rainy,0.2875,8.77
Global_Freight,Delhi Air Cargo,Atlanta Air Hub,air,rainy,0.0885,15.0
Last_Mile,Regional Hub,Local Terminal,road,stormy,0.4464,11.19
Global_Freight,Atlanta Air Hub,Delhi Air Cargo,air,rainy,0.356,20.4
Last_Mile,Regional Hub,Local Terminal,road,Clear,0.1296,4.59
Global_Freight,Delhi Air Cargo,Dubai Logistics Hub,air,Clear,0.1234,10.91
Last_Mile,Chicago Rail Hub,St. Louis Hub,rail,Clear,0.7,21.65
Last_Mile,Regional Hub,Local Terminal,road,Clear,0.1214,5.11
Last_Mile,Chicago Rail Hub,St. Louis Hub,rail,Clear,0.107,24.25
Global_Freight,New York Port,Los Angeles Port,sea,stormy,0.0878,15.68
Global_Freight,Shanghai Port,Los Angeles Port,sea,Clear,0.2316,26.39
Last_Mile,Houston Port,Chicago Rail Hub,rail,Clear,0.1985,19.63
Last_Mile,Dallas Corridor,Chicago Rail Hub,rail,rainy,0.1764,19.01
Global_Freight,Atlanta Air Hub,Dubai Logistics Hub,air,Clear,0.0,5.61
Last_Mile,Regional Hub,Local Terminal,road,rainy,0.2554,6.32
Global_Freight,Dubai Logistics Hub,Atlanta Air Hub,air,rainy,0.1167,9.92
Last_Mile,Regional Hub,Local Terminal,road,Clear,0.3992,10.45
Global_Freight,Delhi Air Cargo,Dubai Logistics Hub,air,Clear,0.0,0.97
Last_Mile,Chicago Rail Hub,St. Louis Hub,rail,rainy,0.321,39.14
Global_Freight,Rotterdam Port,New York Port,sea,Clear,0.2265,41.03
Last_Mile,Regional Hub,Local Terminal,road,stormy,0.1916,2.4
Global_Freight,Suez Canal,New York Port,sea,stormy,0.0152,7.19
Global_Freight,Rotterdam Port,Suez Canal,sea,rainy,0.0,24.62
Global_Freight,Atlanta Air Hub,Delhi Air Cargo,air,rainy,0.134,16.33
Global_Freight,Delhi Air Cargo,Atlanta Air Hub,air,stormy,0.0,3.47
Last_Mile,Regional Hub,Local Terminal,road,stormy,0.126,5.69
Global_Freight,Mumbai Port,Seattle Port,sea,stormy,0.0,26.41
Last_Mile,Regional Hub,Local Terminal,road,Clear,0.3187,9.78
Global_Freight,Seattle Port,Mumbai Port,sea,stormy,0.0,2.18
Global_Freight,Dubai Logistics Hub,Atlanta Air Hub,air,stormy,0.1323,7.97
Last_Mile,Regional Hub,Local Terminal,road,rainy,0.422,11.19
Last_Mile,Regional Hub,Local Terminal,road,rainy,0.2842,5.47
Global_Freight,Singapore Port,Seattle Port,sea,Clear,0.2668,28.78
Global_Freight,Delhi Air Cargo,Dubai Logistics Hub,air,stormy,0.201,7.1
Last_Mile,Chicago Rail Hub,Dallas Corridor,rail,Clear,0.4343,28.51
Last_Mile,Regional Hub,Local Terminal,road,Clear,0.0,1.34
Last_Mile,Regional Hub,Local Terminal,road,Clear,0.1114,1.49
Last_Mile,Regional Hub,Local Terminal,road,rainy,0.0369,0.63
Last_Mile,Houston Port,Dallas Corridor,rail,rainy,0.1067,8.1
Last_Mile,Regional Hub,Local Terminal,road,Clear,0.014,4.89
Global_Freight,Mumbai Port,Suez Canal,sea,Clear,0.0,42.27
Global_Freight,Dubai Logistics Hub,Atlanta Air Hub,air,stormy,0.2039,7.52
Global_Freight,Delhi Air Cargo,Dubai Logistics Hub,air,stormy,0.0894,9.38
Last_Mile,Chicago Rail Hub,St. Louis Hub,rail,stormy,0.0,4.17
Last_Mile,Regional Hub,Local Terminal,road,Clear,0.2949,5.15
Global_Freight,Rotterdam Port,Suez Canal,sea,Clear,0.086,28.71
Last_Mile,Regional Hub,Local Terminal,road,rainy,0.0,1.95
Global_Freight,Dubai Logistics Hub,Delhi Air Cargo,air,stormy,0.0874,5.51
Last_Mile,Chicago Rail Hub,Houston Port,rail,stormy,0.0542,5.58
Global_Freight,Delhi Air Cargo,Atlanta Air Hub,air,rainy,0.3017,25.25
Last_Mile,Regional Hub,Local Terminal,road,rainy,0.1941,5.07
Last_Mile,Regional Hub,Local Terminal,road,rainy,0.315,11.2
Last_Mile,Houston Port,Chicago Rail Hub,rail,stormy,0.2314,48.34
Global_Freight,Atlanta Air Hub,Dubai Logistics Hub,air,stormy,0.2213,17.67
Global_Freight,Suez Canal,Seattle Port,sea,rainy,0.0,5.56
Last_Mile,Regional Hub,Local Terminal,road,Clear,0.0,3.57
Last_Mile,Regional Hub,Local Terminal,road,stormy,0.2624,5.72
Last_Mile,Regional Hub,Local Terminal,road,rainy,0.0354,4.19
Last_Mile,Dallas Corridor,Houston Port,rail,stormy,0.5819,37.16
Global_Freight,Rotterdam Port,New York Port,sea,Clear,0.2087,18.04
Last_Mile,St. Louis Hub,Dallas Corridor,rail,Clear,0.0206,10.67
Global_Freight,Seattle Port,Mumbai Port,sea,rainy,0.0917,26.56
Global_Freight,New York Port,Mumbai Port,sea,Clear,0.3891,118.51
Global_Freight,Dubai Logistics Hub,Atlanta Air Hub,air,stormy,0.0,1.83
Global_Freight,Delhi Air Cargo,Atlanta Air Hub,air,stormy,0.0,10.65
Last_Mile,Regional Hub,Local Terminal,road,rainy,0.0161,3.43
Last_Mile,Regional Hub,Local Terminal,road,stormy,0.1632,1.57
Global_Freight,Singapore Port,Shanghai Port,sea,rainy,0.2603,22.77
Global_Freight,Suez Canal,Seattle Port,sea,rainy,0.0,17.46
Last_Mile,St. Louis Hub,Chicago Rail Hub,rail,stormy,0.2626,36.19
Last_Mile,Regional Hub,Local Terminal,road,Clear,0.1632,3.52
Last_Mile,Regional Hub,Local Terminal,road,rainy,0.058,5.68
Global_Freight,Delhi Air Cargo,Dubai Logistics Hub,air,rainy,0.0,11.7
Last_Mile,Regional Hub,Local Terminal,road,rainy,0.2141,7.32
Last_Mile,Regional Hub,Local Terminal,road,rainy,0.1387,1.16
Last_Mile,Regional Hub,Local Terminal,road,stormy,0.0279,2.58
Last_Mile,Regional Hub,Local Terminal,road,Clear,0.0946,7.33
Last_Mile,Regional Hub,Local Terminal,road,rainy,0.135,1.52
Global_Freight,Dubai Logistics Hub,Delhi Air Cargo,air,Clear,0.3042,5.37
Global_Freight,Delhi Air Cargo,Dubai Logistics Hub,air,Clear,0.0,6.26
Global_Freight,Seattle Port,New York Port,sea,rainy,0.0678,29.83
Last_Mile,Chicago Rail Hub,Dallas Corridor,rail,stormy,0.8441,66.3
Last_Mile,St. Louis Hub,Chicago Rail Hub,rail,rainy,0.1964,14.68
Global_Freight,Suez Canal,Seattle Port,sea,rainy,0.0968,19.24
Global_Freight,Dubai Logistics Hub,Atlanta Air Hub,air,rainy,0.3717,10.31
Last_Mile,Regional Hub,Local Terminal,road,stormy,0.0704,2.11
Last_Mile,Regional Hub,Local Terminal,road,Clear,0.0792,3.87
Last_Mile,Dallas Corridor,Houston Port,rail,rainy,0.2939,41.15
Global_Freight,Atlanta Air Hub,Dubai Logistics Hub,air,rainy,0.0948,9.71
Last_Mile,Regional Hub,Local Terminal,road,Clear,0.3248,11.98
Global_Freight,Dubai Logistics Hub,Atlanta Air Hub,air,stormy,0.3841,14.31
Global_Freight,Shanghai Port,New York Port,sea,Clear,0.4556,43.63
Global_Freight,Dubai Logistics Hub,Delhi Air Cargo,air,stormy,0.0,6.18
Global_Freight,Delhi Air Cargo,Dubai Logistics Hub,air,stormy,0.0,10.81
Last_Mile,Regional Hub,Local Terminal,road,rainy,0.1101,2.27
Last_Mile,Houston Port,Dallas Corridor,rail,rainy,0.0424,21.61
Global_Freight,Dubai Logistics Hub,Delhi Air Cargo,air,stormy,0.2867,10.49
Global_Freight,Delhi Air Cargo,Atlanta Air Hub,air,Clear,0.1381,13.83
Global_Freight,Delhi Air Cargo,Atlanta Air Hub,air,rainy,0.0009,4.04
Global_Freight,Dubai Logistics Hub,Delhi Air Cargo,air,Clear,0.0,3.08
Global_Freight,Rotterdam Port,Suez Canal,sea,stormy,0.0,17.27
Last_Mile,Houston Port,Dallas Corridor,rail,stormy,0.2882,31.03
Last_Mile,Houston Port,St. Louis Hub,rail,Clear,0.2604,43.95
Last_Mile,Houston Port,St. Louis Hub,rail,stormy,0.2425,30.23
Last_Mile,Regional Hub,Local Terminal,road,rainy,0.1994,2.76
Last_Mile,Regional Hub,Local Terminal,road,Clear,0.1221,3.86
Global_Freight,New York Port,Suez Canal,sea,Clear,0.0266,29.23
Last_Mile,St. Louis Hub,Dallas Corridor,rail,Clear,0.058,7.04
Global_Freight,Dubai Logistics Hub,Atlanta Air Hub,air,Clear,0.1269,4.02
Global_Freight,Mumbai Port,Singapore Port,sea,stormy,0.0,5.84
Global_Freight,Atlanta Air Hub,Dubai Logistics Hub,air,Clear,0.1571,11.27
Last_Mile,Regional Hub,Local Terminal,road,rainy,0.1483,1.65
Last_Mile,St. Louis Hub,Houston Port,rail,stormy,0.6358,72.55
Last_Mile,Regional Hub,Local Terminal,road,rainy,0.0,1.39
Last_Mile,Dallas Corridor,Houston Port,rail,rainy,0.3292,14.61
Global_Freight,Dubai Logistics Hub,Delhi Air Cargo,air,rainy,0.0986,12.16
Global_Freight,Dubai Logistics Hub,Atlanta Air Hub,air,Clear,0.097,6.98
Last_Mile,Dallas Corridor,St. Louis Hub,rail,Clear,0.0,6.58
Global_Freight,Rotterdam Port,Mumbai Port,sea,rainy,0.0,10.71
Last_Mile,Dallas Corridor,St. Louis Hub,rail,stormy,0.3649,51.37
Global_Freight,Atlanta Air Hub,Dubai Logistics Hub,air,stormy,0.1314,3.83
Global_Freight,Shanghai Port,Singapore Port,sea,rainy,0.1235,18.91
Last_Mile,Chicago Rail Hub,Houston Port,rail,Clear,0.6498,79.57
Global_Freight,Atlanta Air Hub,Dubai Logistics Hub,air,rainy,0.0566,3.34
Last_Mile,Regional Hub,Local Terminal,road,Clear,0.07,4.88
Global_Freight,Suez Canal,Seattle Port,sea,rainy,0.203,3.14
Last_Mile,Dallas Corridor,Houston Port,rail,rainy,0.6663,69.65
Last_Mile,St. Louis Hub,Houston Port,rail,Clear,0.1817,15.81
Global_Freight,Mumbai Port,Rotterdam Port,sea,stormy,0.0,8.31
Global_Freight,Atlanta Air Hub,Dubai Logistics Hub,air,rainy,0.0827,13.52
Last_Mile,Houston Port,St. Louis Hub,rail,Clear,0.1599,2.76
Global_Freight,Atlanta Air Hub,Delhi Air Cargo,air,rainy,0.0,1.05
Last_Mile,Regional Hub,Local Terminal,road,stormy,0.0,3.82
Global_Freight,Suez Canal,Mumbai Port,sea,stormy,0.0,1.07
Global_Freight,Delhi Air Cargo,Dubai Logistics Hub,air,Clear,0.0787,6.41
Global_Freight,Delhi Air Cargo,Atlanta Air Hub,air,stormy,0.0872,15.29
Global_Freight,Suez Canal,Singapore Port,sea,stormy,0.0,13.77
Last_Mile,Regional Hub,Local Terminal,road,rainy,0.0,0.36
Global_Freight,Seattle Port,Singapore Port,sea,rainy,0.1506,27.39
Global_Freight,Delhi Air Cargo,Dubai Logistics Hub,air,Clear,0.3177,34.61
Last_Mile,Chicago Rail Hub,Dallas Corridor,rail,rainy,0.3687,40.75
Last_Mile,Dallas Corridor,Houston Port,rail,stormy,0.2058,15.23
Last_Mile,Dallas Corridor,St. Louis Hub,rail,rainy,0.2364,2.15
Last_Mile,Chicago Rail Hub,Dallas Corridor,rail,Clear,0.1678,16.35
Last_Mile,St. Louis Hub,Dallas Corridor,rail,rainy,0.0,5.99
Last_Mile,St. Louis Hub,Chicago Rail Hub,rail,stormy,0.0,6.39
Last_Mile,Houston Port,Chicago Rail Hub,rail,rainy,0.1031,36.14
Last_Mile,Chicago Rail Hub,Dallas Corridor,rail,rainy,0.2906,40.26
Global_Freight,Dubai Logistics Hub,Atlanta Air Hub,air,Clear,0.1243,4.17
Last_Mile,Regional Hub,Local Terminal,road,stormy,0.1965,4.73
Global_Freight,Shanghai Port,Seattle Port,sea,Clear,0.3225,59.69
Global_Freight,Shanghai Port,Seattle Port,sea,stormy,0.0,1.57
Global_Freight,New York Port,Rotterdam Port,sea,stormy,0.1585,8.8
Global_Freight,Atlanta Air Hub,Dubai Logistics Hub,air,rainy,0.0041,9.08
Global_Freight,Dubai Logistics Hub,Atlanta Air Hub,air,Clear,0.2617,4.27
Last_Mile,Regional Hub,Local Terminal,road,stormy,0.0694,2.65
Global_Freight,Delhi Air Cargo,Dubai Logistics Hub,air,stormy,0.2257,36.73
Global_Freight,Dubai Logistics Hub,Atlanta Air Hub,air,Clear,0.0183,5.44
Last_Mile,Regional Hub,Local Terminal,road,rainy,0.157,4.61
Global_Freight,Delhi Air Cargo,Atlanta Air Hub,air,stormy,0.0219,14.6
Last_Mile,Regional Hub,Local Terminal,road,rainy,0.2678,4.38
Global_Freight,Atlanta Air Hub,Delhi Air Cargo,air,rainy,0.1979,19.01
Last_Mile,Dallas Corridor,Chicago Rail Hub,rail,Clear,0.4465,27.4
Last_Mile,Regional Hub,Local Terminal,road,Clear,0.0763,1.85
Last_Mile,Regional Hub,Local Terminal,road,Clear,0.0,0.83
Global_Freight,Dubai Logistics Hub,Delhi Air Cargo,air,rainy,0.2178,16.39
Last_Mile,Chicago Rail Hub,Dallas Corridor,rail,stormy,0.2264,21.97
Last_Mile,Regional Hub,Local Terminal,road,Clear,0.0898,9.18
Global_Freight,Rotterdam Port,Los Angeles Port,sea,Clear,0.1019,21.08
Last_Mile,Regional Hub,Local Terminal,road,Clear,0.169,2.83
Global_Freight,New York Port,Singapore Port,sea,Clear,0.1682,42.77
Last_Mile,Regional Hub,Local Terminal,road,stormy,0.2176,6.61
Last_Mile,Dallas Corridor,St. Louis Hub,rail,stormy,0.1117,9.31
Last_Mile,Regional Hub,Local Terminal,road,Clear,0.0,1.27
Global_Freight,Delhi Air Cargo,Dubai Logistics Hub,air,rainy,0.2394,25.2
Last_Mile,Regional Hub,Local Terminal,road,rainy,0.0,2.02
Last_Mile,Regional Hub,Local Terminal,road,Clear,0.0,2.05
Last_Mile,St. Louis Hub,Chicago Rail Hub,rail,Clear,0.0,11.09
Last_Mile,Regional Hub,Local Terminal,road,stormy,0.1881,5.23
Last_Mile,Dallas Corridor,St. Louis Hub,rail,Clear,0.1749,33.49
Global_Freight,Dubai Logistics Hub,Atlanta Air Hub,air,Clear,0.0715,6.26
Last_Mile,Houston Port,Dallas Corridor,rail,stormy,0.2961,31.5
Global_Freight,Shanghai Port,Suez Canal,sea,rainy,0.2227,14.22
Global_Freight,Singapore Port,Suez Canal,sea,rainy,0.161,5.87
Global_Freight,New York Port,Mumbai Port,sea,rainy,0.1182,82.75
Last_Mile,Regional Hub,Local Terminal,road,rainy,0.1759,6.08
Last_Mile,Dallas Corridor,St. Louis Hub,rail,rainy,0.3713,39.88
Global_Freight,Dubai Logistics Hub,Delhi Air Cargo,air,Clear,0.463,18.75
Global_Freight,Delhi Air Cargo,Dubai Logistics Hub,air,stormy,0.0,10.01
Last_Mile,Regional Hub,Local Terminal,road,stormy,0.0,3.13
Global_Freight,Rotterdam Port,Shanghai Port,sea,rainy,0.0499,4.23
Global_Freight,Atlanta Air Hub,Dubai Logistics Hub,air,Clear,0.2452,9.13
Global_Freight,Atlanta Air Hub,Delhi Air Cargo,air,rainy,0.0,8.88
Last_Mile,Regional Hub,Local Terminal,road,stormy,0.2795,6.46
Global_Freight,Atlanta Air Hub,Delhi Air Cargo,air,stormy,0.0,6.01
Last_Mile,Regional Hub,Local Terminal,road,Clear,0.1488,8.34
Last_Mile,Dallas Corridor,Houston Port,rail,Clear,0.0229,15.96
Global_Freight,Atlanta Air Hub,Delhi Air Cargo,air,rainy,0.0902,19.31
Last_Mile,St. Louis Hub,Houston Port,rail,rainy,0.0,8.45
Global_Freight,Suez Canal,Mumbai Port,sea,Clear,0.0,22.47
Last_Mile,Regional Hub,Local Terminal,road,stormy,0.4186,11.94
Last_Mile,St. Louis Hub,Dallas Corridor,rail,Clear,0.3019,7.58
Global_Freight,Dubai Logistics Hub,Atlanta Air Hub,air,Clear,0.2145,10.32
Last_Mile,Regional Hub,Local Terminal,road,stormy,0.0872,0.73
Last_Mile,Houston Port,St. Louis Hub,rail,Clear,0.5041,55.29
Last_Mile,Houston Port,Dallas Corridor,rail,stormy,0.2429,42.7
Global_Freight,Los Angeles Port,Shanghai Port,sea,stormy,0.058,26.15
Last_Mile,St. Louis Hub,Dallas Corridor,rail,rainy,0.2155,10.36
Global_Freight,Delhi Air Cargo,Atlanta Air Hub,air,stormy,0.0176,6.86
Last_Mile,Regional Hub,Local Terminal,road,Clear,0.0,0.82
Global_Freight,Dubai Logistics Hub,Atlanta Air Hub,air,stormy,0.1619,3.56
Last_Mile,Regional Hub,Local Terminal,road,Clear,0.0,1.27
Last_Mile,Chicago Rail Hub,St. Louis Hub,rail,rainy,0.2027,38.53
Last_Mile,St. Louis Hub,Chicago Rail Hub,rail,rainy,0.0268,2.37
Last_Mile,Regional Hub,Local Terminal,road,rainy,0.1391,4.53
Last_Mile,Regional Hub,Local Terminal,road,Clear,0.2212,2.53
Last_Mile,Regional Hub,Local Terminal,road,Clear,0.1523,2.85
Last_Mile,Regional Hub,Local Terminal,road,Clear,0.3273,13.05
Global_Freight,Atlanta Air Hub,Delhi Air Cargo,air,Clear,0.1632,9.69
Last_Mile,Chicago Rail Hub,St. Louis Hub,rail,rainy,0.4356,43.41
Global_Freight,Singapore Port,Los Angeles Port,sea,stormy,0.0,5.66
Global_Freight,Atlanta Air Hub,Delhi Air Cargo,air,Clear,0.0483,8.16
Last_Mile,St. Louis Hub,Dallas Corridor,rail,stormy,0.0956,7.22
Last_Mile,Houston Port,Chicago Rail Hub,rail,rainy,0.2179,44.34
Global_Freight,Dubai Logistics Hub,Delhi Air Cargo,air,rainy,0.2488,7.32
Global_Freight,Shanghai Port,Suez Canal,sea,stormy,0.1051,16.29
Last_Mile,Houston Port,Dallas Corridor,rail,rainy,0.0,8.75
Global_Freight,Rotterdam Port,New York Port,sea,rainy,0.1218,11.2
Last_Mile,Houston Port,Chicago Rail Hub,rail,stormy,0.1747,33.97
Global_Freight,New York Port,Seattle Port,sea,Clear,0.1594,29.81
Last_Mile,Regional Hub,Local Terminal,road,rainy,0.005,1.54
Last_Mile,St. Louis Hub,Houston Port,rail,rainy,0.1388,17.07
Last_Mile,Regional Hub,Local Terminal,road,Clear,0.0303,0.45
Last_Mile,Regional Hub,Local Terminal,road,stormy,0.1439,3.16
Last_Mile,St. Louis Hub,Chicago Rail Hub,rail,stormy,0.1383,4.24
Global_Freight,Rotterdam Port,New York Port,sea,rainy,0.0869,3.92
Global_Freight,Dubai Logistics Hub,Delhi Air Cargo,air,stormy,0.3794,11.46
Global_Freight,Suez Canal,Mumbai Port,sea,stormy,0.0521,2.26
Last_Mile,Regional Hub,Local Terminal,road,rainy,0.1333,2.83
Global_Freight,Mumbai Port,Seattle Port,sea,Clear,0.0,10.58
Global_Freight,Delhi Air Cargo,Dubai Logistics Hub,air,Clear,0.2107,23.91
Global_Freight,Mumbai Port,Shanghai Port,sea,rainy,0.2344,41.98
Last_Mile,Houston Port,Dallas Corridor,rail,Clear,0.3921,44.76
Last_Mile,Regional Hub,Local Terminal,road,Clear,0.1096,8.94
Last_Mile,Chicago Rail Hub,Houston Port,rail,rainy,0.1182,11.08
Last_Mile,Regional Hub,Local Terminal,road,Clear,0.0429,3.14
Global_Freight,Dubai Logistics Hub,Delhi Air Cargo,air,Clear,0.3153,12.9
Global_Freight,Delhi Air Cargo,Dubai Logistics Hub,air,rainy,0.1542,3.18
Global_Freight,Suez Canal,Rotterdam Port,sea,Clear,0.0,1.7
Global_Freight,Delhi Air Cargo,Dubai Logistics Hub,air,rainy,0.073,10.52
Global_Freight,Atlanta Air Hub,Delhi Air Cargo,air,rainy,0.0471,3.45
Last_Mile,Houston Port,St. Louis Hub,rail,stormy,0.0,6.56
Last_Mile,Regional Hub,Local Terminal,road,Clear,0.316,6.33
Global_Freight,Rotterdam Port,Suez Canal,sea,Clear,0.2718,27.87
Last_Mile,Regional Hub,Local Terminal,road,Clear,0.1604,2.0
Global_Freight,Los Angeles Port,Suez Canal,sea,stormy,0.1302,28.99
Last_Mile,St. Louis Hub,Dallas Corridor,rail,Clear,0.1238,15.41
Last_Mile,St. Louis Hub,Dallas Corridor,rail,stormy,0.5609,36.2
Global_Freight,Mumbai Port,Rotterdam Port,sea,Clear,0.0,30.38
Last_Mile,Regional Hub,Local Terminal,road,Clear,0.0023,2.56
Last_Mile,Dallas Corridor,Chicago Rail Hub,rail,Clear,0.3409,48.63
Last_Mile,St. Louis Hub,Chicago Rail Hub,rail,Clear,0.0,0.74
Last_Mile,Regional Hub,Local Terminal,road,stormy,0.1704,5.68
Global_Freight,Los Angeles Port,New York Port,sea,stormy,0.0088,17.66
Global_Freight,Singapore Port,New York Port,sea,Clear,0.0609,16.05
Last_Mile,Regional Hub,Local Terminal,road,Clear,0.0,4.9
Global_Freight,Delhi Air Cargo,Dubai Logistics Hub,air,stormy,0.4754,38.89
Last_Mile,Chicago Rail Hub,Dallas Corridor,rail,stormy,0.7,88.57
Last_Mile,Regional Hub,Local Terminal,road,stormy,0.0423,1.6
Last_Mile,St. Louis Hub,Chicago Rail Hub,rail,rainy,0.0168,10.19
Last_Mile,St. Louis Hub,Houston Port,rail,Clear,0.3559,27.38
Last_Mile,Regional Hub,Local Terminal,road,rainy,0.2116,7.98
Global_Freight,Dubai Logistics Hub,Atlanta Air Hub,air,rainy,0.0159,0.35
Global_Freight,Dubai Logistics Hub,Delhi Air Cargo,air,rainy,0.0653,5.29
Global_Freight,Seattle Port,Mumbai Port,sea,Clear,0.047,5.53
Last_Mile,Houston Port,Chicago Rail Hub,rail,Clear,0.3729,33.65
Last_Mile,Chicago Rail Hub,St. Louis Hub,rail,stormy,0.4774,41.97
Last_Mile,Chicago Rail Hub,Dallas Corridor,rail,Clear,0.232,7.33
Global_Freight,New York Port,Suez Canal,sea,rainy,0.0314,12.34
Last_Mile,Regional Hub,Local Terminal,road,rainy,0.0901,6.43
Global_Freight,Dubai Logistics Hub,Atlanta Air Hub,air,rainy,0.1497,5.13
Global_Freight,New York Port,Los Angeles Port,sea,stormy,0.45,43.78
Global_Freight,Delhi Air Cargo,Atlanta Air Hub,air,Clear,0.1732,10.07
Last_Mile,Regional Hub,Local Terminal,road,Clear,0.14,3.47
Global_Freight,Dubai Logistics Hub,Delhi Air Cargo,air,stormy,0.3025,20.86
Last_Mile,Dallas Corridor,Chicago Rail Hub,rail,Clear,0.0,7.29
Global_Freight,Mumbai Port,Seattle Port,sea,rainy,0.0146,38.16
Last_Mile,St. Louis Hub,Dallas Corridor,rail,Clear,0.0958,11.22
Global_Freight,Singapore Port,New York Port,sea,stormy,0.2995,38.76
Last_Mile,Houston Port,Chicago Rail Hub,rail,rainy,0.1992,26.77
Last_Mile,Dallas Corridor,St. Louis Hub,rail,Clear,0.323,35.24
Global_Freight,Los Angeles Port,Suez Canal,sea,stormy,0.1616,59.26
Global_Freight,Los Angeles Port,New York Port,sea,Clear,0.1723,37.44
Last_Mile,Regional Hub,Local Terminal,road,rainy,0.2301,2.66
Global_Freight,Atlanta Air Hub,Dubai Logistics Hub,air,Clear,0.0,0.52
Global_Freight,Suez Canal,Rotterdam Port,sea,Clear,0.0,16.19
Global_Freight,Delhi Air Cargo,Atlanta Air Hub,air,stormy,0.1185,20.71
Last_Mile,St. Louis Hub,Chicago Rail Hub,rail,stormy,0.3718,24.68
Global_Freight,Dubai Logistics Hub,Atlanta Air Hub,air,stormy,0.0012,5.35
Global_Freight,Rotterdam Port,Los Angeles Port,sea,Clear,0.0422,31.84
Global_Freight,New York Port,Singapore Port,sea,rainy,0.3072,85.78
Last_Mile,Regional Hub,Local Terminal,road,rainy,0.2507,6.43
Last_Mile,Dallas Corridor,St. Louis Hub,rail,stormy,0.0336,20.89
Global_Freight,New York Port,Suez Canal,sea,rainy,0.2231,37.41
Last_Mile,Houston Port,Dallas Corridor,rail,stormy,0.0686,34.65
Last_Mile,Regional Hub,Local Terminal,road,Clear,0.3696,5.87
Global_Freight,Atlanta Air Hub,Dubai Logistics Hub,air,Clear,0.1064,6.44
Last_Mile,Regional Hub,Local Terminal,road,stormy,0.0871,2.42
Last_Mile,Regional Hub,Local Terminal,road,stormy,0.1023,4.34
Global_Freight,Los Angeles Port,New York Port,sea,Clear,0.0,18.1
Global_Freight,Rotterdam Port,Singapore Port,sea,stormy,0.1908,35.3
Last_Mile,Regional Hub,Local Terminal,road,Clear,0.2142,4.21
Last_Mile,Dallas Corridor,Chicago Rail Hub,rail,rainy,0.0371,20.94
Global_Freight,Dubai Logistics Hub,Delhi Air Cargo,air,rainy,0.0683,7.08
Last_Mile,Chicago Rail Hub,Houston Port,rail,stormy,0.1851,8.58
Last_Mile,Regional Hub,Local Terminal,road,rainy,0.1691,2.27
Last_Mile,Dallas Corridor,Houston Port,rail,rainy,0.0706,19.05
Global_Freight,Delhi Air Cargo,Dubai Logistics Hub,air,rainy,0.1383,16.96
Global_Freight,Dubai Logistics Hub,Delhi Air Cargo,air,Clear,0.1976,4.93
Last_Mile,Chicago Rail Hub,St. Louis Hub,rail,stormy,0.2529,25.05
Last_Mile,Regional Hub,Local Terminal,road,stormy,0.0,1.59
Last_Mile,Regional Hub,Local Terminal,road,Clear,0.1287,5.22
Global_Freight,Mumbai Port,Shanghai Port,sea,Clear,0.4805,117.89
Global_Freight,Los Angeles Port,Suez Canal,sea,stormy,0.0,21.89
Last_Mile,Regional Hub,Local Terminal,road,stormy,0.1999,5.04
Last_Mile,Houston Port,Dallas Corridor,rail,stormy,0.2096,25.52
Last_Mile,Regional Hub,Local Terminal,road,rainy,0.2229,9.0
Global_Freight,Suez Canal,Singapore Port,sea,rainy,0.1192,9.39
Last_Mile,Houston Port,Dallas Corridor,rail,Clear,0.2194,37.81
Global_Freight,Singapore Port,Suez Canal,sea,stormy,0.011,9.58
Last_Mile,Regional Hub,Local Terminal,road,rainy,0.2375,9.1
Last_Mile,St. Louis Hub,Chicago Rail Hub,rail,rainy,0.0234,14.11
Global_Freight,Suez Canal,Seattle Port,sea,Clear,0.0861,18.78
Global_Freight,Seattle Port,Rotterdam Port,sea,Clear,0.2147,44.08
Global_Freight,Atlanta Air Hub,Dubai Logistics Hub,air,stormy,0.0341,4.67
Last_Mile,St. Louis Hub,Dallas Corridor,rail,rainy,0.0,6.86
Last_Mile,Houston Port,St. Louis Hub,rail,stormy,0.4118,44.8
Global_Freight,Dubai Logistics Hub,Atlanta Air Hub,air,Clear,0.4337,11.45
Global_Freight,Dubai Logistics Hub,Delhi Air Cargo,air,rainy,0.0784,5.2
Last_Mile,Dallas Corridor,Houston Port,rail,stormy,0.137,1.22
Last_Mile,Regional Hub,Local Terminal,road,Clear,0.0541,2.47
Last_Mile,St. Louis Hub,Chicago Rail Hub,rail,stormy,0.1495,8.84
Last_Mile,Houston Port,Dallas Corridor,rail,rainy,0.1069,14.17
Global_Freight,Dubai Logistics Hub,Atlanta Air Hub,air,Clear,0.3471,15.4
Global_Freight,Dubai Logistics Hub,Atlanta Air Hub,air,rainy,0.6272,26.46
Global_Freight,Dubai Logistics Hub,Delhi Air Cargo,air,Clear,0.4325,12.14
Global_Freight,Seattle Port,Shanghai Port,sea,stormy,0.1164,51.56
Global_Freight,Los Angeles Port,Seattle Port,sea,Clear,0.0172,20.02
Last_Mile,St. Louis Hub,Houston Port,rail,Clear,0.0786,9.89
Global_Freight,New York Port,Suez Canal,sea,Clear,0.0,2.6
Last_Mile,Dallas Corridor,Houston Port,rail,stormy,0.2166,11.67
Global_Freight,Suez Canal,Mumbai Port,sea,Clear,0.0473,30.36
Global_Freight,Delhi Air Cargo,Dubai Logistics Hub,air,Clear,0.2096,13.1
Last_Mile,Regional Hub,Local Terminal,road,rainy,0.2424,6.81
Global_Freight,Mumbai Port,Rotterdam Port,sea,stormy,0.066,20.23
Last_Mile,Chicago Rail Hub,Dallas Corridor,rail,stormy,0.2537,30.35
Global_Freight,Singapore Port,Mumbai Port,sea,rainy,0.2211,15.15
Global_Freight,Seattle Port,Mumbai Port,sea,rainy,0.0077,7.2
Global_Freight,Dubai Logistics Hub,Atlanta Air Hub,air,stormy,0.0566,3.06
Last_Mile,Regional Hub,Local Terminal,road,stormy,0.3432,3.49
Last_Mile,Regional Hub,Local Terminal,road,Clear,0.4763,14.1
Last_Mile,Dallas Corridor,Chicago Rail Hub,rail,rainy,0.2013,20.55
Last_Mile,Houston Port,Dallas Corridor,rail,rainy,0.5148,79.51
Global_Freight,Singapore Port,Suez Canal,sea,Clear,0.0754,18.02
Last_Mile,Chicago Rail Hub,St. Louis Hub,rail,rainy,0.1385,19.3
Global_Freight,Shanghai Port,Rotterdam Port,sea,Clear,0.0455,28.36
Global_Freight,Dubai Logistics Hub,Delhi Air Cargo,air,Clear,0.1843,8.29
Last_Mile,Regional Hub,Local Terminal,road,rainy,0.2458,3.76
Global_Freight,Dubai Logistics Hub,Delhi Air Cargo,air,Clear,0.0587,4.85
Last_Mile,St. Louis Hub,Dallas Corridor,rail,stormy,0.2396,15.03
Last_Mile,Regional Hub,Local Terminal,road,stormy,0.0973,1.88
Last_Mile,Regional Hub,Local Terminal,road,rainy,0.2374,7.52
Global_Freight,Delhi Air Cargo,Dubai Logistics Hub,air,rainy,0.7984,73.55
Global_Freight,New York Port,Singapore Port,sea,rainy,0.2716,69.72
Last_Mile,Regional Hub,Local Terminal,road,Clear,0.0,2.22
Global_Freight,Los Angeles Port,Seattle Port,sea,Clear,0.0,33.16
Last_Mile,St. Louis Hub,Houston Port,rail,Clear,0.4594,38.93
Global_Freight,Atlanta Air Hub,Delhi Air Cargo,air,Clear,0.277,14.94
Last_Mile,Regional Hub,Local Terminal,road,stormy,0.0,1.77
Last_Mile,Regional Hub,Local Terminal,road,Clear,0.0,2.99
Global_Freight,Seattle Port,Shanghai Port,sea,Clear,0.0057,4.31
Global_Freight,Atlanta Air Hub,Dubai Logistics Hub,air,Clear,0.1417,14.74
Last_Mile,Houston Port,St. Louis Hub,rail,rainy,0.3436,51.38
Global_Freight,Atlanta Air Hub,Delhi Air Cargo,air,Clear,0.0,3.68
Last_Mile,Houston Port,Dallas Corridor,rail,rainy,0.198,18.26
Last_Mile,Chicago Rail Hub,Dallas Corridor,rail,Clear,0.4552,61.3
Last_Mile,St. Louis Hub,Houston Port,rail,stormy,0.1674,25.48
Global_Freight,Shanghai Port,Singapore Port,sea,stormy,0.2444,67.26
Last_Mile,Regional Hub,Local Terminal,road,rainy,0.3522,9.12
Last_Mile,Chicago Rail Hub,Houston Port,rail,rainy,0.1362,17.89
Last_Mile,Houston Port,St. Louis Hub,rail,stormy,0.0346,23.23
Global_Freight,Atlanta Air Hub,Dubai Logistics Hub,air,stormy,0.0408,4.35
Last_Mile,Regional Hub,Local Terminal,road,stormy,0.0,1.9
Global_Freight,Delhi Air Cargo,Dubai Logistics Hub,air,Clear,0.2572,21.93
Last_Mile,Chicago Rail Hub,Dallas Corridor,rail,stormy,0.123,6.65
Last_Mile,Chicago Rail Hub,Dallas Corridor,rail,stormy,0.6223,65.76
Last_Mile,St. Louis Hub,Chicago Rail Hub,rail,stormy,0.3784,37.06
Last_Mile,Chicago Rail Hub,Houston Port,rail,stormy,0.0113,11.09
Last_Mile,St. Louis Hub,Houston Port,rail,stormy,0.3557,25.24
Global_Freight,New York Port,Shanghai Port,sea,stormy,0.1815,24.68
Global_Freight,Los Angeles Port,Rotterdam Port,sea,stormy,0.0777,54.7
Global_Freight,Dubai Logistics Hub,Atlanta Air Hub,air,stormy,0.2591,11.09
Last_Mile,Regional Hub,Local Terminal,road,rainy,0.0,0.46
Last_Mile,Regional Hub,Local Terminal,road,Clear,0.0943,2.55
Global_Freight,Shanghai Port,Singapore Port,sea,Clear,0.0,9.43
Last_Mile,Dallas Corridor,St. Louis Hub,rail,Clear,0.0671,15.49
Global_Freight,Suez Canal,New York Port,sea,rainy,0.0,5.43
Last_Mile,Regional Hub,Local Terminal,road,rainy,0.3275,2.92
Global_Freight,Rotterdam Port,Shanghai Port,sea,stormy,0.0685,38.18
Last_Mile,Houston Port,Dallas Corridor,rail,rainy,0.1559,37.09
Last_Mile,Houston Port,Chicago Rail Hub,rail,stormy,0.0307,30.64
Global_Freight,Rotterdam Port,Singapore Port,sea,stormy,0.0425,18.98
Last_Mile,Regional Hub,Local Terminal,road,stormy,0.1795,1.86
Global_Freight,Singapore Port,Seattle Port,sea,rainy,0.1454,26.33
Last_Mile,Chicago Rail Hub,Dallas Corridor,rail,stormy,0.0,7.84
Global_Freight,Delhi Air Cargo,Dubai Logistics Hub,air,stormy,0.1533,10.06
Global_Freight,New York Port,Seattle Port,sea,Clear,0.4127,80.5
Last_Mile,Houston Port,St. Louis Hub,rail,stormy,0.0,22.26
Global_Freight,Atlanta Air Hub,Delhi Air Cargo,air,Clear,0.1969,7.91
Last_Mile,Houston Port,Dallas Corridor,rail,rainy,0.5621,83.43
Global_Freight,Delhi Air Cargo,Atlanta Air Hub,air,stormy,0.2901,19.87
Global_Freight,Dubai Logistics Hub,Delhi Air Cargo,air,rainy,0.1628,6.2
Global_Freight,Dubai Logistics Hub,Atlanta Air Hub,air,stormy,0.2977,13.62
Last_Mile,Regional Hub,Local Terminal,road,rainy,0.1386,4.62
Last_Mile,Regional Hub,Local Terminal,road,Clear,0.0418,2.14
Last_Mile,Regional Hub,Local Terminal,road,Clear,0.1422,6.49
Last_Mile,Regional Hub,Local Terminal,road,rainy,0.1601,4.25
Last_Mile,Chicago Rail Hub,St. Louis Hub,rail,rainy,0.0111,2.87
Last_Mile,Chicago Rail Hub,St. Louis Hub,rail,Clear,0.2435,26.52
Last_Mile,Chicago Rail Hub,St. Louis Hub,rail,Clear,0.3151,58.87
Last_Mile,Chicago Rail Hub,St. Louis Hub,rail,rainy,0.3053,36.66
Last_Mile,Regional Hub,Local Terminal,road,stormy,0.015,3.25
Global_Freight,Rotterdam Port,Mumbai Port,sea,stormy,0.1879,13.8
Global_Freight,Dubai Logistics Hub,Delhi Air Cargo,air,rainy,0.0536,4.54
Last_Mile,Regional Hub,Local Terminal,road,stormy,0.0364,2.46
Global_Freight,Shanghai Port,Los Angeles Port,sea,rainy,0.0121,13.92
Last_Mile,Dallas Corridor,St. Louis Hub,rail,rainy,0.2757,31.91
Global_Freight,Delhi Air Cargo,Dubai Logistics Hub,air,Clear,0.1983,22.18
Last_Mile,Regional Hub,Local Terminal,road,Clear,0.1975,11.71
Last_Mile,Chicago Rail Hub,St. Louis Hub,rail,rainy,0.21,32.26
Last_Mile,St. Louis Hub,Chicago Rail Hub,rail,Clear,0.0731,7.22
Last_Mile,Regional Hub,Local Terminal,road,stormy,0.0748,2.44
Last_Mile,Regional Hub,Local Terminal,road,rainy,0.1577,0.43
Last_Mile,Regional Hub,Local Terminal,road,Clear,0.0934,1.29
Last_Mile,Chicago Rail Hub,St. Louis Hub,rail,Clear,0.1815,20.73
Last_Mile,Regional Hub,Local Terminal,road,stormy,0.1101,6.61
Last_Mile,Regional Hub,Local Terminal,road,stormy,0.1866,5.18
Last_Mile,Dallas Corridor,St. Louis Hub,rail,rainy,0.0162,3.33
Global_Freight,Seattle Port,Singapore Port,sea,rainy,0.0,2.85
Last_Mile,Houston Port,Dallas Corridor,rail,stormy,0.1851,18.65
Last_Mile,Regional Hub,Local Terminal,road,Clear,0.2418,4.48
Last_Mile,Houston Port,Dallas Corridor,rail,Clear,0.2858,25.24
Last_Mile,Regional Hub,Local Terminal,road,rainy,0.2492,8.02
Global_Freight,Singapore Port,Los Angeles Port,sea,Clear,0.527,51.67
Global_Freight,Atlanta Air Hub,Delhi Air Cargo,air,stormy,0.1577,9.08
Global_Freight,Shanghai Port,Singapore Port,sea,Clear,0.0959,13.09
Last_Mile,Regional Hub,Local Terminal,road,rainy,0.2216,6.47
Last_Mile,Houston Port,Chicago Rail Hub,rail,Clear,0.7404,111.63
Global_Freight,Rotterdam Port,New York Port,sea,Clear,0.0901,21.78
Last_Mile,Regional Hub,Local Terminal,road,Clear,0.1483,8.94
Last_Mile,Chicago Rail Hub,St. Louis Hub,rail,stormy,0.1797,28.42
Global_Freight,Suez Canal,Singapore Port,sea,Clear,0.0,19.13
Global_Freight,Delhi Air Cargo,Dubai Logistics Hub,air,stormy,0.3909,43.64
Global_Freight,Delhi Air Cargo,Atlanta Air Hub,air,stormy,0.3592,27.31
Global_Freight,Atlanta Air Hub,Delhi Air Cargo,air,Clear,0.0608,8.06
Global_Freight,Dubai Logistics Hub,Delhi Air Cargo,air,rainy,0.027,8.88
Last_Mile,Chicago Rail Hub,Houston Port,rail,Clear,0.9832,115.26
Last_Mile,Dallas Corridor,St. Louis Hub,rail,rainy,0.208,32.66
Last_Mile,Chicago Rail Hub,Houston Port,rail,rainy,0.6326,59.66
Last_Mile,Regional Hub,Local Terminal,road,rainy,0.1746,3.26
Global_Freight,Dubai Logistics Hub,Atlanta Air Hub,air,stormy,0.1146,5.33
Global_Freight,Atlanta Air Hub,Dubai Logistics Hub,air,rainy,0.5425,35.61
Last_Mile,Dallas Corridor,St. Louis Hub,rail,Clear,0.2255,18.21
Last_Mile,Regional Hub,Local Terminal,road,rainy,0.1536,3.48
Last_Mile,Houston Port,St. Louis Hub,rail,Clear,0.2664,34.31
Last_Mile,Regional Hub,Local Terminal,road,stormy,0.0106,1.84
Global_Freight,New York Port,Mumbai Port,sea,rainy,0.0876,21.29
Global_Freight,Dubai Logistics Hub,Atlanta Air Hub,air,stormy,0.1274,10.18
Global_Freight,Delhi Air Cargo,Dubai Logistics Hub,air,Clear,0.0,6.73
Last_Mile,Chicago Rail Hub,St. Louis Hub,rail,rainy,0.0586,16.42
Last_Mile,Regional Hub,Local Terminal,road,Clear,0.0163,3.45
Global_Freight,Rotterdam Port,Shanghai Port,sea,rainy,0.2084,29.39
Last_Mile,Houston Port,St. Louis Hub,rail,rainy,0.0004,14.83
Last_Mile,Houston Port,Chicago Rail Hub,rail,Clear,0.0,3.18
Global_Freight,Los Angeles Port,Suez Canal,sea,rainy,0.0489,20.42
Global_Freight,Singapore Port,New York Port,sea,stormy,0.4214,71.47
Last_Mile,St. Louis Hub,Houston Port,rail,stormy,0.2692,14.82
Last_Mile,Chicago Rail Hub,St. Louis Hub,rail,Clear,0.1902,21.29
Last_Mile,Regional Hub,Local Terminal,road,stormy,0.0202,4.16
Last_Mile,St. Louis Hub,Dallas Corridor,rail,stormy,0.2934,40.6
Global_Freight,Atlanta Air Hub,Dubai Logistics Hub,air,Clear,0.1173,15.74
Global_Freight,Delhi Air Cargo,Dubai Logistics Hub,air,Clear,0.2354,19.17
Last_Mile,Regional Hub,Local Terminal,road,stormy,0.0405,0.87
Last_Mile,Houston Port,Dallas Corridor,rail,stormy,0.1578,21.18
Last_Mile,Houston Port,Dallas Corridor,rail,stormy,0.0,11.36
Last_Mile,Chicago Rail Hub,Houston Port,rail,Clear,0.009,3.73
Global_Freight,Suez Canal,Los Angeles Port,sea,stormy,0.2517,20.95
Last_Mile,Regional Hub,Local Terminal,road,stormy,0.3423,5.86
Last_Mile,Regional Hub,Local Terminal,road,rainy,0.0,2.15
Global_Freight,Delhi Air Cargo,Atlanta Air Hub,air,stormy,0.2645,8.95
Last_Mile,St. Louis Hub,Dallas Corridor,rail,rainy,0.3902,44.39
Last_Mile,St. Louis Hub,Houston Port,rail,stormy,0.276,18.4
Last_Mile,Regional Hub,Local Terminal,road,rainy,0.0463,1.07
Last_Mile,Dallas Corridor,Chicago Rail Hub,rail,stormy,0.2022,28.31
Last_Mile,Houston Port,Chicago Rail Hub,rail,stormy,0.3692,50.07
Last_Mile,Chicago Rail Hub,Dallas Corridor,rail,Clear,0.0663,9.85
Global_Freight,Shanghai Port,New York Port,sea,stormy,0.0,19.0
Global_Freight,Los Angeles Port,Seattle Port,sea,Clear,0.1229,77.97
Global_Freight,Shanghai Port,Singapore Port,sea,stormy,0.0475,38.28
Global_Freight,Mumbai Port,Suez Canal,sea,rainy,0.5084,122.72
Last_Mile,St. Louis Hub,Houston Port,rail,Clear,0.2898,29.9
Last_Mile,Regional Hub,Local Terminal,road,stormy,0.4289,6.52
Last_Mile,Regional Hub,Local Terminal,road,rainy,0.1211,1.57
Last_Mile,Regional Hub,Local Terminal,road,rainy,0.026,3.34
Global_Freight,Los Angeles Port,Singapore Port,sea,Clear,0.0,22.22
Global_Freight,Delhi Air Cargo,Atlanta Air Hub,air,rainy,0.5423,54.08
Global_Freight,Los Angeles Port,Mumbai Port,sea,stormy,0.2101,34.4
Global_Freight,Delhi Air Cargo,Atlanta Air Hub,air,Clear,0.2176,14.15
Last_Mile,Regional Hub,Local Terminal,road,rainy,0.011,1.06
Global_Freight,Rotterdam Port,Los Angeles Port,sea,Clear,0.0,28.01
Global_Freight,Singapore Port,Shanghai Port,sea,Clear,0.0,2.13
Last_Mile,Regional Hub,Local Terminal,road,Clear,0.0331,1.83
Global_Freight,Seattle Port,Shanghai Port,sea,Clear,0.1104,29.72
Global_Freight,Atlanta Air Hub,Delhi Air Cargo,air,rainy,0.0731,10.67
Global_Freight,Atlanta Air Hub,Delhi Air Cargo,air,Clear,0.6641,31.32
Last_Mile,Chicago Rail Hub,Dallas Corridor,rail,rainy,0.1689,29.02
Last_Mile,Dallas Corridor,St. Louis Hub,rail,Clear,0.0267,4.53
Last_Mile,Regional Hub,Local Terminal,road,rainy,0.0,0.64
Last_Mile,Houston Port,St. Louis Hub,rail,rainy,0.3298,53.58
Last_Mile,Dallas Corridor,Chicago Rail Hub,rail,Clear,0.1941,24.25
Last_Mile,Regional Hub,Local Terminal,road,Clear,0.2358,4.35
Global_Freight,Delhi Air Cargo,Dubai Logistics Hub,air,rainy,0.2916,24.97
Last_Mile,Regional Hub,Local Terminal,road,stormy,0.0695,1.95
Global_Freight,Suez Canal,Los Angeles Port,sea,rainy,0.0411,16.38
Last_Mile,Regional Hub,Local Terminal,road,stormy,0.0166,3.87
Global_Freight,Seattle Port,Suez Canal,sea,stormy,0.1228,31.58
Last_Mile,Houston Port,Dallas Corridor,rail,stormy,0.0733,15.23
Last_Mile,Regional Hub,Local Terminal,road,Clear,0.1499,4.11
Last_Mile,Regional Hub,Local Terminal,road,rainy,0.1316,5.37
Global_Freight,Los Angeles Port,Shanghai Port,sea,stormy,0.155,27.43
Last_Mile,Houston Port,Chicago Rail Hub,rail,rainy,0.3124,20.28
Global_Freight,Los Angeles Port,Shanghai Port,sea,Clear,0.0387,23.4
Global_Freight,Shanghai Port,New York Port,sea,rainy,0.2624,50.75
Last_Mile,Regional Hub,Local Terminal,road,rainy,0.0,2.91
Last_Mile,Regional Hub,Local Terminal,road,stormy,0.0717,2.0
Last_Mile,Regional Hub,Local Terminal,road,Clear,0.3823,15.92
Last_Mile,Dallas Corridor,Houston Port,rail,stormy,0.2695,24.3
Global_Freight,Atlanta Air Hub,Dubai Logistics Hub,air,stormy,0.1296,17.36
Last_Mile,Regional Hub,Local Terminal,road,Clear,0.0818,1.15
Last_Mile,Regional Hub,Local Terminal,road,rainy,0.028,5.36
Global_Freight,Atlanta Air Hub,Delhi Air Cargo,air,rainy,0.1926,11.29
Last_Mile,Regional Hub,Local Terminal,road,stormy,0.0906,6.1
Global_Freight,Delhi Air Cargo,Dubai Logistics Hub,air,Clear,0.1283,14.12
Last_Mile,Houston Port,St. Louis Hub,rail,Clear,0.2283,52.78
Global_Freight,Suez Canal,Rotterdam Port,sea,rainy,0.0,6.7
Last_Mile,Regional Hub,Local Terminal,road,stormy,0.2065,2.65
Last_Mile,Regional Hub,Local Terminal,road,Clear,0.0309,3.11
Last_Mile,Regional Hub,Local Terminal,road,stormy,0.0785,4.64
Global_Freight,Rotterdam Port,New York Port,sea,stormy,0.2035,28.88
Last_Mile,St. Louis Hub,Chicago Rail Hub,rail,Clear,0.2184,21.79
Last_Mile,Chicago Rail Hub,St. Louis Hub,rail,Clear,0.4709,71.48
Global_Freight,Suez Canal,New York Port,sea,stormy,0.0,7.1
Last_Mile,Regional Hub,Local Terminal,road,stormy,0.0474,4.64
Last_Mile,St. Louis Hub,Chicago Rail Hub,rail,Clear,0.1821,18.46
Last_Mile,Chicago Rail Hub,Houston Port,rail,Clear,0.0,3.22
Last_Mile,Houston Port,Chicago Rail Hub,rail,Clear,0.3167,31.13
Last_Mile,Regional Hub,Local Terminal,road,Clear,0.0546,0.85
Last_Mile,Houston Port,Dallas Corridor,rail,stormy,0.1331,25.08
Last_Mile,Dallas Corridor,St. Louis Hub,rail,rainy,0.0941,14.32
Global_Freight,Rotterdam Port,Los Angeles Port,sea,rainy,0.1347,8.47
Last_Mile,Regional Hub,Local Terminal,road,Clear,0.1289,1.61
Global_Freight,Dubai Logistics Hub,Delhi Air Cargo,air,Clear,0.3618,8.0
Last_Mile,Regional Hub,Local Terminal,road,Clear,0.0648,2.14
Global_Freight,New York Port,Seattle Port,sea,stormy,0.0224,13.62
Last_Mile,Regional Hub,Local Terminal,road,stormy,0.2279,7.01
Last_Mile,Dallas Corridor,Houston Port,rail,rainy,0.3224,38.86
Global_Freight,Singapore Port,Shanghai Port,sea,Clear,0.0176,18.59
Last_Mile,Dallas Corridor,Chicago Rail Hub,rail,stormy,0.0435,14.75
Last_Mile,Regional Hub,Local Terminal,road,Clear,0.011,0.41
Last_Mile,Houston Port,Dallas Corridor,rail,stormy,0.1552,19.52
Last_Mile,Houston Port,Chicago Rail Hub,rail,rainy,0.0,12.5
Global_Freight,Suez Canal,Los Angeles Port,sea,rainy,0.0705,11.06
Global_Freight,Los Angeles Port,Shanghai Port,sea,stormy,0.3141,30.24
Last_Mile,Houston Port,St. Louis Hub,rail,stormy,0.269,39.39
Last_Mile,Houston Port,St. Louis Hub,rail,stormy,0.5681,54.08
Last_Mile,Regional Hub,Local Terminal,road,Clear,0.0,3.03
Global_Freight,Seattle Port,Mumbai Port,sea,stormy,0.0288,50.85
Global_Freight,Los Angeles Port,Singapore Port,sea,stormy,0.1251,29.16
Global_Freight,Delhi Air Cargo,Atlanta Air Hub,air,stormy,0.2585,6.81
Last_Mile,Chicago Rail Hub,Dallas Corridor,rail,rainy,0.4564,72.96
Global_Freight,Dubai Logistics Hub,Atlanta Air Hub,air,stormy,0.0,3.76
Last_Mile,Houston Port,St. Louis Hub,rail,Clear,0.1979,26.89
Last_Mile,Dallas Corridor,St. Louis Hub,rail,rainy,0.1951,15.03
Last_Mile,Regional Hub,Local Terminal,road,stormy,0.1495,3.28
Global_Freight,Rotterdam Port,Mumbai Port,sea,stormy,0.457,73.93
Global_Freight,Seattle Port,Mumbai Port,sea,stormy,0.0433,7.73
Last_Mile,Regional Hub,Local Terminal,road,Clear,0.0387,2.9
Last_Mile,Chicago Rail Hub,Dallas Corridor,rail,rainy,0.2137,17.36
Global_Freight,Rotterdam Port,Shanghai Port,sea,stormy,0.0,9.72
Global_Freight,Atlanta Air Hub,Delhi Air Cargo,air,Clear,0.0769,6.49
Global_Freight,Delhi Air Cargo,Dubai Logistics Hub,air,Clear,0.1676,18.17
Global_Freight,Singapore Port,Suez Canal,sea,rainy,0.4871,68.8
Global_Freight,Shanghai Port,Singapore Port,sea,stormy,0.121,24.02
Last_Mile,St. Louis Hub,Houston Port,rail,stormy,0.1954,16.94
Global_Freight,Rotterdam Port,Mumbai Port,sea,Clear,0.3078,30.72
Global_Freight,Mumbai Port,Rotterdam Port,sea,rainy,0.0114,29.62
Last_Mile,Regional Hub,Local Terminal,road,stormy,0.2846,9.91
Global_Freight,Los Angeles Port,Mumbai Port,sea,rainy,0.0513,27.16
Global_Freight,Atlanta Air Hub,Dubai Logistics Hub,air,Clear,0.0224,3.61
Global_Freight,Atlanta Air Hub,Dubai Logistics Hub,air,stormy,0.0738,7.64
Global_Freight,Seattle Port,Shanghai Port,sea,rainy,0.185,27.3
Last_Mile,Houston Port,St. Louis Hub,rail,stormy,0.3094,23.97
Last_Mile,Chicago Rail Hub,Dallas Corridor,rail,stormy,0.0181,5.87
Last_Mile,Regional Hub,Local Terminal,road,Clear,0.1694,0.73
Last_Mile,Regional Hub,Local Terminal,road,rainy,0.0191,2.32
Last_Mile,Regional Hub,Local Terminal,road,Clear,0.2695,9.15
Global_Freight,New York Port,Mumbai Port,sea,Clear,0.1437,27.27
Global_Freight,Dubai Logistics Hub,Atlanta Air Hub,air,rainy,0.2361,9.21
Last_Mile,Regional Hub,Local Terminal,road,Clear,0.0,1.59
Last_Mile,Regional Hub,Local Terminal,road,rainy,0.0766,4.75
Last_Mile,St. Louis Hub,Dallas Corridor,rail,stormy,0.228,12.68
Last_Mile,Regional Hub,Local Terminal,road,Clear,0.0,3.75
Global_Freight,Los Angeles Port,Suez Canal,sea,Clear,0.0663,0.83
Global_Freight,Dubai Logistics Hub,Delhi Air Cargo,air,rainy,0.0,4.14
Last_Mile,Dallas Corridor,St. Louis Hub,rail,rainy,0.187,34.17
Last_Mile,Dallas Corridor,St. Louis Hub,rail,stormy,0.2245,19.24
Last_Mile,Chicago Rail Hub,Dallas Corridor,rail,Clear,0.2976,37.77
Global_Freight,Delhi Air Cargo,Dubai Logistics Hub,air,rainy,0.0183,6.07
Global_Freight,Delhi Air Cargo,Dubai Logistics Hub,air,Clear,0.2524,14.8
Last_Mile,Regional Hub,Local Terminal,road,rainy,0.0144,1.95
Global_Freight,Dubai Logistics Hub,Delhi Air Cargo,air,stormy,0.162,1.95
Last_Mile,Chicago Rail Hub,St. Louis Hub,rail,rainy,0.123,16.43
Global_Freight,Mumbai Port,Seattle Port,sea,stormy,0.0,52.31
Global_Freight,Shanghai Port,New York Port,sea,stormy,0.1345,17.78
Global_Freight,New York Port,Los Angeles Port,sea,rainy,0.0634,35.95
Global_Freight,Rotterdam Port,Seattle Port,sea,rainy,0.0628,9.65
Global_Freight,Atlanta Air Hub,Dubai Logistics Hub,air,stormy,0.1827,6.19
Global_Freight,New York Port,Seattle Port,sea,stormy,0.1431,43.19
Global_Freight,Delhi Air Cargo,Atlanta Air Hub,air,rainy,0.1798,31.24
Global_Freight,Atlanta Air Hub,Delhi Air Cargo,air,rainy,0.0738,5.25
Global_Freight,Dubai Logistics Hub,Atlanta Air Hub,air,rainy,0.0326,1.33
Last_Mile,Houston Port,Chicago Rail Hub,rail,Clear,0.3096,41.53
Last_Mile,Regional Hub,Local Terminal,road,rainy,0.0707,2.55
Last_Mile,St. Louis Hub,Dallas Corridor,rail,rainy,0.3505,29.45
Global_Freight,Dubai Logistics Hub,Delhi Air Cargo,air,Clear,0.3205,11.81
Last_Mile,Houston Port,Dallas Corridor,rail,stormy,0.2663,17.88
Global_Freight,Dubai Logistics Hub,Atlanta Air Hub,air,Clear,0.0,2.92
Last_Mile,Chicago Rail Hub,Houston Port,rail,stormy,0.746,95.16
Global_Freight,Singapore Port,Shanghai Port,sea,rainy,0.0133,23.52
Global_Freight,Singapore Port,Suez Canal,sea,rainy,0.1981,19.72
Last_Mile,Regional Hub,Local Terminal,road,rainy,0.418,12.16
Global_Freight,Atlanta Air Hub,Dubai Logistics Hub,air,stormy,0.2905,12.15
Global_Freight,Dubai Logistics Hub,Delhi Air Cargo,air,Clear,0.1541,11.34
Global_Freight,Suez Canal,Mumbai Port,sea,stormy,0.0381,25.69
Last_Mile,St. Louis Hub,Chicago Rail Hub,rail,Clear,0.5761,42.57
Last_Mile,Regional Hub,Local Terminal,road,stormy,0.2171,2.45
Global_Freight,Seattle Port,Shanghai Port,sea,rainy,0.1219,12.98
Last_Mile,Regional Hub,Local Terminal,road,stormy,0.1371,2.0
Last_Mile,Houston Port,Chicago Rail Hub,rail,stormy,0.168,39.48
Global_Freight,Seattle Port,Rotterdam Port,sea,stormy,0.2148,31.68
Global_Freight,Dubai Logistics Hub,Atlanta Air Hub,air,rainy,0.0,2.63
Last_Mile,Regional Hub,Local Terminal,road,Clear,0.1965,1.93
Last_Mile,Regional Hub,Local Terminal,road,Clear,0.1303,1.34
Global_Freight,Delhi Air Cargo,Atlanta Air Hub,air,stormy,0.0,6.56
Last_Mile,Houston Port,St. Louis Hub,rail,stormy,0.2597,33.5
Last_Mile,Houston Port,Chicago Rail Hub,rail,Clear,0.2984,47.19
Last_Mile,Chicago Rail Hub,Dallas Corridor,rail,stormy,0.067,13.57
Last_Mile,St. Louis Hub,Houston Port,rail,stormy,0.5867,49.43
Last_Mile,Regional Hub,Local Terminal,road,Clear,0.0,2.86
Last_Mile,Regional Hub,Local Terminal,road,stormy,0.0,4.58
Last_Mile,Chicago Rail Hub,Dallas Corridor,rail,Clear,0.0,18.3
Last_Mile,Regional Hub,Local Terminal,road,Clear,0.0887,3.36
Last_Mile,Regional Hub,Local Terminal,road,Clear,0.3086,10.32
Last_Mile,Regional Hub,Local Terminal,road,rainy,0.0198,3.27
Last_Mile,St. Louis Hub,Dallas Corridor,rail,stormy,0.4109,19.12
Global_Freight,Delhi Air Cargo,Atlanta Air Hub,air,Clear,0.2999,25.59
Last_Mile,Regional Hub,Local Terminal,road,stormy,0.0486,3.17
Global_Freight,Dubai Logistics Hub,Delhi Air Cargo,air,rainy,0.0,1.77
Global_Freight,Delhi Air Cargo,Atlanta Air Hub,air,rainy,0.0959,12.63
Last_Mile,Dallas Corridor,St. Louis Hub,rail,Clear,0.0004,3.55
Global_Freight,Atlanta Air Hub,Dubai Logistics Hub,air,rainy,0.1172,4.33
Global_Freight,Rotterdam Port,Los Angeles Port,sea,Clear,0.3143,19.91
Last_Mile,Regional Hub,Local Terminal,road,rainy,0.0,1.68
Last_Mile,Chicago Rail Hub,Houston Port,rail,rainy,0.3512,39.66
Global_Freight,Suez Canal,New York Port,sea,Clear,0.0,3.15
Global_Freight,Delhi Air Cargo,Atlanta Air Hub,air,rainy,0.0,2.23
Last_Mile,Regional Hub,Local Terminal,road,rainy,0.1365,5.29
Last_Mile,St. Louis Hub,Dallas Corridor,rail,stormy,0.4544,39.72
Global_Freight,Dubai Logistics Hub,Atlanta Air Hub,air,stormy,0.5139,18.12
Last_Mile,Chicago Rail Hub,Houston Port,rail,stormy,0.3118,25.21
Last_Mile,Dallas Corridor,St. Louis Hub,rail,Clear,0.0332,6.26
Last_Mile,Regional Hub,Local Terminal,road,Clear,0.0094,3.71
Last_Mile,Regional Hub,Local Terminal,road,rainy,0.1579,3.22
Last_Mile,Regional Hub,Local Terminal,road,rainy,0.0567,1.02
Global_Freight,Dubai Logistics Hub,Atlanta Air Hub,air,stormy,0.1152,3.52
Global_Freight,Dubai Logistics Hub,Delhi Air Cargo,air,Clear,0.0,2.69
Last_Mile,Houston Port,Chicago Rail Hub,rail,rainy,0.053,39.84
Global_Freight,Shanghai Port,Mumbai Port,sea,Clear,0.1243,21.23
Global_Freight,Atlanta Air Hub,Delhi Air Cargo,air,Clear,0.0,3.89
Global_Freight,Delhi Air Cargo,Dubai Logistics Hub,air,stormy,0.2187,2.0
Last_Mile,Regional Hub,Local Terminal,road,rainy,0.0,2.94
Last_Mile,Regional Hub,Local Terminal,road,rainy,0.1317,2.74
Last_Mile,Regional Hub,Local Terminal,road,stormy,0.1946,3.84
Global_Freight,Dubai Logistics Hub,Delhi Air Cargo,air,rainy,0.1072,4.24
Global_Freight,Atlanta Air Hub,Delhi Air Cargo,air,stormy,0.5512,24.85
Last_Mile,Regional Hub,Local Terminal,road,stormy,0.0424,3.49
Global_Freight,Dubai Logistics Hub,Delhi Air Cargo,air,stormy,0.1694,8.79
Last_Mile,Dallas Corridor,Chicago Rail Hub,rail,stormy,0.5092,54.39
Global_Freight,Atlanta Air Hub,Delhi Air Cargo,air,stormy,0.5893,35.0
Global_Freight,Suez Canal,Mumbai Port,sea,stormy,0.0091,23.23
Global_Freight,Atlanta Air Hub,Dubai Logistics Hub,air,stormy,0.3458,11.25
Last_Mile,Regional Hub,Local Terminal,road,stormy,0.0,1.56
Last_Mile,Dallas Corridor,Houston Port,rail,rainy,0.0729,14.76
Global_Freight,Shanghai Port,Suez Canal,sea,stormy,0.0844,18.46
Last_Mile,Dallas Corridor,Chicago Rail Hub,rail,rainy,0.0181,9.81
Global_Freight,Dubai Logistics Hub,Delhi Air Cargo,air,stormy,0.4172,15.5
Global_Freight,Delhi Air Cargo,Atlanta Air Hub,air,rainy,0.086,6.95
Global_Freight,Atlanta Air Hub,Delhi Air Cargo,air,Clear,0.0638,10.23
Last_Mile,Regional Hub,Local Terminal,road,rainy,0.3809,6.69
Last_Mile,Regional Hub,Local Terminal,road,stormy,0.0558,1.35
Global_Freight,Atlanta Air Hub,Delhi Air Cargo,air,rainy,0.2321,16.41
Global_Freight,Shanghai Port,Seattle Port,sea,stormy,0.2299,52.07
Last_Mile,Regional Hub,Local Terminal,road,stormy,0.0664,2.46
Global_Freight,Singapore Port,Seattle Port,sea,Clear,0.2846,3.44
Global_Freight,Atlanta Air Hub,Dubai Logistics Hub,air,stormy,0.3018,10.62
Last_Mile,Regional Hub,Local Terminal,road,rainy,0.0,4.13
Global_Freight,Atlanta Air Hub,Dubai Logistics Hub,air,rainy,0.0,2.42
Last_Mile,Regional Hub,Local Terminal,road,stormy,0.2816,9.01
Global_Freight,Dubai Logistics Hub,Atlanta Air Hub,air,Clear,0.1127,2.77
Last_Mile,Regional Hub,Local Terminal,road,rainy,0.0738,3.85
Global_Freight,Atlanta Air Hub,Dubai Logistics Hub,air,stormy,0.2405,17.04
Last_Mile,Houston Port,St. Louis Hub,rail,stormy,0.1121,30.26
Global_Freight,Dubai Logistics Hub,Delhi Air Cargo,air,Clear,0.0594,5.33
Last_Mile,Regional Hub,Local Terminal,road,Clear,0.2912,8.91
Global_Freight,Rotterdam Port,New York Port,sea,Clear,0.238,33.4
Global_Freight,Mumbai Port,Suez Canal,sea,Clear,0.0468,19.49
Last_Mile,Regional Hub,Local Terminal,road,stormy,0.211,6.9
Last_Mile,St. Louis Hub,Houston Port,rail,stormy,0.5647,49.91
Last_Mile,Regional Hub,Local Terminal,road,stormy,0.1622,3.16
Global_Freight,Atlanta Air Hub,Dubai Logistics Hub,air,stormy,0.2169,11.67
Global_Freight,Delhi Air Cargo,Atlanta Air Hub,air,Clear,0.2543,10.01
Global_Freight,Los Angeles Port,Singapore Port,sea,stormy,0.0,21.6
Last_Mile,Regional Hub,Local Terminal,road,rainy,0.2387,6.36
Last_Mile,Regional Hub,Local Terminal,road,rainy,0.1043,4.55
Global_Freight,Mumbai Port,Los Angeles Port,sea,rainy,0.0753,13.75
Last_Mile,Regional Hub,Local Terminal,road,stormy,0.1148,6.33
Global_Freight,Delhi Air Cargo,Dubai Logistics Hub,air,stormy,0.476,43.08
Last_Mile,Chicago Rail Hub,St. Louis Hub,rail,stormy,0.1586,12.37
Last_Mile,Houston Port,Chicago Rail Hub,rail,Clear,0.0,24.31
Global_Freight,New York Port,Rotterdam Port,sea,Clear,0.1121,20.26
Last_Mile,Regional Hub,Local Terminal,road,rainy,0.0518,2.3
Global_Freight,Singapore Port,Shanghai Port,sea,Clear,0.1924,10.55
Last_Mile,Regional Hub,Local Terminal,road,Clear,0.0321,1.64
Global_Freight,Delhi Air Cargo,Dubai Logistics Hub,air,Clear,0.1891,8.55
Global_Freight,Suez Canal,Rotterdam Port,sea,stormy,0.2968,34.92
Last_Mile,Regional Hub,Local Terminal,road,stormy,0.1473,2.87
Last_Mile,Regional Hub,Local Terminal,road,Clear,0.0964,1.11
Last_Mile,Regional Hub,Local Terminal,road,stormy,0.2718,8.14
Last_Mile,Regional Hub,Local Terminal,road,Clear,0.1041,7.44
Last_Mile,St. Louis Hub,Dallas Corridor,rail,rainy,0.2636,21.96
Global_Freight,Singapore Port,Suez Canal,sea,Clear,0.2339,9.47
Global_Freight,Seattle Port,New York Port,sea,stormy,0.2594,56.27
Last_Mile,Regional Hub,Local Terminal,road,Clear,0.1338,1.67
Last_Mile,Regional Hub,Local Terminal,road,stormy,0.1319,5.83
Last_Mile,Houston Port,Chicago Rail Hub,rail,stormy,0.0,7.24
Last_Mile,Chicago Rail Hub,Houston Port,rail,rainy,0.5128,58.66
Global_Freight,Dubai Logistics Hub,Delhi Air Cargo,air,rainy,0.1932,9.72
Global_Freight,Delhi Air Cargo,Atlanta Air Hub,air,rainy,0.0,11.37
Global_Freight,Atlanta Air Hub,Delhi Air Cargo,air,stormy,0.0766,13.64
Global_Freight,Dubai Logistics Hub,Delhi Air Cargo,air,stormy,0.0708,3.27
Global_Freight,Delhi Air Cargo,Dubai Logistics Hub,air,rainy,0.1271,15.32
Last_Mile,Regional Hub,Local Terminal,road,stormy,0.0,3.83
Last_Mile,Regional Hub,Local Terminal,road,Clear,0.0878,4.73
Last_Mile,St. Louis Hub,Chicago Rail Hub,rail,Clear,0.0,1.77
Last_Mile,Dallas Corridor,St. Louis Hub,rail,rainy,0.54,57.09
Last_Mile,Houston Port,St. Louis Hub,rail,Clear,0.591,52.72
Last_Mile,St. Louis Hub,Houston Port,rail,rainy,0.0763,2.14
Last_Mile,Dallas Corridor,Chicago Rail Hub,rail,rainy,0.4545,36.83
Last_Mile,Dallas Corridor,St. Louis Hub,rail,stormy,0.0612,13.38
Last_Mile,Regional Hub,Local Terminal,road,stormy,0.2125,5.24
Last_Mile,Houston Port,St. Louis Hub,rail,Clear,0.373,29.08
Last_Mile,Regional Hub,Local Terminal,road,stormy,0.3283,8.64
Global_Freight,Dubai Logistics Hub,Atlanta Air Hub,air,Clear,0.2043,5.23
Global_Freight,Los Angeles Port,Singapore Port,sea,rainy,0.1055,20.98
Global_Freight,Atlanta Air Hub,Dubai Logistics Hub,air,Clear,0.5325,28.62
Global_Freight,Delhi Air Cargo,Atlanta Air Hub,air,stormy,0.3356,25.92
Global_Freight,New York Port,Los Angeles Port,sea,rainy,0.0749,16.6
Global_Freight,Los Angeles Port,Mumbai Port,sea,rainy,0.0,35.2
Last_Mile,Regional Hub,Local Terminal,road,stormy,0.1992,3.83
Global_Freight,Delhi Air Cargo,Dubai Logistics Hub,air,Clear,0.113,11.27
Last_Mile,Dallas Corridor,Houston Port,rail,stormy,0.1128,21.28
Last_Mile,Regional Hub,Local Terminal,road,rainy,0.2094,1.4
Last_Mile,Regional Hub,Local Terminal,road,Clear,0.0,4.75
Last_Mile,Regional Hub,Local Terminal,road,stormy,0.1296,4.18
Global_Freight,Suez Canal,Singapore Port,sea,Clear,0.1487,5.95
Last_Mile,Regional Hub,Local Terminal,road,stormy,0.1215,5.2
Global_Freight,Dubai Logistics Hub,Delhi Air Cargo,air,Clear,0.1931,7.85
Global_Freight,New York Port,Suez Canal,sea,stormy,0.1148,23.56
Global_Freight,Dubai Logistics Hub,Atlanta Air Hub,air,Clear,0.0,4.0
Last_Mile,Dallas Corridor,Chicago Rail Hub,rail,rainy,0.046,4.3
Last_Mile,Regional Hub,Local Terminal,road,Clear,0.0385,1.47
Last_Mile,Regional Hub,Local Terminal,road,stormy,0.0262,0.64
Last_Mile,Regional Hub,Local Terminal,road,Clear,0.0564,1.38
Last_Mile,Regional Hub,Local Terminal,road,stormy,0.0288,5.29
Global_Freight,Atlanta Air Hub,Delhi Air Cargo,air,Clear,0.4878,34.56
Global_Freight,Dubai Logistics Hub,Delhi Air Cargo,air,Clear,0.0676,8.67
Last_Mile,St. Louis Hub,Dallas Corridor,rail,rainy,0.0577,8.33
Last_Mile,St. Louis Hub,Houston Port,rail,Clear,0.4406,38.22
Global_Freight,Atlanta Air Hub,Dubai Logistics Hub,air,rainy,0.1039,21.76
Global_Freight,Suez Canal,Singapore Port,sea,rainy,0.1534,12.65
Last_Mile,Dallas Corridor,Houston Port,rail,Clear,0.0,11.05
Global_Freight,Dubai Logistics Hub,Atlanta Air Hub,air,rainy,0.2609,13.93
Last_Mile,Regional Hub,Local Terminal,road,rainy,0.2282,10.35
Last_Mile,Regional Hub,Local Terminal,road,rainy,0.1211,4.51
Last_Mile,Houston Port,Chicago Rail Hub,rail,Clear,0.1042,29.26
Last_Mile,Dallas Corridor,Houston Port,rail,stormy,0.3303,37.84
Last_Mile,Houston Port,St. Louis Hub,rail,Clear,0.2608,30.22
Last_Mile,Regional Hub,Local Terminal,road,stormy,0.0342,0.45
Global_Freight,Atlanta Air Hub,Delhi Air Cargo,air,rainy,0.0264,4.58
Last_Mile,Regional Hub,Local Terminal,road,rainy,0.108,0.35
Last_Mile,Regional Hub,Local Terminal,road,stormy,0.1886,11.56
Last_Mile,Houston Port,St. Louis Hub,rail,Clear,0.0,4.8
Last_Mile,Dallas Corridor,Chicago Rail Hub,rail,stormy,0.1115,6.18
Last_Mile,St. Louis Hub,Dallas Corridor,rail,stormy,0.6432,61.86
Last_Mile,St. Louis Hub,Dallas Corridor,rail,Clear,0.3763,28.0
Global_Freight,Dubai Logistics Hub,Atlanta Air Hub,air,stormy,0.2123,4.07
Global_Freight,Shanghai Port,Seattle Port,sea,Clear,0.3476,91.82
Last_Mile,Regional Hub,Local Terminal,road,Clear,0.3185,8.6
Last_Mile,Regional Hub,Local Terminal,road,rainy,0.0731,1.84
Global_Freight,Atlanta Air Hub,Dubai Logistics Hub,air,rainy,0.3511,14.52
Last_Mile,Regional Hub,Local Terminal,road,Clear,0.0,1.96
Global_Freight,Shanghai Port,Seattle Port,sea,rainy,0.0,26.79
Global_Freight,Dubai Logistics Hub,Atlanta Air Hub,air,Clear,0.0,1.14
Global_Freight,Dubai Logistics Hub,Atlanta Air Hub,air,rainy,0.0824,0.85
Last_Mile,Regional Hub,Local Terminal,road,rainy,0.2481,8.91
Last_Mile,Regional Hub,Local Terminal,road,rainy,0.115,1.75
Global_Freight,Dubai Logistics Hub,Atlanta Air Hub,air,Clear,0.2415,8.11
Last_Mile,Regional Hub,Local Terminal,road,rainy,0.0,2.2
Global_Freight,Delhi Air Cargo,Dubai Logistics Hub,air,rainy,0.0,13.57
Last_Mile,Regional Hub,Local Terminal,road,stormy,0.0111,1.08
Last_Mile,Regional Hub,Local Terminal,road,rainy,0.1001,7.35
Global_Freight,Rotterdam Port,Seattle Port,sea,rainy,0.3785,53.12
Last_Mile,Regional Hub,Local Terminal,road,rainy,0.3054,8.75
Global_Freight,Atlanta Air Hub,Delhi Air Cargo,air,Clear,0.1439,6.52
Last_Mile,Regional Hub,Local Terminal,road,Clear,0.2189,4.97
Global_Freight,Singapore Port,Suez Canal,sea,stormy,0.1404,4.96
Global_Freight,Shanghai Port,Suez Canal,sea,Clear,0.0,7.63
Last_Mile,Chicago Rail Hub,Houston Port,rail,rainy,0.2154,12.38
Global_Freight,Atlanta Air Hub,Delhi Air Cargo,air,stormy,0.3788,36.37
Global_Freight,Dubai Logistics Hub,Delhi Air Cargo,air,rainy,0.2211,12.29
Global_Freight,Delhi Air Cargo,Dubai Logistics Hub,air,Clear,0.0204,14.88
Last_Mile,Regional Hub,Local Terminal,road,Clear,0.1184,0.58
Global_Freight,Dubai Logistics Hub,Atlanta Air Hub,air,stormy,0.1776,0.37
Last_Mile,Chicago Rail Hub,Dallas Corridor,rail,stormy,0.0263,7.29
Last_Mile,St. Louis Hub,Houston Port,rail,stormy,0.1722,4.12
Global_Freight,Seattle Port,Shanghai Port,sea,rainy,0.0931,5.75
Global_Freight,New York Port,Los Angeles Port,sea,rainy,0.0,22.11
Global_Freight,Seattle Port,Rotterdam Port,sea,stormy,0.0248,25.48
Global_Freight,Dubai Logistics Hub,Delhi Air Cargo,air,rainy,0.027,8.81
Last_Mile,Chicago Rail Hub,St. Louis Hub,rail,stormy,0.281,28.18
Last_Mile,Regional Hub,Local Terminal,road,Clear,0.1201,2.32
Last_Mile,Chicago Rail Hub,Houston Port,rail,stormy,0.0395,23.69
Global_Freight,Delhi Air Cargo,Atlanta Air Hub,air,rainy,0.0284,8.29
Global_Freight,Atlanta Air Hub,Dubai Logistics Hub,air,Clear,0.0,4.88
Global_Freight,Atlanta Air Hub,Dubai Logistics Hub,air,rainy,0.4788,28.92
Last_Mile,St. Louis Hub,Chicago Rail Hub,rail,Clear,0.1775,24.03
Last_Mile,St. Louis Hub,Houston Port,rail,rainy,0.5461,51.17
Last_Mile,Regional Hub,Local Terminal,road,stormy,0.1801,4.07
Global_Freight,Atlanta Air Hub,Dubai Logistics Hub,air,Clear,0.0,5.9
Last_Mile,Regional Hub,Local Terminal,road,rainy,0.3035,7.4
Last_Mile,Chicago Rail Hub,St. Louis Hub,rail,rainy,0.3756,22.05
Global_Freight,Atlanta Air Hub,Dubai Logistics Hub,air,stormy,0.275,9.48
Global_Freight,Los Angeles Port,Singapore Port,sea,stormy,0.0676,79.4
Global_Freight,Mumbai Port,Singapore Port,sea,Clear,0.0994,40.71
Last_Mile,Dallas Corridor,St. Louis Hub,rail,rainy,0.4612,27.73
Global_Freight,Los Angeles Port,Rotterdam Port,sea,rainy,0.1222,85.86
Last_Mile,Regional Hub,Local Terminal,road,rainy,0.1052,5.97
Last_Mile,Regional Hub,Local Terminal,road,Clear,0.0,1.83
Global_Freight,Suez Canal,Los Angeles Port,sea,stormy,0.0,11.94
Global_Freight,Atlanta Air Hub,Delhi Air Cargo,air,stormy,0.1767,8.31
Global_Freight,Rotterdam Port,Singapore Port,sea,stormy,0.0,4.5
Global_Freight,Delhi Air Cargo,Atlanta Air Hub,air,stormy,0.2095,8.21
Last_Mile,Regional Hub,Local Terminal,road,stormy,0.3742,12.49
Last_Mile,Chicago Rail Hub,St. Louis Hub,rail,stormy,0.4457,43.65
Global_Freight,Suez Canal,Los Angeles Port,sea,rainy,0.0,12.66
Last_Mile,Regional Hub,Local Terminal,road,stormy,0.0,1.17
Last_Mile,Regional Hub,Local Terminal,road,Clear,0.2406,6.42
Last_Mile,St. Louis Hub,Chicago Rail Hub,rail,stormy,0.3972,30.87
Global_Freight,Rotterdam Port,Shanghai Port,sea,rainy,0.0176,3.83
Global_Freight,Delhi Air Cargo,Dubai Logistics Hub,air,rainy,0.2354,7.88
Global_Freight,Singapore Port,Seattle Port,sea,stormy,0.0758,23.17
Last_Mile,Houston Port,Chicago Rail Hub,rail,rainy,0.238,17.47
Global_Freight,New York Port,Los Angeles Port,sea,stormy,0.008,34.29
Global_Freight,Delhi Air Cargo,Atlanta Air Hub,air,rainy,0.163,13.15
Last_Mile,Regional Hub,Local Terminal,road,rainy,0.0128,3.11
Global_Freight,Dubai Logistics Hub,Atlanta Air Hub,air,rainy,0.1623,6.51
Last_Mile,Regional Hub,Local Terminal,road,stormy,0.0476,1.47
Global_Freight,Rotterdam Port,Mumbai Port,sea,Clear,0.0696,6.7
Global_Freight,Atlanta Air Hub,Dubai Logistics Hub,air,Clear,0.0,8.48
Global_Freight,Rotterdam Port,New York Port,sea,Clear,0.0929,22.74
Global_Freight,New York Port,Seattle Port,sea,Clear,0.2917,52.75
Last_Mile,Regional Hub,Local Terminal,road,Clear,0.0602,6.15
Last_Mile,Regional Hub,Local Terminal,road,stormy,0.0385,4.46
Last_Mile,Dallas Corridor,Houston Port,rail,rainy,0.2416,30.65
Global_Freight,Los Angeles Port,Suez Canal,sea,rainy,0.1794,51.2
Global_Freight,Seattle Port,Los Angeles Port,sea,rainy,0.1001,12.74
Global_Freight,Seattle Port,Shanghai Port,sea,stormy,0.0309,12.37
Last_Mile,Chicago Rail Hub,Houston Port,rail,rainy,0.6297,57.64
Last_Mile,Regional Hub,Local Terminal,road,stormy,0.0,4.53
Global_Freight,Dubai Logistics Hub,Atlanta Air Hub,air,rainy,0.2004,5.77
Global_Freight,Dubai Logistics Hub,Atlanta Air Hub,air,stormy,0.2227,8.07
Global_Freight,Rotterdam Port,New York Port,sea,stormy,0.069,26.26
Last_Mile,Chicago Rail Hub,St. Louis Hub,rail,Clear,0.3837,47.85
Global_Freight,Delhi Air Cargo,Atlanta Air Hub,air,rainy,0.0415,8.54
Last_Mile,Regional Hub,Local Terminal,road,rainy,0.18,4.31
Last_Mile,Regional Hub,Local Terminal,road,stormy,0.0,1.15
Last_Mile,Regional Hub,Local Terminal,road,stormy,0.107,7.46
Last_Mile,Dallas Corridor,Chicago Rail Hub,rail,Clear,0.1656,16.83
Last_Mile,St. Louis Hub,Chicago Rail Hub,rail,stormy,0.1039,18.97
Last_Mile,Houston Port,St. Louis Hub,rail,rainy,0.413,48.9
Last_Mile,Regional Hub,Local Terminal,road,Clear,0.0792,1.63
Global_Freight,Delhi Air Cargo,Dubai Logistics Hub,air,stormy,0.0565,7.52
Global_Freight,Delhi Air Cargo,Atlanta Air Hub,air,stormy,0.3032,18.37
Last_Mile,Chicago Rail Hub,St. Louis Hub,rail,rainy,0.1555,24.53
Last_Mile,Regional Hub,Local Terminal,road,rainy,0.2741,6.31
Last_Mile,Regional Hub,Local Terminal,road,rainy,0.2141,7.07
Global_Freight,Singapore Port,Shanghai Port,sea,Clear,0.0,2.91
Last_Mile,St. Louis Hub,Dallas Corridor,rail,rainy,0.1552,16.27
Last_Mile,Houston Port,Dallas Corridor,rail,Clear,0.1976,30.71
Last_Mile,Dallas Corridor,Chicago Rail Hub,rail,rainy,0.217,10.02
Global_Freight,Mumbai Port,Los Angeles Port,sea,rainy,0.0458,22.94
Global_Freight,Dubai Logistics Hub,Atlanta Air Hub,air,stormy,0.0969,10.74
Last_Mile,Regional Hub,Local Terminal,road,rainy,0.092,4.53
Last_Mile,Regional Hub,Local Terminal,road,stormy,0.1108,3.09
Last_Mile,St. Louis Hub,Chicago Rail Hub,rail,Clear,0.0989,1.67
Last_Mile,Regional Hub,Local Terminal,road,stormy,0.2225,6.69
Global_Freight,Atlanta Air Hub,Delhi Air Cargo,air,Clear,0.0,3.39
Global_Freight,Delhi Air Cargo,Dubai Logistics Hub,air,stormy,0.0,8.7
Last_Mile,Regional Hub,Local Terminal,road,stormy,0.0,3.41
Global_Freight,Dubai Logistics Hub,Atlanta Air Hub,air,stormy,0.0178,1.04
Last_Mile,Regional Hub,Local Terminal,road,Clear,0.066,9.64
Last_Mile,Regional Hub,Local Terminal,road,Clear,0.1192,2.67
Last_Mile,Regional Hub,Local Terminal,road,stormy,0.0878,3.47
Last_Mile,Regional Hub,Local Terminal,road,stormy,0.2111,1.29
Last_Mile,Houston Port,St. Louis Hub,rail,stormy,0.1308,20.25
Global_Freight,Atlanta Air Hub,Delhi Air Cargo,air,Clear,0.5586,34.49
Last_Mile,St. Louis Hub,Chicago Rail Hub,rail,rainy,0.1122,9.94
Last_Mile,Chicago Rail Hub,Houston Port,rail,Clear,0.3201,37.95
Last_Mile,Regional Hub,Local Terminal,road,stormy,0.0759,3.81
Last_Mile,Regional Hub,Local Terminal,road,rainy,0.0,2.12
Last_Mile,Regional Hub,Local Terminal,road,stormy,0.0,3.16
Last_Mile,St. Louis Hub,Chicago Rail Hub,rail,Clear,0.2585,20.08
Global_Freight,Delhi Air Cargo,Dubai Logistics Hub,air,stormy,0.2221,28.9
Last_Mile,Dallas Corridor,Houston Port,rail,Clear,0.5558,37.38
Last_Mile,St. Louis Hub,Houston Port,rail,rainy,0.2526,13.71
Global_Freight,Dubai Logistics Hub,Delhi Air Cargo,air,Clear,0.1523,7.71
Global_Freight,Mumbai Port,Los Angeles Port,sea,stormy,0.3618,76.54
Global_Freight,Mumbai Port,Rotterdam Port,sea,rainy,0.0988,41.47
Global_Freight,Dubai Logistics Hub,Delhi Air Cargo,air,rainy,0.2602,10.06
Global_Freight,Delhi Air Cargo,Atlanta Air Hub,air,rainy,0.147,21.81
Last_Mile,Regional Hub,Local Terminal,road,rainy,0.224,6.32
Global_Freight,New York Port,Singapore Port,sea,stormy,0.0,7.54
Global_Freight,Seattle Port,Los Angeles Port,sea,rainy,0.048,21.86
Last_Mile,Regional Hub,Local Terminal,road,Clear,0.0751,4.45
Last_Mile,Regional Hub,Local Terminal,road,rainy,0.0,3.45
Last_Mile,Regional Hub,Local Terminal,road,Clear,0.1276,2.36
Last_Mile,Houston Port,St. Louis Hub,rail,Clear,0.1495,11.86
Global_Freight,Atlanta Air Hub,Dubai Logistics Hub,air,Clear,0.316,19.34
Global_Freight,Delhi Air Cargo,Dubai Logistics Hub,air,rainy,0.0743,37.94
Global_Freight,Delhi Air Cargo,Dubai Logistics Hub,air,stormy,0.1543,14.08
Last_Mile,Chicago Rail Hub,St. Louis Hub,rail,rainy,0.2398,24.0
Global_Freight,Delhi Air Cargo,Atlanta Air Hub,air,Clear,0.3761,38.9
Global_Freight,Mumbai Port,Shanghai Port,sea,Clear,0.203,66.94
Global_Freight,Seattle Port,Suez Canal,sea,Clear,0.0674,27.11
Global_Freight,Delhi Air Cargo,Dubai Logistics Hub,air,stormy,0.0141,11.43
Global_Freight,Shanghai Port,Suez Canal,sea,stormy,0.1797,10.54
Last_Mile,Regional Hub,Local Terminal,road,rainy,0.2793,7.9
Global_Freight,Los Angeles Port,Singapore Port,sea,rainy,0.0549,18.98
Last_Mile,Regional Hub,Local Terminal,road,rainy,0.0,4.7
Global_Freight,Seattle Port,Suez Canal,sea,rainy,0.1685,18.36
Global_Freight,Delhi Air Cargo,Atlanta Air Hub,air,Clear,0.3661,25.34
Last_Mile,Regional Hub,Local Terminal,road,rainy,0.3359,6.93
Last_Mile,Regional Hub,Local Terminal,road,Clear,0.0932,3.74
Global_Freight,Mumbai Port,Seattle Port,sea,stormy,0.2421,99.29
Global_Freight,Dubai Logistics Hub,Delhi Air Cargo,air,Clear,0.1596,8.83
Global_Freight,Delhi Air Cargo,Dubai Logistics Hub,air,Clear,0.1805,18.07
Last_Mile,Dallas Corridor,St. Louis Hub,rail,stormy,0.2708,13.75
Global_Freight,Dubai Logistics Hub,Delhi Air Cargo,air,rainy,0.1741,7.21
Last_Mile,Regional Hub,Local Terminal,road,Clear,0.0471,3.22
Global_Freight,Atlanta Air Hub,Delhi Air Cargo,air,stormy,0.2571,18.4
Global_Freight,Atlanta Air Hub,Dubai Logistics Hub,air,rainy,0.2718,17.97
Global_Freight,Atlanta Air Hub,Delhi Air Cargo,air,rainy,0.2568,22.09
Last_Mile,Regional Hub,Local Terminal,road,rainy,0.0,1.46
Global_Freight,Dubai Logistics Hub,Delhi Air Cargo,air,rainy,0.1548,2.8
Global_Freight,Dubai Logistics Hub,Delhi Air Cargo,air,stormy,0.0264,2.33
Last_Mile,Chicago Rail Hub,Dallas Corridor,rail,rainy,0.3872,32.92
Last_Mile,Dallas Corridor,St. Louis Hub,rail,Clear,0.0,17.12
Last_Mile,Regional Hub,Local Terminal,road,stormy,0.2231,5.37
Last_Mile,Chicago Rail Hub,St. Louis Hub,rail,rainy,0.2372,9.73
Global_Freight,New York Port,Rotterdam Port,sea,rainy,0.259,57.39
Global_Freight,Dubai Logistics Hub,Delhi Air Cargo,air,rainy,0.1923,9.46
Global_Freight,Atlanta Air Hub,Dubai Logistics Hub,air,rainy,0.2398,11.84
Global_Freight,Dubai Logistics Hub,Delhi Air Cargo,air,Clear,0.2673,4.75
Last_Mile,Chicago Rail Hub,Houston Port,rail,Clear,0.0,1.67
Global_Freight,Delhi Air Cargo,Dubai Logistics Hub,air,stormy,0.0,1.75
Last_Mile,Regional Hub,Local Terminal,road,stormy,0.2194,7.07
Last_Mile,Dallas Corridor,Chicago Rail Hub,rail,Clear,0.0673,10.74
Global_Freight,Dubai Logistics Hub,Atlanta Air Hub,air,Clear,0.4321,12.74
Global_Freight,Mumbai Port,New York Port,sea,rainy,0.0,9.04
Last_Mile,Regional Hub,Local Terminal,road,stormy,0.042,3.29
Last_Mile,Regional Hub,Local Terminal,road,stormy,0.0,1.54
Last_Mile,Houston Port,Chicago Rail Hub,rail,rainy,0.2392,58.42
Last_Mile,Regional Hub,Local Terminal,road,rainy,0.039,2.94
Last_Mile,Regional Hub,Local Terminal,road,rainy,0.3279,5.24
Global_Freight,Shanghai Port,Rotterdam Port,sea,rainy,0.1458,4.18
Last_Mile,Regional Hub,Local Terminal,road,rainy,0.2636,5.6
Last_Mile,Dallas Corridor,Chicago Rail Hub,rail,stormy,0.0,6.64
Global_Freight,Dubai Logistics Hub,Delhi Air Cargo,air,rainy,0.2143,15.97
Global_Freight,New York Port,Seattle Port,sea,Clear,0.2991,39.6
Last_Mile,Regional Hub,Local Terminal,road,Clear,0.1347,4.92
Global_Freight,Atlanta Air Hub,Delhi Air Cargo,air,rainy,0.0,6.18
Global_Freight,Delhi Air Cargo,Dubai Logistics Hub,air,Clear,0.0382,10.78
Global_Freight,Atlanta Air Hub,Delhi Air Cargo,air,Clear,0.2489,21.05
Last_Mile,Dallas Corridor,St. Louis Hub,rail,rainy,0.3362,30.28
Last_Mile,Chicago Rail Hub,Dallas Corridor,rail,Clear,0.1788,30.64
Global_Freight,Singapore Port,Mumbai Port,sea,rainy,0.1109,21.43
Global_Freight,Los Angeles Port,Shanghai Port,sea,stormy,0.1639,59.0
Global_Freight,Los Angeles Port,New York Port,sea,rainy,0.2829,54.96
Global_Freight,Rotterdam Port,New York Port,sea,stormy,0.3672,72.45
Global_Freight,Mumbai Port,Singapore Port,sea,rainy,0.3148,58.97
Global_Freight,Singapore Port,Seattle Port,sea,stormy,0.1527,15.25
Global_Freight,Suez Canal,Seattle Port,sea,Clear,0.0,9.69
Last_Mile,Regional Hub,Local Terminal,road,stormy,0.0,0.51
Last_Mile,Regional Hub,Local Terminal,road,Clear,0.0999,1.05
Last_Mile,Regional Hub,Local Terminal,road,Clear,0.1384,2.61
Global_Freight,Dubai Logistics Hub,Atlanta Air Hub,air,Clear,0.0,5.23
Last_Mile,Dallas Corridor,St. Louis Hub,rail,stormy,0.0934,12.18
Global_Freight,Seattle Port,Singapore Port,sea,rainy,0.5154,109.15
Global_Freight,Rotterdam Port,Los Angeles Port,sea,rainy,0.3078,45.57
Last_Mile,Chicago Rail Hub,Dallas Corridor,rail,Clear,0.1089,9.88
Last_Mile,Regional Hub,Local Terminal,road,rainy,0.0517,2.94
Last_Mile,Chicago Rail Hub,Dallas Corridor,rail,rainy,0.0,15.76
Global_Freight,Shanghai Port,Rotterdam Port,sea,Clear,0.0887,15.55
Last_Mile,Regional Hub,Local Terminal,road,stormy,0.0804,5.74
Last_Mile,St. Louis Hub,Chicago Rail Hub,rail,stormy,0.0285,9.89
Last_Mile,Dallas Corridor,Chicago Rail Hub,rail,rainy,0.4249,53.78
Last_Mile,Regional Hub,Local Terminal,road,rainy,0.1089,4.7
Global_Freight,Delhi Air Cargo,Dubai Logistics Hub,air,stormy,0.2846,17.57
Last_Mile,Dallas Corridor,Houston Port,rail,rainy,0.4037,28.7
Last_Mile,Regional Hub,Local Terminal,road,stormy,0.0717,0.93
Global_Freight,Atlanta Air Hub,Dubai Logistics Hub,air,rainy,0.1533,27.62
Last_Mile,Chicago Rail Hub,Dallas Corridor,rail,stormy,0.0378,15.56
Global_Freight,Atlanta Air Hub,Delhi Air Cargo,air,Clear,0.2335,8.1
Global_Freight,Delhi Air Cargo,Atlanta Air Hub,air,rainy,0.1667,21.73
Last_Mile,Regional Hub,Local Terminal,road,stormy,0.2149,3.75
Last_Mile,Houston Port,St. Louis Hub,rail,rainy,0.1103,9.62
Last_Mile,Dallas Corridor,St. Louis Hub,rail,Clear,0.1253,13.07
Global_Freight,Delhi Air Cargo,Atlanta Air Hub,air,rainy,0.4174,39.33
Global_Freight,Delhi Air Cargo,Atlanta Air Hub,air,stormy,0.166,19.14
Last_Mile,Houston Port,Dallas Corridor,rail,Clear,0.256,36.04
Global_Freight,Shanghai Port,Mumbai Port,sea,Clear,0.3664,60.89
Global_Freight,New York Port,Rotterdam Port,sea,Clear,0.1249,34.35
Global_Freight,Rotterdam Port,Singapore Port,sea,stormy,0.1219,25.16
Last_Mile,Regional Hub,Local Terminal,road,rainy,0.1396,3.95
Global_Freight,Suez Canal,New York Port,sea,stormy,0.0636,36.27
Global_Freight,Shanghai Port,Suez Canal,sea,Clear,0.0019,31.68
Global_Freight,Atlanta Air Hub,Delhi Air Cargo,air,stormy,0.075,7.37
Last_Mile,Chicago Rail Hub,Houston Port,rail,stormy,0.4169,70.95
Global_Freight,Atlanta Air Hub,Delhi Air Cargo,air,Clear,0.6651,47.04
Global_Freight,Mumbai Port,Rotterdam Port,sea,Clear,0.3479,58.68
Last_Mile,Regional Hub,Local Terminal,road,Clear,0.287,1.27
Global_Freight,Delhi Air Cargo,Atlanta Air Hub,air,stormy,0.2375,5.17
Global_Freight,Shanghai Port,Rotterdam Port,sea,Clear,0.2673,50.24
Last_Mile,Chicago Rail Hub,Dallas Corridor,rail,stormy,0.164,26.36
Last_Mile,Regional Hub,Local Terminal,road,rainy,0.2697,5.77
Global_Freight,New York Port,Singapore Port,sea,Clear,0.2735,15.89
Last_Mile,Chicago Rail Hub,St. Louis Hub,rail,Clear,0.3995,28.22
Last_Mile,Regional Hub,Local Terminal,road,Clear,0.0,2.05
Global_Freight,Atlanta Air Hub,Delhi Air Cargo,air,rainy,0.356,19.27
Last_Mile,Dallas Corridor,Houston Port,rail,rainy,0.2523,7.02
Last_Mile,Houston Port,St. Louis Hub,rail,stormy,0.2752,27.09
Last_Mile,Chicago Rail Hub,Houston Port,rail,stormy,0.3116,36.98
Global_Freight,Delhi Air Cargo,Dubai Logistics Hub,air,stormy,0.0109,25.13
Last_Mile,St. Louis Hub,Chicago Rail Hub,rail,stormy,0.0,6.86
Last_Mile,Dallas Corridor,Chicago Rail Hub,rail,Clear,0.0344,13.73
Last_Mile,Regional Hub,Local Terminal,road,stormy,0.0,0.57
Last_Mile,Regional Hub,Local Terminal,road,stormy,0.0,1.35
Last_Mile,Dallas Corridor,Chicago Rail Hub,rail,stormy,0.1124,12.44
Global_Freight,Los Angeles Port,Suez Canal,sea,rainy,0.2569,80.29
Last_Mile,Regional Hub,Local Terminal,road,Clear,0.1818,1.6
Global_Freight,Shanghai Port,Mumbai Port,sea,stormy,0.0,18.26
Last_Mile,Regional Hub,Local Terminal,road,stormy,0.0,6.69
Last_Mile,Dallas Corridor,St. Louis Hub,rail,Clear,0.561,63.43
Last_Mile,Chicago Rail Hub,Houston Port,rail,Clear,0.4256,76.16
Global_Freight,Seattle Port,Los Angeles Port,sea,rainy,0.2832,58.18
Last_Mile,Regional Hub,Local Terminal,road,Clear,0.0719,1.3
Global_Freight,Suez Canal,Rotterdam Port,sea,stormy,0.1581,15.75
Last_Mile,Regional Hub,Local Terminal,road,stormy,0.2392,7.08
Last_Mile,St. Louis Hub,Dallas Corridor,rail,stormy,0.0236,5.64
Last_Mile,Regional Hub,Local Terminal,road,stormy,0.0347,1.3
Global_Freight,Dubai Logistics Hub,Atlanta Air Hub,air,Clear,0.4929,22.6
Global_Freight,Seattle Port,Suez Canal,sea,stormy,0.2407,18.86
Last_Mile,St. Louis Hub,Chicago Rail Hub,rail,rainy,0.3549,27.52
Global_Freight,Atlanta Air Hub,Delhi Air Cargo,air,Clear,0.367,22.55
Global_Freight,New York Port,Seattle Port,sea,stormy,0.0,6.28
Last_Mile,Regional Hub,Local Terminal,road,Clear,0.1041,1.42
Last_Mile,Regional Hub,Local Terminal,road,rainy,0.2045,1.26
Last_Mile,Regional Hub,Local Terminal,road,rainy,0.0475,1.41
Global_Freight,Dubai Logistics Hub,Delhi Air Cargo,air,stormy,0.0825,8.67
Global_Freight,Delhi Air Cargo,Dubai Logistics Hub,air,Clear,0.0823,17.6
Last_Mile,Regional Hub,Local Terminal,road,stormy,0.0818,5.68
Global_Freight,Los Angeles Port,Suez Canal,sea,rainy,0.0174,5.44
Global_Freight,Shanghai Port,Mumbai Port,sea,Clear,0.2052,12.45
Last_Mile,Houston Port,Chicago Rail Hub,rail,rainy,0.0373,8.45
Last_Mile,St. Louis Hub,Houston Port,rail,stormy,0.3437,24.6
Last_Mile,Regional Hub,Local Terminal,road,Clear,0.0,0.1
Global_Freight,Singapore Port,Seattle Port,sea,rainy,0.0428,10.1
Global_Freight,Atlanta Air Hub,Dubai Logistics Hub,air,Clear,0.3436,33.7
Global_Freight,Rotterdam Port,Seattle Port,sea,Clear,0.0896,17.95
Global_Freight,Dubai Logistics Hub,Atlanta Air Hub,air,stormy,0.1438,9.25
Last_Mile,Chicago Rail Hub,St. Louis Hub,rail,rainy,0.036,7.11
Global_Freight,Seattle Port,Shanghai Port,sea,Clear,0.0,24.62
Last_Mile,Chicago Rail Hub,Dallas Corridor,rail,stormy,0.5,59.09
Global_Freight,Rotterdam Port,Singapore Port,sea,stormy,0.2128,42.6
Global_Freight,Los Angeles Port,Seattle Port,sea,stormy,0.1342,57.32
Global_Freight,Los Angeles Port,Shanghai Port,sea,Clear,0.0,32.37
Last_Mile,St. Louis Hub,Chicago Rail Hub,rail,stormy,0.1798,29.15
Global_Freight,Rotterdam Port,Seattle Port,sea,stormy,0.2038,15.38
Last_Mile,Dallas Corridor,St. Louis Hub,rail,Clear,0.1186,10.44
Global_Freight,Atlanta Air Hub,Dubai Logistics Hub,air,rainy,0.366,18.55
Last_Mile,Regional Hub,Local Terminal,road,rainy,0.046,3.07
Last_Mile,Regional Hub,Local Terminal,road,rainy,0.18,9.41
Global_Freight,Dubai Logistics Hub,Atlanta Air Hub,air,Clear,0.0,7.27
Last_Mile,Chicago Rail Hub,St. Louis Hub,rail,stormy,0.2609,37.57
Global_Freight,Los Angeles Port,Rotterdam Port,sea,stormy,0.3967,85.16
Last_Mile,Houston Port,St. Louis Hub,rail,Clear,0.1722,12.44
Global_Freight,Dubai Logistics Hub,Atlanta Air Hub,air,Clear,0.2018,7.13
Global_Freight,Atlanta Air Hub,Dubai Logistics Hub,air,Clear,0.0,4.6
Global_Freight,Delhi Air Cargo,Dubai Logistics Hub,air,Clear,0.1046,12.21
Global_Freight,Atlanta Air Hub,Delhi Air Cargo,air,stormy,0.0,3.64
Global_Freight,Suez Canal,Rotterdam Port,sea,Clear,0.0469,5.34
Global_Freight,Singapore Port,New York Port,sea,rainy,0.463,60.6
Global_Freight,Delhi Air Cargo,Atlanta Air Hub,air,rainy,0.0501,14.84
Last_Mile,Regional Hub,Local Terminal,road,Clear,0.0,1.52
Last_Mile,St. Louis Hub,Chicago Rail Hub,rail,Clear,0.1967,3.81
Global_Freight,Delhi Air Cargo,Atlanta Air Hub,air,rainy,0.2556,23.56
Global_Freight,Rotterdam Port,Los Angeles Port,sea,stormy,0.1441,12.89
Last_Mile,St. Louis Hub,Houston Port,rail,stormy,0.418,41.56
Global_Freight,Rotterdam Port,Mumbai Port,sea,Clear,0.1363,21.73
Global_Freight,Delhi Air Cargo,Dubai Logistics Hub,air,rainy,0.0,6.34
Last_Mile,St. Louis Hub,Chicago Rail Hub,rail,rainy,0.1466,6.49
Last_Mile,Regional Hub,Local Terminal,road,stormy,0.0,0.65
Global_Freight,Mumbai Port,New York Port,sea,rainy,0.0614,35.26
Last_Mile,Regional Hub,Local Terminal,road,Clear,0.3496,9.1
Global_Freight,Delhi Air Cargo,Atlanta Air Hub,air,rainy,0.0534,6.94
Global_Freight,Los Angeles Port,Singapore Port,sea,rainy,0.0,60.65
Global_Freight,Dubai Logistics Hub,Atlanta Air Hub,air,rainy,0.0894,4.51
Global_Freight,Suez Canal,New York Port,sea,Clear,0.0778,0.96
Last_Mile,Regional Hub,Local Terminal,road,Clear,0.1463,3.37
Last_Mile,Regional Hub,Local Terminal,road,stormy,0.385,5.01
Last_Mile,Regional Hub,Local Terminal,road,stormy,0.0467,1.86
Last_Mile,Regional Hub,Local Terminal,road,Clear,0.2448,3.16
Global_Freight,Los Angeles Port,Seattle Port,sea,rainy,0.0,11.77
Global_Freight,Suez Canal,Shanghai Port,sea,stormy,0.1043,17.13
Global_Freight,Delhi Air Cargo,Atlanta Air Hub,air,rainy,0.191,17.74
Last_Mile,Regional Hub,Local Terminal,road,rainy,0.0537,1.15
Global_Freight,Singapore Port,Rotterdam Port,sea,Clear,0.1615,21.79
Last_Mile,Dallas Corridor,Houston Port,rail,Clear,0.1441,21.8
Last_Mile,Regional Hub,Local Terminal,road,rainy,0.186,3.56
Last_Mile,Dallas Corridor,Chicago Rail Hub,rail,Clear,0.2199,23.7
Global_Freight,Seattle Port,Suez Canal,sea,rainy,0.017,21.66
Global_Freight,Delhi Air Cargo,Dubai Logistics Hub,air,rainy,0.4318,46.48
Global_Freight,New York Port,Rotterdam Port,sea,rainy,0.0253,21.4
Global_Freight,Atlanta Air Hub,Delhi Air Cargo,air,stormy,0.0861,7.88
Global_Freight,Mumbai Port,Suez Canal,sea,rainy,0.1658,52.89
Global_Freight,Dubai Logistics Hub,Atlanta Air Hub,air,rainy,0.0167,4.69
Global_Freight,Suez Canal,Shanghai Port,sea,Clear,0.0788,23.19
Last_Mile,Chicago Rail Hub,Dallas Corridor,rail,stormy,0.3196,30.39
Last_Mile,Chicago Rail Hub,St. Louis Hub,rail,Clear,0.3668,47.81
Global_Freight,Singapore Port,Suez Canal,sea,rainy,0.1556,11.8
Last_Mile,Regional Hub,Local Terminal,road,rainy,0.104,2.37
Last_Mile,Houston Port,Chicago Rail Hub,rail,Clear,0.2014,23.97
Global_Freight,Dubai Logistics Hub,Delhi Air Cargo,air,rainy,0.1416,4.63
Last_Mile,Houston Port,St. Louis Hub,rail,Clear,0.2822,13.42
Global_Freight,Dubai Logistics Hub,Delhi Air Cargo,air,Clear,0.2993,7.78
Last_Mile,Regional Hub,Local Terminal,road,rainy,0.3007,6.17
Last_Mile,Chicago Rail Hub,St. Louis Hub,rail,rainy,0.1597,22.16
Last_Mile,St. Louis Hub,Houston Port,rail,rainy,0.1618,11.08
Last_Mile,Houston Port,Chicago Rail Hub,rail,rainy,0.0801,18.01
Last_Mile,Regional Hub,Local Terminal,road,stormy,0.0501,1.21
Global_Freight,Delhi Air Cargo,Dubai Logistics Hub,air,Clear,0.0073,9.34
Global_Freight,Los Angeles Port,Suez Canal,sea,Clear,0.2232,88.19
Global_Freight,Delhi Air Cargo,Dubai Logistics Hub,air,Clear,0.4068,27.28
Last_Mile,Regional Hub,Local Terminal,road,stormy,0.0,1.88
Last_Mile,Houston Port,Dallas Corridor,rail,stormy,0.0327,21.39
Last_Mile,Regional Hub,Local Terminal,road,rainy,0.2388,1.74
Global_Freight,Mumbai Port,Seattle Port,sea,rainy,0.0761,31.25
Global_Freight,Los Angeles Port,Shanghai Port,sea,rainy,0.0562,25.58
Global_Freight,Dubai Logistics Hub,Delhi Air Cargo,air,rainy,0.066,6.41
Last_Mile,Regional Hub,Local Terminal,road,stormy,0.3634,4.65
Last_Mile,Dallas Corridor,Houston Port,rail,rainy,0.1857,13.58
Last_Mile,Chicago Rail Hub,Houston Port,rail,Clear,0.6019,59.86
Global_Freight,Delhi Air Cargo,Dubai Logistics Hub,air,stormy,0.2918,33.18
Last_Mile,St. Louis Hub,Chicago Rail Hub,rail,Clear,0.2378,31.08
Last_Mile,Dallas Corridor,Houston Port,rail,rainy,0.1748,20.3
Global_Freight,Atlanta Air Hub,Delhi Air Cargo,air,rainy,0.205,6.75
Last_Mile,Dallas Corridor,Chicago Rail Hub,rail,stormy,0.3439,17.13
Global_Freight,Atlanta Air Hub,Dubai Logistics Hub,air,Clear,0.0722,13.95
Global_Freight,Dubai Logistics Hub,Delhi Air Cargo,air,Clear,0.6006,27.71
Global_Freight,Dubai Logistics Hub,Delhi Air Cargo,air,stormy,0.0698,2.76
Global_Freight,Mumbai Port,Los Angeles Port,sea,stormy,0.3438,9.1
Global_Freight,Shanghai Port,Mumbai Port,sea,rainy,0.3168,23.63
Global_Freight,Dubai Logistics Hub,Atlanta Air Hub,air,stormy,0.2536,2.57
Last_Mile,Chicago Rail Hub,Houston Port,rail,stormy,0.0791,14.53
Global_Freight,Dubai Logistics Hub,Delhi Air Cargo,air,rainy,0.0315,2.39
Global_Freight,Rotterdam Port,Los Angeles Port,sea,stormy,0.0,8.41
Last_Mile,St. Louis Hub,Houston Port,rail,Clear,0.5955,53.2
Global_Freight,Singapore Port,Seattle Port,sea,rainy,0.1435,23.61
Last_Mile,Dallas Corridor,Chicago Rail Hub,rail,stormy,0.3788,44.25
Global_Freight,Dubai Logistics Hub,Delhi Air Cargo,air,Clear,0.0135,4.93
Global_Freight,Mumbai Port,Shanghai Port,sea,stormy,0.2556,36.9
Last_Mile,Regional Hub,Local Terminal,road,stormy,0.0363,2.82
Global_Freight,New York Port,Singapore Port,sea,stormy,0.1655,59.18
Global_Freight,Delhi Air Cargo,Atlanta Air Hub,air,Clear,0.121,10.72
Global_Freight,Suez Canal,Mumbai Port,sea,stormy,0.0756,16.39
Global_Freight,Singapore Port,Rotterdam Port,sea,Clear,0.0,9.87
Global_Freight,Los Angeles Port,Suez Canal,sea,stormy,0.023,20.8
Last_Mile,Regional Hub,Local Terminal,road,Clear,0.0152,5.15
Global_Freight,Seattle Port,Rotterdam Port,sea,Clear,0.0321,22.3
Last_Mile,Chicago Rail Hub,St. Louis Hub,rail,stormy,0.2132,14.48
Last_Mile,St. Louis Hub,Chicago Rail Hub,rail,Clear,0.2673,41.68
Global_Freight,Delhi Air Cargo,Atlanta Air Hub,air,stormy,0.3515,44.0
Global_Freight,New York Port,Shanghai Port,sea,Clear,0.2748,44.32
Last_Mile,Chicago Rail Hub,Houston Port,rail,Clear,0.0,8.25
Last_Mile,Dallas Corridor,Chicago Rail Hub,rail,rainy,0.2314,4.06
Last_Mile,Regional Hub,Local Terminal,road,Clear,0.0524,3.8
Last_Mile,St. Louis Hub,Chicago Rail Hub,rail,Clear,0.3998,20.49
Global_Freight,Atlanta Air Hub,Delhi Air Cargo,air,stormy,0.1426,11.35
Global_Freight,Dubai Logistics Hub,Delhi Air Cargo,air,Clear,0.4261,10.02
Last_Mile,Regional Hub,Local Terminal,road,rainy,0.1181,1.35
Last_Mile,St. Louis Hub,Dallas Corridor,rail,Clear,0.2114,36.12
Global_Freight,Dubai Logistics Hub,Atlanta Air Hub,air,Clear,0.0,1.54
Last_Mile,St. Louis Hub,Dallas Corridor,rail,rainy,0.472,45.78
Last_Mile,Dallas Corridor,Chicago Rail Hub,rail,stormy,0.7,31.97
Global_Freight,Los Angeles Port,Shanghai Port,sea,Clear,0.2173,65.47
Last_Mile,Dallas Corridor,Chicago Rail Hub,rail,stormy,0.1197,17.68
Last_Mile,Dallas Corridor,St. Louis Hub,rail,Clear,0.211,17.11
Global_Freight,Delhi Air Cargo,Atlanta Air Hub,air,rainy,0.1458,19.17
Last_Mile,Regional Hub,Local Terminal,road,Clear,0.1705,3.45
Last_Mile,Houston Port,St. Louis Hub,rail,Clear,0.1677,14.9
Last_Mile,St. Louis Hub,Houston Port,rail,stormy,0.3016,32.59
Last_Mile,Regional Hub,Local Terminal,road,Clear,0.0,2.19
Global_Freight,Seattle Port,Singapore Port,sea,stormy,0.0119,9.86
Last_Mile,St. Louis Hub,Houston Port,rail,stormy,0.7265,55.34
Global_Freight,Atlanta Air Hub,Dubai Logistics Hub,air,Clear,0.2907,12.97
Global_Freight,Atlanta Air Hub,Delhi Air Cargo,air,stormy,0.0664,4.69
Global_Freight,Mumbai Port,Seattle Port,sea,stormy,0.2566,59.45
Global_Freight,Seattle Port,Mumbai Port,sea,stormy,0.0733,42.32
Global_Freight,Atlanta Air Hub,Dubai Logistics Hub,air,stormy,0.0162,10.13
Last_Mile,Regional Hub,Local Terminal,road,stormy,0.0,1.47
Global_Freight,New York Port,Suez Canal,sea,Clear,0.2517,43.65
Global_Freight,Mumbai Port,New York Port,sea,Clear,0.285,56.17
Global_Freight,Delhi Air Cargo,Dubai Logistics Hub,air,stormy,0.5242,43.12
Last_Mile,Houston Port,Dallas Corridor,rail,stormy,0.2047,18.33
Last_Mile,Regional Hub,Local Terminal,road,Clear,0.0,0.41
Last_Mile,Chicago Rail Hub,St. Louis Hub,rail,Clear,0.1016,7.35
Global_Freight,Delhi Air Cargo,Atlanta Air Hub,air,stormy,0.1696,11.2
Last_Mile,Chicago Rail Hub,St. Louis Hub,rail,stormy,0.1466,31.5
Last_Mile,Dallas Corridor,Chicago Rail Hub,rail,stormy,0.2256,35.79
Last_Mile,Houston Port,St. Louis Hub,rail,Clear,0.2228,23.75
Global_Freight,Singapore Port,Los Angeles Port,sea,Clear,0.1541,43.87
Global_Freight,Dubai Logistics Hub,Atlanta Air Hub,air,stormy,0.1549,2.92
Last_Mile,St. Louis Hub,Houston Port,rail,rainy,0.0781,22.76
Last_Mile,Regional Hub,Local Terminal,road,stormy,0.0,0.49
Last_Mile,St. Louis Hub,Dallas Corridor,rail,stormy,0.0591,3.05
Last_Mile,Houston Port,Dallas Corridor,rail,Clear,0.2648,31.11
Last_Mile,Regional Hub,Local Terminal,road,Clear,0.1875,9.38
Global_Freight,Los Angeles Port,Singapore Port,sea,stormy,0.0,9.57
Last_Mile,St. Louis Hub,Dallas Corridor,rail,Clear,0.0,5.94
Last_Mile,Regional Hub,Local Terminal,road,stormy,0.2354,7.9
Global_Freight,Rotterdam Port,Los Angeles Port,sea,Clear,0.1032,11.73
Last_Mile,Chicago Rail Hub,Dallas Corridor,rail,Clear,0.0,7.97
Global_Freight,Mumbai Port,Shanghai Port,sea,rainy,0.0,36.62
Last_Mile,Houston Port,Dallas Corridor,rail,Clear,0.2205,41.74
Last_Mile,Houston Port,Chicago Rail Hub,rail,rainy,0.1872,26.8
Last_Mile,Regional Hub,Local Terminal,road,stormy,0.0746,2.27
Last_Mile,Chicago Rail Hub,Houston Port,rail,stormy,0.123,22.67
Last_Mile,Regional Hub,Local Terminal,road,rainy,0.0,0.68
Global_Freight,Atlanta Air Hub,Delhi Air Cargo,air,stormy,0.1967,7.76
Global_Freight,Shanghai Port,Suez Canal,sea,Clear,0.2843,61.34
Global_Freight,Singapore Port,Seattle Port,sea,rainy,0.0,4.54
Global_Freight,Singapore Port,Shanghai Port,sea,Clear,0.2007,24.02
Global_Freight,Mumbai Port,Shanghai Port,sea,stormy,0.0817,40.13
Last_Mile,Chicago Rail Hub,Houston Port,rail,rainy,0.2857,50.19
Global_Freight,New York Port,Suez Canal,sea,rainy,0.0764,24.19
Global_Freight,Atlanta Air Hub,Dubai Logistics Hub,air,Clear,0.5045,34.76
Global_Freight,Seattle Port,Mumbai Port,sea,Clear,0.0826,17.59
Last_Mile,Regional Hub,Local Terminal,road,Clear,0.2529,1.75
Global_Freight,Dubai Logistics Hub,Atlanta Air Hub,air,rainy,0.1476,7.94
Last_Mile,Chicago Rail Hub,Dallas Corridor,rail,stormy,0.1097,8.39
Global_Freight,Shanghai Port,New York Port,sea,Clear,0.352,53.53
Global_Freight,Los Angeles Port,Singapore Port,sea,Clear,0.2904,96.28
Last_Mile,Regional Hub,Local Terminal,road,stormy,0.0361,4.75
Global_Freight,Dubai Logistics Hub,Atlanta Air Hub,air,stormy,0.1257,3.81
Last_Mile,Chicago Rail Hub,St. Louis Hub,rail,stormy,0.0167,19.34
Global_Freight,Delhi Air Cargo,Dubai Logistics Hub,air,stormy,0.0,4.24
Global_Freight,Delhi Air Cargo,Dubai Logistics Hub,air,stormy,0.6435,48.38
Last_Mile,Regional Hub,Local Terminal,road,Clear,0.1547,3.76
Global_Freight,Singapore Port,Suez Canal,sea,Clear,0.031,4.58
Global_Freight,Dubai Logistics Hub,Atlanta Air Hub,air,rainy,0.1323,4.4
Global_Freight,Shanghai Port,Rotterdam Port,sea,Clear,0.1005,6.08
Last_Mile,Houston Port,St. Louis Hub,rail,Clear,0.9485,120.66
Global_Freight,New York Port,Seattle Port,sea,stormy,0.2307,22.22
Global_Freight,Shanghai Port,New York Port,sea,rainy,0.0,11.97
Global_Freight,Dubai Logistics Hub,Delhi Air Cargo,air,rainy,0.0,2.95
Last_Mile,Houston Port,Chicago Rail Hub,rail,stormy,0.1137,22.33
Last_Mile,Regional Hub,Local Terminal,road,Clear,0.0,0.74
Global_Freight,Atlanta Air Hub,Dubai Logistics Hub,air,Clear,0.1747,10.07
Global_Freight,Los Angeles Port,Rotterdam Port,sea,rainy,0.1245,68.25
Last_Mile,Houston Port,Dallas Corridor,rail,rainy,0.1205,30.17
Last_Mile,Regional Hub,Local Terminal,road,stormy,0.0633,1.79
Last_Mile,St. Louis Hub,Houston Port,rail,Clear,0.2331,5.09
Global_Freight,Delhi Air Cargo,Atlanta Air Hub,air,stormy,0.1507,3.89
Last_Mile,Regional Hub,Local Terminal,road,Clear,0.1499,1.36
Global_Freight,Seattle Port,Rotterdam Port,sea,Clear,0.1188,19.96
Global_Freight,Suez Canal,Singapore Port,sea,stormy,0.0154,13.37
Global_Freight,Delhi Air Cargo,Dubai Logistics Hub,air,Clear,0.2452,21.96
Last_Mile,Regional Hub,Local Terminal,road,stormy,0.0521,0.02
Global_Freight,Singapore Port,Rotterdam Port,sea,stormy,0.3628,75.74
Last_Mile,St. Louis Hub,Chicago Rail Hub,rail,Clear,0.3105,23.86
Last_Mile,Houston Port,Dallas Corridor,rail,stormy,0.073,16.04
Last_Mile,Regional Hub,Local Terminal,road,stormy,0.0232,5.2
Last_Mile,Chicago Rail Hub,St. Louis Hub,rail,stormy,0.3633,32.15
Global_Freight,Delhi Air Cargo,Dubai Logistics Hub,air,rainy,0.0,14.11
Global_Freight,Mumbai Port,Singapore Port,sea,Clear,0.2257,50.5
Global_Freight,Atlanta Air Hub,Dubai Logistics Hub,air,rainy,0.41,24.02
Global_Freight,Delhi Air Cargo,Dubai Logistics Hub,air,rainy,0.2304,22.21
Last_Mile,Chicago Rail Hub,St. Louis Hub,rail,stormy,0.6082,88.48
Last_Mile,Regional Hub,Local Terminal,road,Clear,0.0893,2.35
Global_Freight,Mumbai Port,Los Angeles Port,sea,rainy,0.1838,61.69
Last_Mile,Chicago Rail Hub,Dallas Corridor,rail,stormy,0.0967,11.21
Global_Freight,Singapore Port,Rotterdam Port,sea,Clear,0.3013,57.23
Global_Freight,Atlanta Air Hub,Delhi Air Cargo,air,stormy,0.2791,7.7
Last_Mile,Dallas Corridor,Houston Port,rail,Clear,0.1071,8.92
Last_Mile,Chicago Rail Hub,Houston Port,rail,Clear,0.0,16.39
Global_Freight,Atlanta Air Hub,Dubai Logistics Hub,air,rainy,0.1808,9.91
Last_Mile,Regional Hub,Local Terminal,road,stormy,0.0,4.94
Last_Mile,Regional Hub,Local Terminal,road,Clear,0.0962,1.94
Global_Freight,Rotterdam Port,Seattle Port,sea,stormy,0.0,9.92
Global_Freight,Mumbai Port,New York Port,sea,stormy,0.1441,28.09
Global_Freight,Delhi Air Cargo,Atlanta Air Hub,air,rainy,0.0055,5.27
Global_Freight,Atlanta Air Hub,Delhi Air Cargo,air,stormy,0.0566,8.05
Global_Freight,Delhi Air Cargo,Atlanta Air Hub,air,stormy,0.4801,52.64
Global_Freight,Delhi Air Cargo,Atlanta Air Hub,air,stormy,0.0679,24.92
Global_Freight,Atlanta Air Hub,Dubai Logistics Hub,air,stormy,0.0789,8.71
Global_Freight,Atlanta Air Hub,Delhi Air Cargo,air,rainy,0.0,5.95
Global_Freight,Atlanta Air Hub,Dubai Logistics Hub,air,rainy,0.1969,9.18
Last_Mile,Chicago Rail Hub,St. Louis Hub,rail,stormy,0.2621,21.99
Last_Mile,Regional Hub,Local Terminal,road,rainy,0.1738,3.68
Last_Mile,Dallas Corridor,Houston Port,rail,Clear,0.3383,45.51
Last_Mile,St. Louis Hub,Chicago Rail Hub,rail,Clear,0.1084,6.97
Global_Freight,Dubai Logistics Hub,Delhi Air Cargo,air,Clear,0.1489,5.92
Last_Mile,Dallas Corridor,Houston Port,rail,stormy,0.8019,73.06
Last_Mile,Houston Port,Chicago Rail Hub,rail,rainy,0.4671,68.52
Global_Freight,Los Angeles Port,Seattle Port,sea,stormy,0.0,17.15
Last_Mile,Regional Hub,Local Terminal,road,rainy,0.0,5.31
Last_Mile,Dallas Corridor,Houston Port,rail,Clear,0.2831,26.01
Last_Mile,Houston Port,Dallas Corridor,rail,Clear,0.4013,59.78
Global_Freight,Seattle Port,Suez Canal,sea,rainy,0.1127,36.28
Global_Freight,Rotterdam Port,New York Port,sea,Clear,0.3992,50.81
Last_Mile,Regional Hub,Local Terminal,road,stormy,0.0613,1.39
Last_Mile,Regional Hub,Local Terminal,road,Clear,0.2375,3.38
Global_Freight,Atlanta Air Hub,Dubai Logistics Hub,air,Clear,0.0052,3.91
Global_Freight,Delhi Air Cargo,Atlanta Air Hub,air,stormy,0.5153,27.44
Last_Mile,St. Louis Hub,Dallas Corridor,rail,Clear,0.3209,24.17
Global_Freight,Mumbai Port,Singapore Port,sea,stormy,0.0235,32.48
Last_Mile,Regional Hub,Local Terminal,road,rainy,0.165,6.97
Last_Mile,Regional Hub,Local Terminal,road,stormy,0.0,1.2
Last_Mile,St. Louis Hub,Houston Port,rail,stormy,0.0964,8.75
Last_Mile,Regional Hub,Local Terminal,road,stormy,0.0,0.89
Last_Mile,Houston Port,St. Louis Hub,rail,stormy,0.1705,14.25
Last_Mile,Dallas Corridor,Chicago Rail Hub,rail,Clear,0.6728,63.02
Last_Mile,Regional Hub,Local Terminal,road,stormy,0.3244,4.63
Global_Freight,Rotterdam Port,Seattle Port,sea,Clear,0.0,12.11
Global_Freight,Mumbai Port,Suez Canal,sea,rainy,0.1843,76.4
Global_Freight,Dubai Logistics Hub,Atlanta Air Hub,air,rainy,0.0612,4.94
Last_Mile,St. Louis Hub,Houston Port,rail,stormy,0.0785,14.66
Global_Freight,New York Port,Singapore Port,sea,rainy,0.208,20.47
Global_Freight,Delhi Air Cargo,Atlanta Air Hub,air,rainy,0.3117,28.2
Global_Freight,Singapore Port,Seattle Port,sea,rainy,0.0904,4.67
Global_Freight,Delhi Air Cargo,Dubai Logistics Hub,air,stormy,0.198,22.86
Global_Freight,Delhi Air Cargo,Dubai Logistics Hub,air,rainy,0.2277,16.79
Last_Mile,Regional Hub,Local Terminal,road,Clear,0.1631,3.08
Global_Freight,Seattle Port,Mumbai Port,sea,rainy,0.0644,19.54
Last_Mile,Regional Hub,Local Terminal,road,rainy,0.0719,1.63
Last_Mile,Regional Hub,Local Terminal,road,Clear,0.0,0.12
Last_Mile,Houston Port,Chicago Rail Hub,rail,stormy,0.3916,37.44
Global_Freight,Mumbai Port,Los Angeles Port,sea,rainy,0.3383,117.55
Last_Mile,Regional Hub,Local Terminal,road,stormy,0.2571,5.97
Last_Mile,Regional Hub,Local Terminal,road,Clear,0.1707,1.51
Global_Freight,Singapore Port,Suez Canal,sea,stormy,0.636,76.72
Global_Freight,Dubai Logistics Hub,Atlanta Air Hub,air,rainy,0.0864,4.65
Last_Mile,Chicago Rail Hub,Dallas Corridor,rail,rainy,0.1485,8.84
Last_Mile,St. Louis Hub,Houston Port,rail,rainy,0.2743,18.38
Global_Freight,Dubai Logistics Hub,Atlanta Air Hub,air,rainy,0.3988,7.64
Last_Mile,Regional Hub,Local Terminal,road,Clear,0.1991,7.87
Global_Freight,Delhi Air Cargo,Atlanta Air Hub,air,Clear,0.0,12.6
Last_Mile,Regional Hub,Local Terminal,road,rainy,0.0257,3.26
Last_Mile,Dallas Corridor,Houston Port,rail,rainy,0.3587,29.93
Last_Mile,Houston Port,Chicago Rail Hub,rail,Clear,0.1019,8.98
Global_Freight,Delhi Air Cargo,Atlanta Air Hub,air,stormy,0.2357,13.17
Global_Freight,Mumbai Port,Los Angeles Port,sea,Clear,0.0345,40.87
Last_Mile,Regional Hub,Local Terminal,road,stormy,0.1364,2.63
Global_Freight,Mumbai Port,Suez Canal,sea,rainy,0.2425,67.98
Global_Freight,Dubai Logistics Hub,Delhi Air Cargo,air,stormy,0.297,16.01
Global_Freight,Delhi Air Cargo,Dubai Logistics Hub,air,stormy,0.1172,15.46
Global_Freight,Shanghai Port,New York Port,sea,rainy,0.0,54.24
Global_Freight,Seattle Port,Los Angeles Port,sea,rainy,0.0062,10.88
Global_Freight,Delhi Air Cargo,Atlanta Air Hub,air,rainy,0.3313,26.78
Global_Freight,Atlanta Air Hub,Dubai Logistics Hub,air,stormy,0.1335,11.09
Global_Freight,Rotterdam Port,Los Angeles Port,sea,Clear,0.1442,54.33
Global_Freight,Shanghai Port,New York Port,sea,stormy,0.0779,29.26
Global_Freight,Los Angeles Port,Seattle Port,sea,rainy,0.1967,45.77
Last_Mile,Houston Port,Chicago Rail Hub,rail,Clear,0.1544,16.38
Global_Freight,Shanghai Port,Seattle Port,sea,Clear,0.0687,4.15
Global_Freight,Shanghai Port,Los Angeles Port,sea,Clear,0.2423,48.74
Global_Freight,New York Port,Singapore Port,sea,rainy,0.4174,57.14
Last_Mile,St. Louis Hub,Dallas Corridor,rail,rainy,0.3353,25.05
Last_Mile,Dallas Corridor,St. Louis Hub,rail,stormy,0.5618,50.73
Last_Mile,Regional Hub,Local Terminal,road,stormy,0.2182,7.39
Last_Mile,Dallas Corridor,St. Louis Hub,rail,stormy,0.1525,24.87
Last_Mile,Regional Hub,Local Terminal,road,rainy,0.2362,5.54
Last_Mile,Regional Hub,Local Terminal,road,rainy,0.0,1.31
Last_Mile,Dallas Corridor,St. Louis Hub,rail,stormy,0.1215,17.23
Global_Freight,Dubai Logistics Hub,Delhi Air Cargo,air,stormy,0.1949,8.94
Last_Mile,Dallas Corridor,St. Louis Hub,rail,Clear,0.3106,33.25
Global_Freight,Delhi Air Cargo,Atlanta Air Hub,air,rainy,0.3239,11.62
Global_Freight,Suez Canal,Rotterdam Port,sea,stormy,0.1264,5.37
Last_Mile,Regional Hub,Local Terminal,road,stormy,0.2871,6.87
Last_Mile,St. Louis Hub,Chicago Rail Hub,rail,rainy,0.2318,7.78
Global_Freight,New York Port,Shanghai Port,sea,stormy,0.0,53.82
Global_Freight,Dubai Logistics Hub,Atlanta Air Hub,air,stormy,0.2459,13.73
Global_Freight,Delhi Air Cargo,Dubai Logistics Hub,air,stormy,0.037,10.01
Global_Freight,Delhi Air Cargo,Atlanta Air Hub,air,rainy,0.0593,9.54
Global_Freight,Rotterdam Port,New York Port,sea,stormy,0.1327,3.42
Global_Freight,Los Angeles Port,Singapore Port,sea,stormy,0.0,18.45
Global_Freight,Mumbai Port,Seattle Port,sea,rainy,0.2159,102.85
Global_Freight,Atlanta Air Hub,Dubai Logistics Hub,air,Clear,0.1636,6.77
Global_Freight,Delhi Air Cargo,Atlanta Air Hub,air,rainy,0.1177,8.02
Global_Freight,Singapore Port,New York Port,sea,Clear,0.3257,49.69
Last_Mile,Regional Hub,Local Terminal,road,stormy,0.0608,4.78
Last_Mile,Regional Hub,Local Terminal,road,Clear,0.255,5.05
Last_Mile,Chicago Rail Hub,Dallas Corridor,rail,rainy,0.3691,23.14
Last_Mile,Dallas Corridor,Chicago Rail Hub,rail,rainy,0.5069,45.59
Last_Mile,Regional Hub,Local Terminal,road,stormy,0.086,1.85
Last_Mile,St. Louis Hub,Chicago Rail Hub,rail,Clear,0.1715,4.82
Global_Freight,Los Angeles Port,Rotterdam Port,sea,stormy,0.0,8.89
Last_Mile,Chicago Rail Hub,Houston Port,rail,rainy,0.2395,35.99
Global_Freight,Delhi Air Cargo,Atlanta Air Hub,air,Clear,0.1376,16.19
Global_Freight,Delhi Air Cargo,Dubai Logistics Hub,air,stormy,0.4244,40.67
Last_Mile,St. Louis Hub,Chicago Rail Hub,rail,Clear,0.5124,40.08
Last_Mile,Dallas Corridor,St. Louis Hub,rail,rainy,0.1783,18.54
Global_Freight,Atlanta Air Hub,Dubai Logistics Hub,air,rainy,0.3076,26.4
Last_Mile,Dallas Corridor,Houston Port,rail,Clear,0.2727,24.26
Global_Freight,Suez Canal,Singapore Port,sea,rainy,0.1353,18.7
Global_Freight,Rotterdam Port,Seattle Port,sea,Clear,0.2635,59.32
Last_Mile,St. Louis Hub,Chicago Rail Hub,rail,rainy,0.3243,25.29
Global_Freight,Atlanta Air Hub,Delhi Air Cargo,air,rainy,0.0,3.24
Last_Mile,Dallas Corridor,Houston Port,rail,stormy,0.2113,39.31
Last_Mile,Regional Hub,Local Terminal,road,Clear,0.0,2.24
Last_Mile,Regional Hub,Local Terminal,road,stormy,0.2176,7.37
Global_Freight,Delhi Air Cargo,Dubai Logistics Hub,air,rainy,0.1152,16.31
Global_Freight,New York Port,Suez Canal,sea,Clear,0.0964,18.9
Global_Freight,Seattle Port,New York Port,sea,stormy,0.0327,8.93
Last_Mile,Chicago Rail Hub,St. Louis Hub,rail,rainy,0.1283,36.87
Global_Freight,New York Port,Seattle Port,sea,rainy,0.0134,26.95
Last_Mile,Regional Hub,Local Terminal,road,stormy,0.0919,3.53
Last_Mile,Dallas Corridor,Houston Port,rail,Clear,0.3505,28.48
Last_Mile,Regional Hub,Local Terminal,road,Clear,0.0536,3.5
Last_Mile,Regional Hub,Local Terminal,road,rainy,0.1683,6.43
Global_Freight,Suez Canal,Mumbai Port,sea,Clear,0.0,2.23
Last_Mile,Regional Hub,Local Terminal,road,rainy,0.3949,8.4
Last_Mile,Regional Hub,Local Terminal,road,rainy,0.0321,1.75
Global_Freight,Los Angeles Port,Singapore Port,sea,rainy,0.0,27.99
Last_Mile,Houston Port,Dallas Corridor,rail,rainy,0.0916,3.92
Last_Mile,Regional Hub,Local Terminal,road,stormy,0.318,7.41
Global_Freight,Atlanta Air Hub,Delhi Air Cargo,air,rainy,0.1739,23.07
Last_Mile,Regional Hub,Local Terminal,road,rainy,0.0766,3.86
Global_Freight,Mumbai Port,Rotterdam Port,sea,Clear,0.185,39.56
Last_Mile,Regional Hub,Local Terminal,road,Clear,0.1114,7.97
Last_Mile,Houston Port,St. Louis Hub,rail,rainy,0.1125,19.1
Last_Mile,Regional Hub,Local Terminal,road,Clear,0.1324,5.58
Last_Mile,Regional Hub,Local Terminal,road,Clear,0.2181,3.24
Last_Mile,St. Louis Hub,Houston Port,rail,stormy,0.7085,66.9
Global_Freight,Atlanta Air Hub,Dubai Logistics Hub,air,stormy,0.2939,24.07
Global_Freight,Seattle Port,Suez Canal,sea,stormy,0.1149,17.7
Global_Freight,Singapore Port,New York Port,sea,Clear,0.2541,19.25
Global_Freight,Suez Canal,Singapore Port,sea,stormy,0.3004,17.28
Last_Mile,Dallas Corridor,Chicago Rail Hub,rail,Clear,0.4493,40.31
Global_Freight,Atlanta Air Hub,Dubai Logistics Hub,air,rainy,0.0,3.7
Global_Freight,Atlanta Air Hub,Dubai Logistics Hub,air,Clear,0.1247,3.87
Last_Mile,Regional Hub,Local Terminal,road,stormy,0.0199,0.85
Last_Mile,Regional Hub,Local Terminal,road,stormy,0.0,3.32
Last_Mile,Regional Hub,Local Terminal,road,Clear,0.0312,1.37
Global_Freight,Atlanta Air Hub,Delhi Air Cargo,air,Clear,0.1075,6.36
Last_Mile,St. Louis Hub,Dallas Corridor,rail,rainy,0.2088,27.25
Global_Freight,Delhi Air Cargo,Atlanta Air Hub,air,Clear,0.0475,15.74
Last_Mile,Houston Port,St. Louis Hub,rail,rainy,0.1836,10.27
Last_Mile,Regional Hub,Local Terminal,road,stormy,0.0,1.11
Last_Mile,Chicago Rail Hub,Houston Port,rail,Clear,0.1906,29.81
Global_Freight,Dubai Logistics Hub,Delhi Air Cargo,air,Clear,0.0,2.42
Last_Mile,Houston Port,St. Louis Hub,rail,Clear,0.4222,59.5
Last_Mile,Regional Hub,Local Terminal,road,rainy,0.1612,4.07
Global_Freight,Singapore Port,Los Angeles Port,sea,Clear,0.0,5.06
Global_Freight,Atlanta Air Hub,Dubai Logistics Hub,air,Clear,0.0,4.25
Global_Freight,Atlanta Air Hub,Dubai Logistics Hub,air,rainy,0.0,3.87
Global_Freight,Dubai Logistics Hub,Delhi Air Cargo,air,Clear,0.2922,18.25
Global_Freight,Los Angeles Port,Seattle Port,sea,stormy,0.1258,53.08
Global_Freight,New York Port,Mumbai Port,sea,stormy,0.0086,9.6
Last_Mile,Chicago Rail Hub,Dallas Corridor,rail,Clear,0.2947,29.41
Global_Freight,Shanghai Port,Los Angeles Port,sea,rainy,0.0745,24.73
Global_Freight,Atlanta Air Hub,Dubai Logistics Hub,air,rainy,0.202,14.01
Last_Mile,St. Louis Hub,Houston Port,rail,stormy,0.3152,11.64
Last_Mile,Regional Hub,Local Terminal,road,stormy,0.0,1.81
Global_Freight,Mumbai Port,Suez Canal,sea,rainy,0.1393,58.16
Global_Freight,Dubai Logistics Hub,Atlanta Air Hub,air,stormy,0.004,0.72
Global_Freight,Atlanta Air Hub,Dubai Logistics Hub,air,Clear,0.3195,22.41
Last_Mile,St. Louis Hub,Houston Port,rail,stormy,0.3791,33.78
Last_Mile,Regional Hub,Local Terminal,road,Clear,0.1314,5.86
Global_Freight,Delhi Air Cargo,Atlanta Air Hub,air,Clear,0.0337,7.88
Global_Freight,Delhi Air Cargo,Dubai Logistics Hub,air,rainy,0.0689,20.13
Global_Freight,Dubai Logistics Hub,Delhi Air Cargo,air,rainy,0.1486,0.96
Last_Mile,St. Louis Hub,Chicago Rail Hub,rail,Clear,0.2949,40.2
Last_Mile,Regional Hub,Local Terminal,road,Clear,0.2666,4.09
Last_Mile,Chicago Rail Hub,Houston Port,rail,rainy,0.0,11.18
Last_Mile,Regional Hub,Local Terminal,road,Clear,0.0,2.14
Global_Freight,New York Port,Shanghai Port,sea,Clear,0.0845,44.87
Global_Freight,Dubai Logistics Hub,Delhi Air Cargo,air,Clear,0.0277,7.88
Last_Mile,Dallas Corridor,Chicago Rail Hub,rail,stormy,0.1242,5.62
Last_Mile,Houston Port,Chicago Rail Hub,rail,stormy,0.256,38.5
Last_Mile,Regional Hub,Local Terminal,road,stormy,0.4631,11.67
Global_Freight,Atlanta Air Hub,Delhi Air Cargo,air,Clear,0.2214,3.9
Last_Mile,Chicago Rail Hub,St. Louis Hub,rail,Clear,0.3512,18.98
Global_Freight,Singapore Port,Suez Canal,sea,stormy,0.0,5.68
Last_Mile,Houston Port,Dallas Corridor,rail,stormy,0.425,50.04
Global_Freight,Delhi Air Cargo,Dubai Logistics Hub,air,Clear,0.1577,6.25
Last_Mile,Regional Hub,Local Terminal,road,Clear,0.0493,3.04
Last_Mile,Regional Hub,Local Terminal,road,Clear,0.0588,4.37
Last_Mile,Regional Hub,Local Terminal,road,stormy,0.108,8.99
Last_Mile,Regional Hub,Local Terminal,road,rainy,0.0475,3.89
Global_Freight,Dubai Logistics Hub,Atlanta Air Hub,air,rainy,0.0,0.84
Global_Freight,Dubai Logistics Hub,Delhi Air Cargo,air,stormy,0.0,3.41
Last_Mile,Regional Hub,Local Terminal,road,Clear,0.1725,4.96
Global_Freight,Dubai Logistics Hub,Delhi Air Cargo,air,rainy,0.1751,3.01
Last_Mile,Regional Hub,Local Terminal,road,stormy,0.043,0.59
Global_Freight,Mumbai Port,New York Port,sea,rainy,0.2435,31.85
Last_Mile,Regional Hub,Local Terminal,road,Clear,0.3355,10.41
Last_Mile,Regional Hub,Local Terminal,road,stormy,0.0091,1.86
Last_Mile,Regional Hub,Local Terminal,road,rainy,0.0,1.37
Last_Mile,Regional Hub,Local Terminal,road,rainy,0.0,1.58
Last_Mile,Regional Hub,Local Terminal,road,rainy,0.0,3.66
Last_Mile,Houston Port,Dallas Corridor,rail,Clear,0.3735,44.86
Last_Mile,Regional Hub,Local Terminal,road,rainy,0.133,5.66
Last_Mile,Regional Hub,Local Terminal,road,stormy,0.2956,4.62
Global_Freight,Singapore Port,Rotterdam Port,sea,stormy,0.0098,15.41
Last_Mile,Houston Port,St. Louis Hub,rail,rainy,0.0707,16.68
Global_Freight,New York Port,Mumbai Port,sea,stormy,0.2621,59.06
Global_Freight,Atlanta Air Hub,Dubai Logistics Hub,air,stormy,0.2765,17.46
Last_Mile,St. Louis Hub,Dallas Corridor,rail,Clear,0.147,5.3
Last_Mile,Houston Port,Dallas Corridor,rail,rainy,0.0118,22.89
Global_Freight,Rotterdam Port,Seattle Port,sea,stormy,0.3071,28.78
Global_Freight,Suez Canal,New York Port,sea,rainy,0.0,7.5
Global_Freight,Dubai Logistics Hub,Atlanta Air Hub,air,Clear,0.0934,5.7
Last_Mile,Regional Hub,Local Terminal,road,rainy,0.0,4.07
Last_Mile,Regional Hub,Local Terminal,road,rainy,0.2132,2.9
Last_Mile,Regional Hub,Local Terminal,road,rainy,0.1513,7.57
Last_Mile,Regional Hub,Local Terminal,road,rainy,0.0,1.59
Last_Mile,Houston Port,Dallas Corridor,rail,stormy,0.0739,1.47
Last_Mile,Regional Hub,Local Terminal,road,rainy,0.0,1.46
Last_Mile,Regional Hub,Local Terminal,road,Clear,0.2894,3.82
Last_Mile,Regional Hub,Local Terminal,road,Clear,0.0542,3.39
Last_Mile,Houston Port,St. Louis Hub,rail,stormy,0.1644,38.41
Global_Freight,Delhi Air Cargo,Atlanta Air Hub,air,rainy,0.2637,20.77
Last_Mile,Houston Port,Dallas Corridor,rail,Clear,0.3012,36.68
Last_Mile,Regional Hub,Local Terminal,road,Clear,0.3158,7.13
Last_Mile,Regional Hub,Local Terminal,road,Clear,0.1764,4.29
Global_Freight,Mumbai Port,Suez Canal,sea,rainy,0.1735,38.92
Last_Mile,Regional Hub,Local Terminal,road,stormy,0.3176,6.28
Global_Freight,Atlanta Air Hub,Delhi Air Cargo,air,Clear,0.3968,22.49
Global_Freight,Mumbai Port,New York Port,sea,Clear,0.1153,40.4
Last_Mile,Regional Hub,Local Terminal,road,rainy,0.13,0.48
Global_Freight,Dubai Logistics Hub,Delhi Air Cargo,air,stormy,0.2092,7.46
Global_Freight,Atlanta Air Hub,Dubai Logistics Hub,air,rainy,0.1583,7.75
Global_Freight,Seattle Port,Rotterdam Port,sea,Clear,0.0867,13.04
Last_Mile,Regional Hub,Local Terminal,road,rainy,0.0589,3.04
Last_Mile,Chicago Rail Hub,Dallas Corridor,rail,rainy,0.2885,30.89
Global_Freight,New York Port,Mumbai Port,sea,stormy,0.0102,33.36
Global_Freight,Delhi Air Cargo,Atlanta Air Hub,air,rainy,0.0933,17.56
Global_Freight,Rotterdam Port,Suez Canal,sea,stormy,0.0641,32.18
Last_Mile,Regional Hub,Local Terminal,road,Clear,0.1234,3.67
Global_Freight,Los Angeles Port,Suez Canal,sea,Clear,1.0,1041.8
Last_Mile,Regional Hub,Local Terminal,road,Clear,0.4567,9.22
Global_Freight,Suez Canal,Mumbai Port,sea,rainy,0.04,6.04
Last_Mile,Regional Hub,Local Terminal,road,stormy,0.161,4.01
Global_Freight,Delhi Air Cargo,Atlanta Air Hub,air,Clear,0.3048,13.56
Last_Mile,Dallas Corridor,Chicago Rail Hub,rail,Clear,0.0426,9.8
Last_Mile,Regional Hub,Local Terminal,road,Clear,0.2461,5.78
Last_Mile,Houston Port,St. Louis Hub,rail,Clear,0.0551,36.08
Global_Freight,Suez Canal,Los Angeles Port,sea,Clear,0.0,11.68
Last_Mile,Regional Hub,Local Terminal,road,rainy,0.1335,2.12
Global_Freight,Suez Canal,Rotterdam Port,sea,stormy,0.0743,31.18
Last_Mile,Dallas Corridor,St. Louis Hub,rail,stormy,0.1474,25.68
Global_Freight,Delhi Air Cargo,Dubai Logistics Hub,air,rainy,0.2967,39.88
Global_Freight,Singapore Port,Shanghai Port,sea,stormy,0.0864,26.43
Last_Mile,Regional Hub,Local Terminal,road,Clear,0.2276,3.14
Last_Mile,Chicago Rail Hub,Houston Port,rail,rainy,0.3004,41.56
Last_Mile,Regional Hub,Local Terminal,road,rainy,0.1216,6.01
Global_Freight,Dubai Logistics Hub,Delhi Air Cargo,air,stormy,0.0265,17.21
Global_Freight,Dubai Logistics Hub,Delhi Air Cargo,air,rainy,0.156,3.97
Last_Mile,Houston Port,Chicago Rail Hub,rail,stormy,0.0417,3.7
Last_Mile,Regional Hub,Local Terminal,road,Clear,0.1029,0.69
Global_Freight,Atlanta Air Hub,Dubai Logistics Hub,air,rainy,0.0428,2.97
Last_Mile,Chicago Rail Hub,St. Louis Hub,rail,rainy,0.0174,18.18
Global_Freight,Rotterdam Port,New York Port,sea,rainy,0.0,6.04
Last_Mile,Regional Hub,Local Terminal,road,rainy,0.1223,1.16
Last_Mile,Regional Hub,Local Terminal,road,rainy,0.2586,9.69
Global_Freight,Singapore Port,Rotterdam Port,sea,rainy,0.0604,23.88
Last_Mile,Chicago Rail Hub,St. Louis Hub,rail,stormy,0.1041,24.59
Global_Freight,Atlanta Air Hub,Dubai Logistics Hub,air,rainy,0.0613,14.18
Global_Freight,Delhi Air Cargo,Dubai Logistics Hub,air,Clear,0.2933,13.71
Global_Freight,Dubai Logistics Hub,Delhi Air Cargo,air,stormy,0.0268,0.38
Last_Mile,Chicago Rail Hub,Dallas Corridor,rail,Clear,0.2124,15.1
Last_Mile,Regional Hub,Local Terminal,road,Clear,0.3876,5.11
Last_Mile,Dallas Corridor,Houston Port,rail,rainy,0.0,4.7
Last_Mile,Dallas Corridor,St. Louis Hub,rail,stormy,0.1874,19.71
Global_Freight,Mumbai Port,Singapore Port,sea,Clear,0.0454,24.75
Global_Freight,Delhi Air Cargo,Dubai Logistics Hub,air,stormy,0.0,5.44
Last_Mile,St. Louis Hub,Dallas Corridor,rail,rainy,0.2576,23.73
Last_Mile,Regional Hub,Local Terminal,road,Clear,0.181,1.34
Global_Freight,New York Port,Los Angeles Port,sea,rainy,0.0859,25.08
Global_Freight,Delhi Air Cargo,Atlanta Air Hub,air,stormy,0.0805,2.16
Global_Freight,Los Angeles Port,Seattle Port,sea,rainy,0.1395,3.88
Last_Mile,Regional Hub,Local Terminal,road,Clear,0.0,0.8
Last_Mile,Chicago Rail Hub,Dallas Corridor,rail,stormy,0.2391,17.65
Last_Mile,Regional Hub,Local Terminal,road,Clear,0.0256,3.07
Global_Freight,Los Angeles Port,Mumbai Port,sea,Clear,0.2843,59.41
Global_Freight,Atlanta Air Hub,Delhi Air Cargo,air,rainy,0.2169,6.33
Global_Freight,New York Port,Los Angeles Port,sea,stormy,0.1515,43.81
Global_Freight,Dubai Logistics Hub,Atlanta Air Hub,air,rainy,0.436,14.43
Global_Freight,Atlanta Air Hub,Dubai Logistics Hub,air,stormy,0.1663,17.81
Global_Freight,Atlanta Air Hub,Dubai Logistics Hub,air,rainy,0.086,9.56
Last_Mile,Dallas Corridor,Chicago Rail Hub,rail,rainy,0.2496,20.55
Global_Freight,Los Angeles Port,Mumbai Port,sea,stormy,0.1014,14.79
Global_Freight,Los Angeles Port,Mumbai Port,sea,Clear,0.1117,41.74
Global_Freight,Suez Canal,Los Angeles Port,sea,stormy,0.0,13.76
Global_Freight,Delhi Air Cargo,Dubai Logistics Hub,air,Clear,0.0,3.45
Global_Freight,Atlanta Air Hub,Dubai Logistics Hub,air,Clear,0.0619,1.38
Last_Mile,Chicago Rail Hub,Dallas Corridor,rail,rainy,0.0653,10.22
Global_Freight,Dubai Logistics Hub,Delhi Air Cargo,air,stormy,0.4113,6.73
Last_Mile,Regional Hub,Local Terminal,road,rainy,0.2274,6.01
Global_Freight,Mumbai Port,Singapore Port,sea,stormy,0.0,7.06
Last_Mile,Regional Hub,Local Terminal,road,Clear,0.1827,3.9
Last_Mile,Regional Hub,Local Terminal,road,Clear,0.1051,4.6
Last_Mile,Regional Hub,Local Terminal,road,rainy,0.0,1.1
Global_Freight,Mumbai Port,Rotterdam Port,sea,rainy,0.2494,84.32
Last_Mile,Chicago Rail Hub,St. Louis Hub,rail,stormy,0.0,14.11
Last_Mile,Regional Hub,Local Terminal,road,stormy,0.0256,0.81
Last_Mile,Dallas Corridor,St. Louis Hub,rail,Clear,0.1655,24.24
Global_Freight,Dubai Logistics Hub,Delhi Air Cargo,air,rainy,0.1178,3.75
Global_Freight,Atlanta Air Hub,Dubai Logistics Hub,air,rainy,0.6288,30.59
Global_Freight,Dubai Logistics Hub,Delhi Air Cargo,air,Clear,0.3097,1.66
Last_Mile,Regional Hub,Local Terminal,road,Clear,0.0255,1.33
Global_Freight,Dubai Logistics Hub,Atlanta Air Hub,air,stormy,0.1873,12.94
Global_Freight,Singapore Port,Suez Canal,sea,rainy,0.2176,33.1
Global_Freight,Los Angeles Port,Mumbai Port,sea,stormy,0.6656,182.88
Global_Freight,Dubai Logistics Hub,Atlanta Air Hub,air,Clear,0.2451,3.43
Global_Freight,Delhi Air Cargo,Dubai Logistics Hub,air,stormy,0.1143,5.64
Last_Mile,Houston Port,St. Louis Hub,rail,rainy,0.0138,21.63
Last_Mile,Chicago Rail Hub,Houston Port,rail,Clear,0.0573,32.72
Last_Mile,Regional Hub,Local Terminal,road,Clear,0.0424,1.58
Global_Freight,Suez Canal,Seattle Port,sea,Clear,0.0,13.63
Last_Mile,Chicago Rail Hub,St. Louis Hub,rail,stormy,0.0441,12.82
Last_Mile,Regional Hub,Local Terminal,road,rainy,0.0,1.52
Last_Mile,Houston Port,Dallas Corridor,rail,Clear,0.1629,18.24
Last_Mile,Chicago Rail Hub,St. Louis Hub,rail,stormy,0.3062,38.38
Global_Freight,Mumbai Port,Rotterdam Port,sea,Clear,0.3041,67.97
Global_Freight,Suez Canal,Shanghai Port,sea,stormy,0.0694,3.64
Global_Freight,Seattle Port,Singapore Port,sea,Clear,0.2553,83.25
Last_Mile,Regional Hub,Local Terminal,road,rainy,0.259,4.7
Global_Freight,Delhi Air Cargo,Atlanta Air Hub,air,stormy,0.0284,7.21
Last_Mile,Dallas Corridor,St. Louis Hub,rail,stormy,0.3111,23.87
Global_Freight,Delhi Air Cargo,Atlanta Air Hub,air,stormy,0.0,8.36
Global_Freight,New York Port,Suez Canal,sea,rainy,0.1201,29.98
Global_Freight,Dubai Logistics Hub,Atlanta Air Hub,air,stormy,0.1856,9.45
Last_Mile,Chicago Rail Hub,Houston Port,rail,Clear,0.1178,7.21
Last_Mile,St. Louis Hub,Chicago Rail Hub,rail,Clear,0.0,9.38
Global_Freight,Shanghai Port,Suez Canal,sea,stormy,0.0,28.68
Last_Mile,Regional Hub,Local Terminal,road,rainy,0.2968,9.43
Global_Freight,Dubai Logistics Hub,Atlanta Air Hub,air,rainy,0.0541,7.64
Last_Mile,Regional Hub,Local Terminal,road,rainy,0.2007,2.02
Global_Freight,Los Angeles Port,Singapore Port,sea,rainy,0.097,30.84
Global_Freight,Rotterdam Port,Seattle Port,sea,rainy,0.2939,45.71
Last_Mile,Houston Port,St. Louis Hub,rail,stormy,0.2966,41.98
Global_Freight,Atlanta Air Hub,Dubai Logistics Hub,air,Clear,0.1527,14.89
Global_Freight,Singapore Port,Mumbai Port,sea,Clear,0.169,16.25
Last_Mile,Regional Hub,Local Terminal,road,Clear,0.0,3.63
Last_Mile,Regional Hub,Local Terminal,road,Clear,0.017,1.65
Last_Mile,Houston Port,Chicago Rail Hub,rail,stormy,0.1075,21.24
Last_Mile,St. Louis Hub,Dallas Corridor,rail,Clear,0.2217,11.37
Global_Freight,Seattle Port,Los Angeles Port,sea,stormy,0.1038,24.9
Last_Mile,Houston Port,St. Louis Hub,rail,rainy,0.4069,42.81
Global_Freight,Dubai Logistics Hub,Atlanta Air Hub,air,Clear,0.049,0.8
Last_Mile,Regional Hub,Local Terminal,road,stormy,0.03,1.13
Last_Mile,Regional Hub,Local Terminal,road,Clear,0.0741,0.54
Global_Freight,New York Port,Rotterdam Port,sea,rainy,0.1699,43.85
Global_Freight,Dubai Logistics Hub,Atlanta Air Hub,air,stormy,0.0,3.87
Global_Freight,Singapore Port,Rotterdam Port,sea,stormy,0.1121,12.62
Last_Mile,Regional Hub,Local Terminal,road,Clear,0.3212,7.12
Global_Freight,Seattle Port,Shanghai Port,sea,stormy,0.1389,13.75
Global_Freight,Suez Canal,Seattle Port,sea,Clear,0.0,7.94
Global_Freight,Atlanta Air Hub,Dubai Logistics Hub,air,Clear,0.0979,8.75
Last_Mile,Houston Port,St. Louis Hub,rail,rainy,0.2893,51.95
Global_Freight,Atlanta Air Hub,Delhi Air Cargo,air,rainy,0.0415,6.14
Last_Mile,Regional Hub,Local Terminal,road,stormy,0.0624,3.7
Last_Mile,Regional Hub,Local Terminal,road,stormy,0.2331,3.89
Global_Freight,Atlanta Air Hub,Dubai Logistics Hub,air,stormy,0.1452,5.23
Last_Mile,St. Louis Hub,Houston Port,rail,rainy,0.2059,26.06
Last_Mile,Regional Hub,Local Terminal,road,rainy,0.0136,2.83
Last_Mile,Regional Hub,Local Terminal,road,stormy,0.16,2.51
Global_Freight,Delhi Air Cargo,Dubai Logistics Hub,air,Clear,0.108,8.08
Global_Freight,Delhi Air Cargo,Atlanta Air Hub,air,stormy,0.0,14.18
Global_Freight,Suez Canal,Los Angeles Port,sea,Clear,0.0,11.33
Global_Freight,Seattle Port,Singapore Port,sea,stormy,0.0536,17.57
Global_Freight,Singapore Port,New York Port,sea,rainy,0.0,1.64
Last_Mile,Chicago Rail Hub,St. Louis Hub,rail,stormy,0.1541,1.04
Last_Mile,Regional Hub,Local Terminal,road,rainy,0.328,13.37
Global_Freight,Seattle Port,Rotterdam Port,sea,Clear,0.114,23.49
Last_Mile,Regional Hub,Local Terminal,road,rainy,0.0,4.63
Global_Freight,Delhi Air Cargo,Atlanta Air Hub,air,Clear,0.0946,0.48
Global_Freight,Mumbai Port,Rotterdam Port,sea,Clear,0.0004,23.71
Global_Freight,Mumbai Port,Suez Canal,sea,stormy,0.2518,103.51
Last_Mile,Regional Hub,Local Terminal,road,rainy,0.2816,1.86
Last_Mile,Regional Hub,Local Terminal,road,rainy,0.0505,1.63
Global_Freight,Suez Canal,New York Port,sea,Clear,0.0,12.86
Global_Freight,Shanghai Port,Suez Canal,sea,Clear,0.299,25.6
Global_Freight,Dubai Logistics Hub,Delhi Air Cargo,air,stormy,0.2719,7.48
Global_Freight,Dubai Logistics Hub,Delhi Air Cargo,air,Clear,0.255,12.57
Global_Freight,Atlanta Air Hub,Dubai Logistics Hub,air,stormy,0.0861,8.49
Global_Freight,Dubai Logistics Hub,Atlanta Air Hub,air,stormy,0.1114,4.07
Global_Freight,Delhi Air Cargo,Atlanta Air Hub,air,rainy,0.4761,45.78
Global_Freight,Los Angeles Port,Seattle Port,sea,Clear,0.0635,52.19
Global_Freight,New York Port,Rotterdam Port,sea,rainy,0.0584,17.04
Last_Mile,Dallas Corridor,Houston Port,rail,stormy,0.6141,83.83
Global_Freight,Los Angeles Port,Seattle Port,sea,rainy,0.9,242.83
Last_Mile,Regional Hub,Local Terminal,road,rainy,0.0724,1.28
Global_Freight,Delhi Air Cargo,Atlanta Air Hub,air,stormy,0.0,1.94
Global_Freight,Shanghai Port,New York Port,sea,rainy,0.1525,25.91
Global_Freight,Los Angeles Port,Shanghai Port,sea,stormy,0.1134,38.38
Last_Mile,Regional Hub,Local Terminal,road,Clear,0.1998,6.92
Last_Mile,Dallas Corridor,St. Louis Hub,rail,stormy,0.1522,21.76
Last_Mile,Regional Hub,Local Terminal,road,stormy,0.1954,2.64
Global_Freight,Suez Canal,Rotterdam Port,sea,rainy,0.0,9.65
Global_Freight,Delhi Air Cargo,Atlanta Air Hub,air,Clear,0.1483,20.14
Global_Freight,Los Angeles Port,Seattle Port,sea,rainy,0.0776,5.7
Last_Mile,St. Louis Hub,Dallas Corridor,rail,Clear,0.3261,28.19
Global_Freight,Delhi Air Cargo,Dubai Logistics Hub,air,stormy,0.2308,17.5
Global_Freight,Dubai Logistics Hub,Delhi Air Cargo,air,Clear,0.1746,6.44
Global_Freight,Atlanta Air Hub,Dubai Logistics Hub,air,Clear,0.0861,2.98
Global_Freight,Mumbai Port,Los Angeles Port,sea,stormy,0.1535,9.47
Last_Mile,Houston Port,St. Louis Hub,rail,rainy,0.5308,28.37
Global_Freight,Atlanta Air Hub,Dubai Logistics Hub,air,Clear,0.1137,10.88
Last_Mile,Chicago Rail Hub,Houston Port,rail,Clear,0.1996,20.55
Last_Mile,Regional Hub,Local Terminal,road,stormy,0.4134,10.07
Last_Mile,St. Louis Hub,Houston Port,rail,Clear,0.4031,27.44
Global_Freight,Atlanta Air Hub,Dubai Logistics Hub,air,rainy,0.0,3.11
Last_Mile,Regional Hub,Local Terminal,road,Clear,0.0725,2.37
Last_Mile,Regional Hub,Local Terminal,road,Clear,0.0998,4.14
Last_Mile,Regional Hub,Local Terminal,road,Clear,0.1354,2.9
Last_Mile,Dallas Corridor,Chicago Rail Hub,rail,Clear,0.0,17.85
Global_Freight,New York Port,Mumbai Port,sea,stormy,0.0,13.26
Global_Freight,Los Angeles Port,Shanghai Port,sea,rainy,0.1367,63.44
Global_Freight,Rotterdam Port,New York Port,sea,Clear,0.1423,11.78
Global_Freight,Rotterdam Port,Seattle Port,sea,stormy,0.0818,16.77
Last_Mile,Regional Hub,Local Terminal,road,Clear,0.1508,6.45
Global_Freight,Atlanta Air Hub,Dubai Logistics Hub,air,Clear,0.1763,13.75
Global_Freight,New York Port,Shanghai Port,sea,stormy,0.0359,36.82
Global_Freight,Singapore Port,Suez Canal,sea,Clear,0.0626,13.56
Global_Freight,Shanghai Port,Seattle Port,sea,rainy,0.0,5.76
Global_Freight,Dubai Logistics Hub,Atlanta Air Hub,air,Clear,0.2099,9.64
Last_Mile,Regional Hub,Local Terminal,road,rainy,0.1464,2.12
Last_Mile,Regional Hub,Local Terminal,road,stormy,0.0135,3.52
Last_Mile,Regional Hub,Local Terminal,road,rainy,0.1953,2.04
Global_Freight,Dubai Logistics Hub,Atlanta Air Hub,air,Clear,0.3355,11.22
Global_Freight,Los Angeles Port,New York Port,sea,stormy,0.0688,25.78
Last_Mile,Chicago Rail Hub,St. Louis Hub,rail,Clear,0.0,5.52
Global_Freight,Mumbai Port,Suez Canal,sea,rainy,0.008,44.87
Last_Mile,Houston Port,St. Louis Hub,rail,stormy,0.2545,20.96
Last_Mile,Regional Hub,Local Terminal,road,rainy,0.0471,3.87
Global_Freight,Delhi Air Cargo,Atlanta Air Hub,air,stormy,0.1768,12.34
Last_Mile,Regional Hub,Local Terminal,road,stormy,0.0045,2.15
Global_Freight,Atlanta Air Hub,Delhi Air Cargo,air,rainy,0.3356,19.03
Global_Freight,Atlanta Air Hub,Delhi Air Cargo,air,stormy,0.5875,39.95
Last_Mile,Regional Hub,Local Terminal,road,rainy,0.2652,6.89
Last_Mile,Dallas Corridor,Chicago Rail Hub,rail,rainy,0.0,1.61
Global_Freight,Dubai Logistics Hub,Atlanta Air Hub,air,Clear,0.1831,1.57
Global_Freight,Delhi Air Cargo,Atlanta Air Hub,air,Clear,0.0221,11.18
Last_Mile,Dallas Corridor,Chicago Rail Hub,rail,Clear,0.2555,28.83
Last_Mile,Regional Hub,Local Terminal,road,rainy,0.0742,2.91
Last_Mile,Dallas Corridor,Houston Port,rail,Clear,0.2321,32.45
Global_Freight,Atlanta Air Hub,Delhi Air Cargo,air,stormy,0.3975,44.89
Global_Freight,Atlanta Air Hub,Delhi Air Cargo,air,Clear,0.3919,27.22
Global_Freight,Dubai Logistics Hub,Atlanta Air Hub,air,stormy,0.0792,5.79
Global_Freight,Shanghai Port,New York Port,sea,rainy,0.0,10.86
Last_Mile,Regional Hub,Local Terminal,road,stormy,0.1414,2.92
Global_Freight,Dubai Logistics Hub,Delhi Air Cargo,air,rainy,0.2686,17.03
Global_Freight,Mumbai Port,Suez Canal,sea,stormy,0.1253,11.26
Last_Mile,Regional Hub,Local Terminal,road,stormy,0.0,0.89
Last_Mile,Regional Hub,Local Terminal,road,stormy,0.0889,6.1
Last_Mile,Regional Hub,Local Terminal,road,stormy,0.0,0.28
Global_Freight,Delhi Air Cargo,Dubai Logistics Hub,air,stormy,0.3085,33.96
Global_Freight,Shanghai Port,Los Angeles Port,sea,rainy,0.3015,43.74
Global_Freight,Shanghai Port,Mumbai Port,sea,Clear,0.1345,20.65
Last_Mile,Dallas Corridor,Houston Port,rail,stormy,0.2948,17.67
Global_Freight,Shanghai Port,Singapore Port,sea,rainy,0.0339,13.8
Global_Freight,Singapore Port,Mumbai Port,sea,Clear,0.178,21.18
Global_Freight,Delhi Air Cargo,Dubai Logistics Hub,air,rainy,0.6623,72.53
Last_Mile,Regional Hub,Local Terminal,road,stormy,0.0,3.1
Last_Mile,Dallas Corridor,Chicago Rail Hub,rail,Clear,0.0514,7.16
Global_Freight,Suez Canal,Los Angeles Port,sea,rainy,0.2456,8.98
Global_Freight,Delhi Air Cargo,Dubai Logistics Hub,air,Clear,0.1908,17.07
Last_Mile,St. Louis Hub,Chicago Rail Hub,rail,Clear,0.1446,11.17
Global_Freight,Singapore Port,Suez Canal,sea,stormy,0.317,36.15
Last_Mile,Dallas Corridor,Chicago Rail Hub,rail,stormy,0.3655,31.96
Last_Mile,Regional Hub,Local Terminal,road,Clear,0.0264,2.5
Last_Mile,Regional Hub,Local Terminal,road,Clear,0.1372,1.99
Global_Freight,Delhi Air Cargo,Atlanta Air Hub,air,stormy,0.1817,18.18
Last_Mile,Regional Hub,Local Terminal,road,rainy,0.214,2.26
Last_Mile,St. Louis Hub,Houston Port,rail,stormy,0.0765,12.1
Last_Mile,Houston Port,St. Louis Hub,rail,rainy,0.1051,23.59
Global_Freight,Dubai Logistics Hub,Atlanta Air Hub,air,stormy,0.2727,17.22
Last_Mile,Regional Hub,Local Terminal,road,Clear,0.1805,7.84
Global_Freight,Atlanta Air Hub,Delhi Air Cargo,air,stormy,0.0033,1.88
Global_Freight,Los Angeles Port,Shanghai Port,sea,Clear,0.1166,58.51
Global_Freight,Seattle Port,Singapore Port,sea,rainy,0.1203,13.81
Last_Mile,Regional Hub,Local Terminal,road,stormy,0.0486,3.98
Global_Freight,Dubai Logistics Hub,Atlanta Air Hub,air,Clear,0.3399,14.8
Last_Mile,Dallas Corridor,Chicago Rail Hub,rail,rainy,0.1413,11.4
Last_Mile,Regional Hub,Local Terminal,road,stormy,0.1035,3.37
Global_Freight,Dubai Logistics Hub,Delhi Air Cargo,air,Clear,0.0283,1.82
Global_Freight,Dubai Logistics Hub,Atlanta Air Hub,air,rainy,0.0358,3.26
Last_Mile,Regional Hub,Local Terminal,road,Clear,0.2557,6.25
Last_Mile,Regional Hub,Local Terminal,road,rainy,0.0,2.03
Global_Freight,Suez Canal,Los Angeles Port,sea,rainy,0.9,15.61
Global_Freight,Rotterdam Port,Singapore Port,sea,rainy,0.0883,31.69
Global_Freight,Suez Canal,Seattle Port,sea,Clear,0.0,17.93
Global_Freight,Los Angeles Port,Mumbai Port,sea,rainy,0.062,4.74
Global_Freight,Atlanta Air Hub,Delhi Air Cargo,air,stormy,0.2836,6.21
Global_Freight,Delhi Air Cargo,Atlanta Air Hub,air,rainy,0.1953,14.72
Last_Mile,Regional Hub,Local Terminal,road,stormy,0.1632,5.98
Last_Mile,Houston Port,St. Louis Hub,rail,stormy,0.1695,24.72
Last_Mile,Regional Hub,Local Terminal,road,rainy,0.0,2.08
Last_Mile,Houston Port,Dallas Corridor,rail,stormy,0.0,3.75
Global_Freight,Atlanta Air Hub,Dubai Logistics Hub,air,Clear,0.2149,10.28
Global_Freight,Dubai Logistics Hub,Delhi Air Cargo,air,Clear,0.2323,11.38
Global_Freight,Rotterdam Port,Suez Canal,sea,Clear,0.1724,6.87
Global_Freight,Atlanta Air Hub,Delhi Air Cargo,air,rainy,0.3105,20.96
Global_Freight,Atlanta Air Hub,Dubai Logistics Hub,air,stormy,0.215,21.49
Global_Freight,Dubai Logistics Hub,Delhi Air Cargo,air,rainy,0.2739,11.21
Last_Mile,Houston Port,St. Louis Hub,rail,rainy,0.1724,16.2
Global_Freight,Shanghai Port,Singapore Port,sea,Clear,0.0,22.24
Global_Freight,Dubai Logistics Hub,Delhi Air Cargo,air,stormy,0.1615,6.88
Global_Freight,Delhi Air Cargo,Dubai Logistics Hub,air,stormy,0.3054,16.55
Last_Mile,Chicago Rail Hub,Houston Port,rail,Clear,0.1399,22.7
Last_Mile,Regional Hub,Local Terminal,road,Clear,0.2912,3.55
Global_Freight,Singapore Port,Suez Canal,sea,stormy,0.1211,23.47
Last_Mile,Regional Hub,Local Terminal,road,stormy,0.1942,2.66
Last_Mile,St. Louis Hub,Houston Port,rail,Clear,0.4113,35.68
Last_Mile,Houston Port,Chicago Rail Hub,rail,stormy,0.3909,65.44
Last_Mile,Regional Hub,Local Terminal,road,Clear,0.2267,3.46
Last_Mile,Chicago Rail Hub,Houston Port,rail,stormy,0.0,11.47
Last_Mile,Regional Hub,Local Terminal,road,Clear,0.2228,10.36
Global_Freight,Singapore Port,Seattle Port,sea,Clear,0.0,10.29
Last_Mile,Regional Hub,Local Terminal,road,rainy,0.3363,4.11
Last_Mile,Dallas Corridor,Chicago Rail Hub,rail,Clear,0.4866,53.04
Last_Mile,Dallas Corridor,St. Louis Hub,rail,Clear,0.1585,14.49
Global_Freight,Atlanta Air Hub,Dubai Logistics Hub,air,stormy,0.1239,2.04
Global_Freight,Atlanta Air Hub,Dubai Logistics Hub,air,Clear,0.1522,3.63
Global_Freight,Suez Canal,Rotterdam Port,sea,rainy,0.0,18.66
Global_Freight,Shanghai Port,New York Port,sea,rainy,0.1996,37.76
Last_Mile,Dallas Corridor,Chicago Rail Hub,rail,rainy,0.1809,9.58
Last_Mile,Regional Hub,Local Terminal,road,rainy,0.0,3.7
Global_Freight,Delhi Air Cargo,Dubai Logistics Hub,air,Clear,0.1593,14.4
Last_Mile,Dallas Corridor,Houston Port,rail,Clear,0.61,60.44
Last_Mile,Regional Hub,Local Terminal,road,rainy,0.1673,1.76
Last_Mile,Regional Hub,Local Terminal,road,rainy,0.4006,13.99
Global_Freight,Delhi Air Cargo,Atlanta Air Hub,air,Clear,0.29,16.46
Last_Mile,Houston Port,Dallas Corridor,rail,rainy,0.4564,53.83
Last_Mile,Regional Hub,Local Terminal,road,rainy,0.0354,4.1
Global_Freight,Shanghai Port,New York Port,sea,rainy,0.268,58.19
Last_Mile,St. Louis Hub,Chicago Rail Hub,rail,Clear,0.1045,16.42
Global_Freight,Atlanta Air Hub,Delhi Air Cargo,air,rainy,0.2286,9.7
Global_Freight,Delhi Air Cargo,Atlanta Air Hub,air,Clear,0.1756,18.68
Global_Freight,New York Port,Singapore Port,sea,Clear,0.0419,22.01
Last_Mile,Chicago Rail Hub,Houston Port,rail,rainy,0.1069,19.43
Last_Mile,Regional Hub,Local Terminal,road,stormy,0.3729,14.5
Global_Freight,Atlanta Air Hub,Dubai Logistics Hub,air,rainy,0.2395,5.32
Last_Mile,Chicago Rail Hub,St. Louis Hub,rail,rainy,0.1212,22.8
Global_Freight,Atlanta Air Hub,Delhi Air Cargo,air,Clear,0.0436,2.75
Global_Freight,Delhi Air Cargo,Atlanta Air Hub,air,Clear,0.1002,4.75
Last_Mile,Regional Hub,Local Terminal,road,Clear,0.0337,1.77
Last_Mile,Regional Hub,Local Terminal,road,Clear,0.0744,6.35
Last_Mile,Dallas Corridor,Chicago Rail Hub,rail,Clear,0.0786,17.11
Global_Freight,Rotterdam Port,Mumbai Port,sea,stormy,0.0385,7.51
Global_Freight,Delhi Air Cargo,Dubai Logistics Hub,air,Clear,0.1033,11.8
Last_Mile,Regional Hub,Local Terminal,road,Clear,0.1469,5.94
Last_Mile,Chicago Rail Hub,Dallas Corridor,rail,Clear,0.4387,29.06
Last_Mile,St. Louis Hub,Dallas Corridor,rail,rainy,0.0,1.86
Global_Freight,Singapore Port,Los Angeles Port,sea,Clear,0.0881,15.1
Global_Freight,Seattle Port,Mumbai Port,sea,stormy,0.0,14.64
Global_Freight,Los Angeles Port,Shanghai Port,sea,rainy,0.0,32.04
Global_Freight,New York Port,Singapore Port,sea,rainy,0.0002,24.9
Global_Freight,Rotterdam Port,New York Port,sea,Clear,0.1353,11.84
Global_Freight,Rotterdam Port,Shanghai Port,sea,Clear,0.3181,47.56
Global_Freight,Delhi Air Cargo,Dubai Logistics Hub,air,stormy,0.3151,17.31
Global_Freight,Dubai Logistics Hub,Atlanta Air Hub,air,rainy,0.0,3.52
Global_Freight,Rotterdam Port,Los Angeles Port,sea,stormy,0.1378,21.94
Last_Mile,Chicago Rail Hub,St. Louis Hub,rail,rainy,0.2238,25.86
Global_Freight,Dubai Logistics Hub,Delhi Air Cargo,air,stormy,0.0568,8.07
Last_Mile,St. Louis Hub,Houston Port,rail,rainy,0.0,9.37
Global_Freight,Atlanta Air Hub,Dubai Logistics Hub,air,Clear,0.0,6.92
Global_Freight,Seattle Port,Suez Canal,sea,rainy,0.1136,35.35
Global_Freight,Singapore Port,Suez Canal,sea,Clear,0.5251,60.71
Last_Mile,Regional Hub,Local Terminal,road,rainy,0.0321,3.48
Last_Mile,Chicago Rail Hub,Houston Port,rail,rainy,0.179,13.36
Global_Freight,Los Angeles Port,New York Port,sea,rainy,0.0518,35.58
Last_Mile,Regional Hub,Local Terminal,road,Clear,0.0,5.51
Last_Mile,Dallas Corridor,Houston Port,rail,Clear,0.2791,40.02
Global_Freight,Singapore Port,Mumbai Port,sea,Clear,0.1034,9.58
Global_Freight,New York Port,Shanghai Port,sea,rainy,0.1427,25.67
Last_Mile,St. Louis Hub,Houston Port,rail,stormy,0.6835,61.29
Last_Mile,Regional Hub,Local Terminal,road,stormy,0.1326,6.07
Last_Mile,Regional Hub,Local Terminal,road,Clear,0.1343,1.47
Last_Mile,Regional Hub,Local Terminal,road,Clear,0.2283,8.05
Global_Freight,Suez Canal,Seattle Port,sea,Clear,0.0088,3.18
Global_Freight,Seattle Port,Rotterdam Port,sea,rainy,0.5066,103.29
Last_Mile,Regional Hub,Local Terminal,road,rainy,0.0,3.15
Global_Freight,Singapore Port,Suez Canal,sea,Clear,0.374,34.31
Last_Mile,Regional Hub,Local Terminal,road,stormy,0.133,3.69
Global_Freight,Suez Canal,New York Port,sea,stormy,0.0,9.08
Last_Mile,Regional Hub,Local Terminal,road,Clear,0.0807,1.8
Global_Freight,Mumbai Port,Rotterdam Port,sea,Clear,0.1332,80.19
Global_Freight,Los Angeles Port,Shanghai Port,sea,stormy,0.0,22.35
Global_Freight,Atlanta Air Hub,Delhi Air Cargo,air,Clear,0.0632,12.79
Last_Mile,Houston Port,Dallas Corridor,rail,Clear,0.1337,18.73
Last_Mile,St. Louis Hub,Houston Port,rail,rainy,0.0864,7.08
Last_Mile,Dallas Corridor,Chicago Rail Hub,rail,Clear,0.078,11.33
Global_Freight,Suez Canal,New York Port,sea,stormy,0.1069,4.61
Last_Mile,Dallas Corridor,Houston Port,rail,rainy,0.2674,10.55
Global_Freight,Seattle Port,Singapore Port,sea,Clear,0.0966,47.63
Last_Mile,Regional Hub,Local Terminal,road,stormy,0.1015,4.2
Last_Mile,Regional Hub,Local Terminal,road,stormy,0.0059,1.57
Last_Mile,Houston Port,Dallas Corridor,rail,rainy,0.0861,29.48
Global_Freight,Rotterdam Port,Los Angeles Port,sea,Clear,0.1848,37.96
Last_Mile,Regional Hub,Local Terminal,road,Clear,0.0,1.68
Global_Freight,New York Port,Mumbai Port,sea,Clear,0.1322,28.73
Global_Freight,Mumbai Port,Rotterdam Port,sea,Clear,0.0,14.34
Global_Freight,Atlanta Air Hub,Delhi Air Cargo,air,rainy,0.1305,4.91
Last_Mile,Regional Hub,Local Terminal,road,Clear,0.1291,1.0
Last_Mile,Regional Hub,Local Terminal,road,stormy,0.0,3.27
Global_Freight,Seattle Port,Mumbai Port,sea,stormy,0.3169,89.45
Last_Mile,Regional Hub,Local Terminal,road,rainy,0.034,0.75
Global_Freight,Singapore Port,Los Angeles Port,sea,rainy,0.0,2.27
Global_Freight,Dubai Logistics Hub,Delhi Air Cargo,air,rainy,0.2717,8.87
Global_Freight,Atlanta Air Hub,Dubai Logistics Hub,air,rainy,0.0052,2.86
Last_Mile,Regional Hub,Local Terminal,road,rainy,0.0,4.2
Global_Freight,Dubai Logistics Hub,Delhi Air Cargo,air,Clear,0.1352,4.35
Last_Mile,Dallas Corridor,Houston Port,rail,rainy,0.2012,20.98
Global_Freight,Dubai Logistics Hub,Atlanta Air Hub,air,Clear,0.0243,3.68
Last_Mile,Houston Port,St. Louis Hub,rail,stormy,0.0,6.86
Last_Mile,Chicago Rail Hub,Houston Port,rail,Clear,0.069,8.96
Global_Freight,Shanghai Port,Los Angeles Port,sea,Clear,0.282,37.82
Global_Freight,Delhi Air Cargo,Atlanta Air Hub,air,Clear,0.0,3.78
Last_Mile,Dallas Corridor,St. Louis Hub,rail,rainy,0.1612,4.63
Global_Freight,New York Port,Seattle Port,sea,rainy,0.0169,24.16
Last_Mile,Houston Port,St. Louis Hub,rail,Clear,0.3126,34.02
Last_Mile,Chicago Rail Hub,Houston Port,rail,Clear,0.008,18.79
Last_Mile,Dallas Corridor,St. Louis Hub,rail,Clear,0.1192,17.61
Last_Mile,St. Louis Hub,Dallas Corridor,rail,stormy,0.0325,13.66
Global_Freight,Los Angeles Port,Suez Canal,sea,stormy,0.1677,65.23
Global_Freight,Dubai Logistics Hub,Atlanta Air Hub,air,stormy,0.4216,20.12
Last_Mile,Chicago Rail Hub,Houston Port,rail,Clear,0.2189,12.1
Last_Mile,Dallas Corridor,Chicago Rail Hub,rail,Clear,0.1021,12.81
Global_Freight,Seattle Port,Suez Canal,sea,stormy,0.0885,11.73
Global_Freight,Dubai Logistics Hub,Atlanta Air Hub,air,rainy,0.1686,3.94
Global_Freight,Los Angeles Port,Rotterdam Port,sea,stormy,0.1261,20.95
Last_Mile,Dallas Corridor,St. Louis Hub,rail,rainy,0.0432,21.16
Last_Mile,Dallas Corridor,Chicago Rail Hub,rail,stormy,0.1143,12.58
Last_Mile,Houston Port,Dallas Corridor,rail,stormy,0.2459,25.27
Last_Mile,Regional Hub,Local Terminal,road,stormy,0.0,3.35
Last_Mile,Regional Hub,Local Terminal,road,Clear,0.0211,3.41
Global_Freight,Los Angeles Port,Shanghai Port,sea,stormy,0.1924,43.73
Global_Freight,Delhi Air Cargo,Atlanta Air Hub,air,rainy,0.3043,17.72
Global_Freight,Rotterdam Port,Los Angeles Port,sea,stormy,0.0,34.05
Global_Freight,Rotterdam Port,Mumbai Port,sea,stormy,0.6287,102.65
Global_Freight,Dubai Logistics Hub,Atlanta Air Hub,air,stormy,0.0,0.95
Last_Mile,Dallas Corridor,Chicago Rail Hub,rail,stormy,0.2543,9.68
Global_Freight,Dubai Logistics Hub,Atlanta Air Hub,air,stormy,0.3973,14.37
Last_Mile,Dallas Corridor,Houston Port,rail,Clear,0.6007,53.63
Global_Freight,New York Port,Seattle Port,sea,stormy,0.2136,54.67
Global_Freight,Shanghai Port,Mumbai Port,sea,rainy,0.1916,28.93
Last_Mile,Chicago Rail Hub,Houston Port,rail,stormy,0.119,25.89
Last_Mile,Regional Hub,Local Terminal,road,rainy,0.25,4.13
Global_Freight,Los Angeles Port,Shanghai Port,sea,Clear,0.0637,25.85
Global_Freight,Seattle Port,Suez Canal,sea,stormy,0.1199,16.61
Last_Mile,Regional Hub,Local Terminal,road,Clear,0.3146,5.05
Global_Freight,Atlanta Air Hub,Delhi Air Cargo,air,rainy,0.0925,6.59
Last_Mile,Regional Hub,Local Terminal,road,rainy,0.0533,2.78
Last_Mile,Regional Hub,Local Terminal,road,rainy,0.4105,6.66
Global_Freight,Suez Canal,Mumbai Port,sea,stormy,0.0404,13.88
Last_Mile,Houston Port,St. Louis Hub,rail,stormy,0.142,22.44
Last_Mile,Regional Hub,Local Terminal,road,Clear,0.0,6.95
Global_Freight,Dubai Logistics Hub,Atlanta Air Hub,air,Clear,0.266,11.7
Last_Mile,Chicago Rail Hub,St. Louis Hub,rail,rainy,0.0,14.06
Last_Mile,St. Louis Hub,Chicago Rail Hub,rail,rainy,0.2384,25.48
Last_Mile,Chicago Rail Hub,Dallas Corridor,rail,stormy,0.0789,31.55
Global_Freight,Dubai Logistics Hub,Atlanta Air Hub,air,Clear,0.1541,9.53
Last_Mile,Regional Hub,Local Terminal,road,rainy,0.2575,1.4
Last_Mile,St. Louis Hub,Chicago Rail Hub,rail,rainy,0.2354,34.41
Global_Freight,Shanghai Port,Mumbai Port,sea,Clear,0.2385,74.72
Global_Freight,Seattle Port,New York Port,sea,rainy,0.0,6.56
Global_Freight,Delhi Air Cargo,Dubai Logistics Hub,air,stormy,0.2053,8.88
Global_Freight,Dubai Logistics Hub,Atlanta Air Hub,air,rainy,0.0,2.72
Global_Freight,Atlanta Air Hub,Dubai Logistics Hub,air,rainy,0.1081,2.87
Last_Mile,Regional Hub,Local Terminal,road,rainy,0.138,2.08
Last_Mile,Regional Hub,Local Terminal,road,stormy,0.1987,8.85
Global_Freight,Atlanta Air Hub,Delhi Air Cargo,air,rainy,0.0679,6.16
Last_Mile,Houston Port,Chicago Rail Hub,rail,Clear,0.5023,51.75
Global_Freight,Dubai Logistics Hub,Atlanta Air Hub,air,rainy,0.3507,7.02
Last_Mile,Regional Hub,Local Terminal,road,Clear,0.0174,4.07
Last_Mile,Regional Hub,Local Terminal,road,stormy,0.1533,2.17
Global_Freight,Rotterdam Port,Shanghai Port,sea,Clear,0.0,5.81
Global_Freight,Delhi Air Cargo,Dubai Logistics Hub,air,stormy,0.1144,6.11
Global_Freight,Suez Canal,Los Angeles Port,sea,Clear,0.0,14.21
Last_Mile,Chicago Rail Hub,St. Louis Hub,rail,rainy,0.1743,14.9
Last_Mile,Dallas Corridor,St. Louis Hub,rail,stormy,0.0,8.61
Global_Freight,Dubai Logistics Hub,Delhi Air Cargo,air,stormy,0.4013,16.2
Last_Mile,Dallas Corridor,St. Louis Hub,rail,rainy,0.2992,23.61
Global_Freight,Dubai Logistics Hub,Delhi Air Cargo,air,stormy,0.0707,7.73
Last_Mile,St. Louis Hub,Chicago Rail Hub,rail,Clear,0.2586,9.12
Last_Mile,Chicago Rail Hub,Dallas Corridor,rail,rainy,0.3305,38.34
Global_Freight,Los Angeles Port,Mumbai Port,sea,rainy,0.1261,52.76
Last_Mile,St. Louis Hub,Dallas Corridor,rail,Clear,0.2148,22.63
Last_Mile,Regional Hub,Local Terminal,road,stormy,0.0,1.78
Global_Freight,Dubai Logistics Hub,Atlanta Air Hub,air,rainy,0.4166,17.85
Global_Freight,Atlanta Air Hub,Delhi Air Cargo,air,stormy,0.4144,20.17
Global_Freight,Suez Canal,Seattle Port,sea,rainy,0.1673,12.74
Global_Freight,Dubai Logistics Hub,Atlanta Air Hub,air,Clear,0.1442,2.34
Last_Mile,Chicago Rail Hub,Dallas Corridor,rail,rainy,0.1748,29.58
Global_Freight,Mumbai Port,New York Port,sea,Clear,0.0,39.14
Global_Freight,Seattle Port,Suez Canal,sea,stormy,0.0412,24.34
Global_Freight,Shanghai Port,Mumbai Port,sea,rainy,0.0445,10.69
Global_Freight,Atlanta Air Hub,Dubai Logistics Hub,air,stormy,0.1006,11.6
Global_Freight,Singapore Port,New York Port,sea,Clear,0.2141,32.58
Global_Freight,Dubai Logistics Hub,Delhi Air Cargo,air,Clear,0.2021,14.51
Global_Freight,Dubai Logistics Hub,Delhi Air Cargo,air,stormy,0.4318,18.98
Global_Freight,Dubai Logistics Hub,Delhi Air Cargo,air,stormy,0.2121,6.68
Last_Mile,Regional Hub,Local Terminal,road,Clear,0.1213,5.26
Global_Freight,Atlanta Air Hub,Delhi Air Cargo,air,Clear,0.08,5.44
Global_Freight,New York Port,Rotterdam Port,sea,Clear,0.2328,47.57
Last_Mile,Houston Port,St. Louis Hub,rail,stormy,0.0,1.66
Last_Mile,Regional Hub,Local Terminal,road,rainy,0.0263,3.11
Global_Freight,Shanghai Port,Suez Canal,sea,rainy,0.0,2.52
Last_Mile,Chicago Rail Hub,Dallas Corridor,rail,rainy,0.1964,38.96
Global_Freight,Mumbai Port,New York Port,sea,rainy,0.2961,41.31
Last_Mile,Regional Hub,Local Terminal,road,rainy,0.115,3.98
Last_Mile,Houston Port,Dallas Corridor,rail,Clear,0.2697,11.01
Last_Mile,Regional Hub,Local Terminal,road,rainy,0.0868,2.58
Global_Freight,Mumbai Port,Shanghai Port,sea,stormy,0.1912,53.96
Global_Freight,Atlanta Air Hub,Dubai Logistics Hub,air,rainy,0.1365,10.8
Last_Mile,Houston Port,Dallas Corridor,rail,Clear,0.2722,26.22
Last_Mile,Houston Port,Chicago Rail Hub,rail,Clear,0.1657,20.02
Global_Freight,Delhi Air Cargo,Atlanta Air Hub,air,rainy,0.1259,2.28
Last_Mile,Regional Hub,Local Terminal,road,Clear,0.1861,1.84
Last_Mile,Regional Hub,Local Terminal,road,Clear,0.0,1.55
Last_Mile,Regional Hub,Local Terminal,road,Clear,0.0515,2.96
Last_Mile,Dallas Corridor,St. Louis Hub,rail,stormy,0.3121,39.95
Global_Freight,Seattle Port,New York Port,sea,Clear,0.1053,46.08
Last_Mile,St. Louis Hub,Chicago Rail Hub,rail,rainy,0.1345,5.12
Global_Freight,New York Port,Seattle Port,sea,rainy,0.2343,25.03
Last_Mile,Regional Hub,Local Terminal,road,Clear,0.095,3.17
Last_Mile,Regional Hub,Local Terminal,road,rainy,0.0371,4.7
Global_Freight,Rotterdam Port,Shanghai Port,sea,rainy,0.0923,42.05
Global_Freight,Shanghai Port,Rotterdam Port,sea,rainy,0.1129,16.58
Last_Mile,St. Louis Hub,Chicago Rail Hub,rail,stormy,0.0925,10.39
Global_Freight,Dubai Logistics Hub,Atlanta Air Hub,air,stormy,0.1321,2.69
Last_Mile,Regional Hub,Local Terminal,road,stormy,0.0,1.46
Last_Mile,Regional Hub,Local Terminal,road,stormy,0.0,2.25
Last_Mile,Houston Port,Chicago Rail Hub,rail,stormy,0.3359,39.19
Global_Freight,Dubai Logistics Hub,Atlanta Air Hub,air,stormy,0.0139,4.65
Global_Freight,Dubai Logistics Hub,Atlanta Air Hub,air,rainy,0.2437,6.2
Last_Mile,Regional Hub,Local Terminal,road,rainy,0.1842,6.15
Global_Freight,Shanghai Port,Rotterdam Port,sea,Clear,0.3657,28.44
Global_Freight,Shanghai Port,Los Angeles Port,sea,Clear,0.0707,25.01
Last_Mile,Regional Hub,Local Terminal,road,Clear,0.0,2.66
Global_Freight,Dubai Logistics Hub,Delhi Air Cargo,air,rainy,0.0517,1.31
Last_Mile,Regional Hub,Local Terminal,road,rainy,0.174,5.07
Last_Mile,Chicago Rail Hub,St. Louis Hub,rail,Clear,0.0711,24.94
Last_Mile,Chicago Rail Hub,Houston Port,rail,stormy,0.4117,31.36
Last_Mile,Chicago Rail Hub,St. Louis Hub,rail,stormy,0.2716,25.65
Last_Mile,Regional Hub,Local Terminal,road,rainy,0.236,6.38
Last_Mile,Houston Port,Chicago Rail Hub,rail,rainy,0.2453,21.15
Global_Freight,Rotterdam Port,Singapore Port,sea,stormy,0.0,5.77
Last_Mile,Regional Hub,Local Terminal,road,Clear,0.329,7.3
Last_Mile,Houston Port,Chicago Rail Hub,rail,stormy,0.1471,22.55
Global_Freight,Atlanta Air Hub,Dubai Logistics Hub,air,stormy,0.3267,24.38
Last_Mile,Regional Hub,Local Terminal,road,stormy,0.0,1.41
Global_Freight,Atlanta Air Hub,Delhi Air Cargo,air,stormy,0.187,13.55
Last_Mile,Regional Hub,Local Terminal,road,stormy,0.1682,5.3
Global_Freight,Seattle Port,Shanghai Port,sea,Clear,0.2168,5.08
Last_Mile,St. Louis Hub,Chicago Rail Hub,rail,stormy,0.0379,8.62
Global_Freight,Atlanta Air Hub,Dubai Logistics Hub,air,Clear,0.0,5.36
Global_Freight,Atlanta Air Hub,Dubai Logistics Hub,air,rainy,0.1828,5.19
Last_Mile,Regional Hub,Local Terminal,road,Clear,0.2647,9.76
Global_Freight,Mumbai Port,Suez Canal,sea,stormy,0.3956,80.68
Global_Freight,Delhi Air Cargo,Atlanta Air Hub,air,stormy,0.1652,16.73
Last_Mile,Chicago Rail Hub,St. Louis Hub,rail,stormy,0.1166,20.51
Last_Mile,St. Louis Hub,Dallas Corridor,rail,stormy,0.4064,37.38
Last_Mile,Dallas Corridor,Houston Port,rail,Clear,0.1714,18.85
Last_Mile,St. Louis Hub,Houston Port,rail,stormy,0.1127,8.89
Last_Mile,Regional Hub,Local Terminal,road,Clear,0.0919,1.31
Last_Mile,Houston Port,Chicago Rail Hub,rail,stormy,0.1326,15.3
Global_Freight,Delhi Air Cargo,Atlanta Air Hub,air,Clear,0.1944,26.71
Global_Freight,Dubai Logistics Hub,Delhi Air Cargo,air,stormy,0.2011,6.23
Last_Mile,Regional Hub,Local Terminal,road,Clear,0.1292,1.76
Last_Mile,Chicago Rail Hub,St. Louis Hub,rail,stormy,0.4421,71.45
Last_Mile,Chicago Rail Hub,Houston Port,rail,stormy,0.1938,20.41
Last_Mile,St. Louis Hub,Chicago Rail Hub,rail,stormy,0.6076,50.28
Global_Freight,Atlanta Air Hub,Dubai Logistics Hub,air,Clear,0.0055,5.5
Last_Mile,Regional Hub,Local Terminal,road,rainy,0.0,2.48
Global_Freight,Atlanta Air Hub,Dubai Logistics Hub,air,stormy,0.3227,15.6
Global_Freight,Shanghai Port,Seattle Port,sea,rainy,0.1056,3.61
Global_Freight,Delhi Air Cargo,Dubai Logistics Hub,air,stormy,0.1206,11.0
Last_Mile,St. Louis Hub,Houston Port,rail,stormy,0.0934,16.83
Global_Freight,Seattle Port,Rotterdam Port,sea,rainy,0.0906,23.74
Global_Freight,Atlanta Air Hub,Delhi Air Cargo,air,rainy,0.0,1.6
Last_Mile,Regional Hub,Local Terminal,road,rainy,0.1185,3.24
Last_Mile,Dallas Corridor,Houston Port,rail,stormy,0.2557,29.19
Last_Mile,St. Louis Hub,Houston Port,rail,stormy,0.3515,29.76
Global_Freight,Suez Canal,Shanghai Port,sea,stormy,0.0877,18.82
Global_Freight,Atlanta Air Hub,Dubai Logistics Hub,air,rainy,0.0,3.5
Last_Mile,Dallas Corridor,Houston Port,rail,stormy,0.1409,25.63
Last_Mile,St. Louis Hub,Chicago Rail Hub,rail,stormy,0.1773,14.29
Last_Mile,Regional Hub,Local Terminal,road,stormy,0.0645,7.17
Last_Mile,Chicago Rail Hub,Houston Port,rail,rainy,0.1805,15.99
Global_Freight,Rotterdam Port,Seattle Port,sea,stormy,0.1519,3.69
Last_Mile,Houston Port,Dallas Corridor,rail,rainy,0.2606,28.85
Global_Freight,Dubai Logistics Hub,Delhi Air Cargo,air,Clear,0.1901,11.93
Global_Freight,Rotterdam Port,Singapore Port,sea,stormy,0.1474,14.69
Last_Mile,St. Louis Hub,Dallas Corridor,rail,stormy,0.0641,11.87
Global_Freight,Atlanta Air Hub,Delhi Air Cargo,air,Clear,0.1263,15.46
Global_Freight,Los Angeles Port,New York Port,sea,rainy,0.9,246.88
Last_Mile,Chicago Rail Hub,St. Louis Hub,rail,stormy,0.0,10.42
Last_Mile,Regional Hub,Local Terminal,road,Clear,0.102,8.23
Last_Mile,Regional Hub,Local Terminal,road,rainy,0.2276,1.84
Last_Mile,Dallas Corridor,Houston Port,rail,rainy,0.2847,21.24
Global_Freight,Delhi Air Cargo,Dubai Logistics Hub,air,rainy,0.0,5.0
Last_Mile,Regional Hub,Local Terminal,road,Clear,0.2824,5.69
Last_Mile,Regional Hub,Local Terminal,road,Clear,0.1463,3.12
Global_Freight,Delhi Air Cargo,Dubai Logistics Hub,air,stormy,0.1474,21.74
Last_Mile,Regional Hub,Local Terminal,road,stormy,0.1615,3.24
Last_Mile,Houston Port,St. Louis Hub,rail,stormy,0.0409,10.88
Last_Mile,Chicago Rail Hub,St. Louis Hub,rail,rainy,0.2155,18.34
Last_Mile,Regional Hub,Local Terminal,road,stormy,0.0,1.59
Global_Freight,Atlanta Air Hub,Dubai Logistics Hub,air,Clear,0.1245,12.17
Global_Freight,Mumbai Port,Shanghai Port,sea,Clear,0.3338,82.63
Last_Mile,Regional Hub,Local Terminal,road,Clear,0.0965,6.57
Last_Mile,Regional Hub,Local Terminal,road,stormy,0.1274,1.81
Global_Freight,Suez Canal,New York Port,sea,stormy,0.0,13.59
Global_Freight,Shanghai Port,Rotterdam Port,sea,rainy,0.3183,50.03
Last_Mile,Dallas Corridor,Chicago Rail Hub,rail,Clear,0.6589,76.23
Last_Mile,St. Louis Hub,Dallas Corridor,rail,Clear,0.3691,27.52
Global_Freight,Shanghai Port,Mumbai Port,sea,Clear,0.028,38.11
Global_Freight,Los Angeles Port,Seattle Port,sea,rainy,0.1705,61.55
Last_Mile,Regional Hub,Local Terminal,road,stormy,0.0,0.96
Global_Freight,Dubai Logistics Hub,Atlanta Air Hub,air,stormy,0.0,1.85
Global_Freight,New York Port,Seattle Port,sea,Clear,0.3999,64.36
Global_Freight,Delhi Air Cargo,Atlanta Air Hub,air,Clear,0.0,3.28
Last_Mile,Regional Hub,Local Terminal,road,rainy,0.1194,2.75
Last_Mile,Houston Port,Dallas Corridor,rail,stormy,0.3672,56.35
Last_Mile,Regional Hub,Local Terminal,road,Clear,0.0412,1.68
Last_Mile,Regional Hub,Local Terminal,road,Clear,0.0,0.47
Global_Freight,Mumbai Port,Seattle Port,sea,Clear,0.077,26.55
Last_Mile,Dallas Corridor,St. Louis Hub,rail,Clear,0.1839,12.39
Global_Freight,Mumbai Port,New York Port,sea,Clear,0.704,242.04
Last_Mile,Regional Hub,Local Terminal,road,stormy,0.02,3.86
Global_Freight,Singapore Port,Shanghai Port,sea,stormy,0.2706,52.93
Global_Freight,Atlanta Air Hub,Delhi Air Cargo,air,rainy,0.0,2.83
Global_Freight,Singapore Port,Rotterdam Port,sea,Clear,0.8715,106.51
Last_Mile,St. Louis Hub,Chicago Rail Hub,rail,stormy,0.197,33.03
Global_Freight,Dubai Logistics Hub,Delhi Air Cargo,air,rainy,0.1365,2.24
Global_Freight,Dubai Logistics Hub,Delhi Air Cargo,air,rainy,0.0,4.86
Global_Freight,Delhi Air Cargo,Atlanta Air Hub,air,Clear,0.1233,10.28
Last_Mile,Regional Hub,Local Terminal,road,stormy,0.0,1.54
Global_Freight,Mumbai Port,Suez Canal,sea,Clear,0.0539,56.56
Last_Mile,Regional Hub,Local Terminal,road,stormy,0.21,6.85
Global_Freight,Suez Canal,Shanghai Port,sea,Clear,0.065,24.59
Last_Mile,Regional Hub,Local Terminal,road,rainy,0.2777,3.45
Global_Freight,Atlanta Air Hub,Delhi Air Cargo,air,Clear,0.1871,6.48
Last_Mile,Regional Hub,Local Terminal,road,Clear,0.0,1.06
Last_Mile,Regional Hub,Local Terminal,road,rainy,0.1031,7.67
Last_Mile,Regional Hub,Local Terminal,road,Clear,0.1444,3.9
Global_Freight,Seattle Port,Singapore Port,sea,stormy,0.369,58.79
Global_Freight,Seattle Port,Shanghai Port,sea,rainy,0.0816,16.99
Global_Freight,Delhi Air Cargo,Atlanta Air Hub,air,stormy,0.2329,7.1
Global_Freight,Shanghai Port,Singapore Port,sea,rainy,0.1277,35.33
Global_Freight,Atlanta Air Hub,Delhi Air Cargo,air,Clear,0.3199,22.87
Last_Mile,Houston Port,Dallas Corridor,rail,rainy,0.076,11.08
Global_Freight,Dubai Logistics Hub,Atlanta Air Hub,air,rainy,0.2255,2.11
Last_Mile,Regional Hub,Local Terminal,road,rainy,0.2654,9.72
Global_Freight,Mumbai Port,New York Port,sea,Clear,0.476,103.63
Last_Mile,Houston Port,Chicago Rail Hub,rail,stormy,0.0,5.05
Last_Mile,Regional Hub,Local Terminal,road,Clear,0.1082,3.58
Last_Mile,Regional Hub,Local Terminal,road,rainy,0.0036,1.39
Last_Mile,Regional Hub,Local Terminal,road,stormy,0.0,1.17
Global_Freight,Delhi Air Cargo,Atlanta Air Hub,air,stormy,0.0188,8.53
Global_Freight,Delhi Air Cargo,Atlanta Air Hub,air,stormy,0.3836,32.53
Last_Mile,Houston Port,Chicago Rail Hub,rail,rainy,0.1864,38.86
Global_Freight,Singapore Port,Los Angeles Port,sea,Clear,0.0495,3.42
Global_Freight,Singapore Port,Mumbai Port,sea,Clear,0.0,3.29
Last_Mile,Regional Hub,Local Terminal,road,rainy,0.2988,8.78
Last_Mile,Regional Hub,Local Terminal,road,rainy,0.0,1.11
Last_Mile,Chicago Rail Hub,Dallas Corridor,rail,Clear,0.072,7.22
Last_Mile,Regional Hub,Local Terminal,road,Clear,0.0003,5.87
Last_Mile,St. Louis Hub,Dallas Corridor,rail,stormy,0.0264,15.37
Last_Mile,Regional Hub,Local Terminal,road,Clear,0.3471,3.4
Last_Mile,Houston Port,St. Louis Hub,rail,rainy,0.293,43.64
Global_Freight,Seattle Port,Singapore Port,sea,Clear,0.1405,24.41
Global_Freight,Dubai Logistics Hub,Atlanta Air Hub,air,Clear,0.1285,4.79
Global_Freight,Mumbai Port,New York Port,sea,rainy,0.287,49.32
Last_Mile,Dallas Corridor,Chicago Rail Hub,rail,Clear,0.2253,16.17
Global_Freight,Delhi Air Cargo,Dubai Logistics Hub,air,rainy,0.2368,6.46
Global_Freight,Dubai Logistics Hub,Delhi Air Cargo,air,rainy,0.3885,17.75
Global_Freight,Delhi Air Cargo,Atlanta Air Hub,air,rainy,0.091,14.38
Global_Freight,Dubai Logistics Hub,Delhi Air Cargo,air,rainy,0.0,4.62
Last_Mile,Regional Hub,Local Terminal,road,rainy,0.0,0.71
Last_Mile,St. Louis Hub,Houston Port,rail,stormy,0.0,7.85
Last_Mile,Houston Port,Dallas Corridor,rail,Clear,0.2434,39.07
Last_Mile,Regional Hub,Local Terminal,road,Clear,0.1342,2.42
Global_Freight,Delhi Air Cargo,Dubai Logistics Hub,air,rainy,0.3287,32.56
Last_Mile,Dallas Corridor,Chicago Rail Hub,rail,rainy,0.3017,30.97
Last_Mile,Regional Hub,Local Terminal,road,stormy,0.0802,1.62
Last_Mile,St. Louis Hub,Chicago Rail Hub,rail,rainy,0.2382,11.75
Global_Freight,Shanghai Port,Rotterdam Port,sea,Clear,0.1745,9.56
Last_Mile,Regional Hub,Local Terminal,road,rainy,0.0694,1.06
Last_Mile,Regional Hub,Local Terminal,road,Clear,0.0568,1.12
Last_Mile,Houston Port,St. Louis Hub,rail,stormy,0.1385,23.16
Global_Freight,Dubai Logistics Hub,Atlanta Air Hub,air,rainy,0.2512,9.49
Global_Freight,Singapore Port,New York Port,sea,Clear,0.1158,21.46
Last_Mile,St. Louis Hub,Dallas Corridor,rail,stormy,0.0749,3.46
Global_Freight,New York Port,Los Angeles Port,sea,rainy,0.2393,50.7
Last_Mile,Houston Port,St. Louis Hub,rail,Clear,0.0559,20.02
Last_Mile,Chicago Rail Hub,Dallas Corridor,rail,rainy,0.0,16.44
Last_Mile,Houston Port,St. Louis Hub,rail,Clear,0.0186,11.12
Last_Mile,Dallas Corridor,Chicago Rail Hub,rail,rainy,0.4055,41.61
Last_Mile,Regional Hub,Local Terminal,road,stormy,0.031,2.86
Last_Mile,Regional Hub,Local Terminal,road,rainy,0.0,3.69
Last_Mile,Houston Port,Dallas Corridor,rail,Clear,0.2592,29.91
Last_Mile,Regional Hub,Local Terminal,road,Clear,0.132,2.34
Last_Mile,Dallas Corridor,St. Louis Hub,rail,stormy,0.2281,29.57
Last_Mile,Regional Hub,Local Terminal,road,stormy,0.2155,4.35
Last_Mile,Dallas Corridor,St. Louis Hub,rail,stormy,0.0683,18.42
Last_Mile,Houston Port,Chicago Rail Hub,rail,Clear,0.6749,105.43
Global_Freight,Los Angeles Port,Rotterdam Port,sea,Clear,0.1536,85.1
Last_Mile,Regional Hub,Local Terminal,road,Clear,0.0115,5.95
Global_Freight,Singapore Port,Los Angeles Port,sea,stormy,0.1199,6.74
Last_Mile,Regional Hub,Local Terminal,road,rainy,0.4308,8.48
Global_Freight,Delhi Air Cargo,Dubai Logistics Hub,air,rainy,0.1658,17.05
Last_Mile,Regional Hub,Local Terminal,road,rainy,0.211,2.55
Last_Mile,Houston Port,Dallas Corridor,rail,stormy,0.0,26.22
Last_Mile,St. Louis Hub,Houston Port,rail,rainy,0.2643,21.72
Last_Mile,Regional Hub,Local Terminal,road,stormy,0.0,2.29
Global_Freight,Shanghai Port,Mumbai Port,sea,Clear,0.147,16.83
Last_Mile,Regional Hub,Local Terminal,road,rainy,0.1869,7.56
Global_Freight,Los Angeles Port,Singapore Port,sea,stormy,0.0824,39.64
Last_Mile,Houston Port,Dallas Corridor,rail,Clear,0.1757,22.59
Last_Mile,Regional Hub,Local Terminal,road,stormy,0.1946,9.4
Global_Freight,Atlanta Air Hub,Delhi Air Cargo,air,rainy,0.0,5.01
Last_Mile,Regional Hub,Local Terminal,road,Clear,0.2753,2.94
Global_Freight,Mumbai Port,New York Port,sea,Clear,0.1628,16.57
Last_Mile,Regional Hub,Local Terminal,road,Clear,0.2087,7.74
Last_Mile,Dallas Corridor,Chicago Rail Hub,rail,rainy,0.0,12.7
Global_Freight,Delhi Air Cargo,Atlanta Air Hub,air,rainy,0.2562,23.63
Last_Mile,Regional Hub,Local Terminal,road,stormy,0.1961,1.14
Last_Mile,St. Louis Hub,Houston Port,rail,rainy,0.6438,64.36
Last_Mile,Houston Port,Dallas Corridor,rail,rainy,0.4417,39.63
Last_Mile,Regional Hub,Local Terminal,road,rainy,0.4061,10.94
Last_Mile,Regional Hub,Local Terminal,road,rainy,0.2177,5.73
Global_Freight,Shanghai Port,New York Port,sea,rainy,0.0,9.69
Global_Freight,Atlanta Air Hub,Delhi Air Cargo,air,stormy,0.0,5.59
Global_Freight,Rotterdam Port,New York Port,sea,Clear,0.0,4.88
Global_Freight,Atlanta Air Hub,Dubai Logistics Hub,air,rainy,0.2707,16.22
Last_Mile,Chicago Rail Hub,Dallas Corridor,rail,stormy,0.6547,84.88
Last_Mile,St. Louis Hub,Houston Port,rail,Clear,0.146,23.93
Global_Freight,Dubai Logistics Hub,Atlanta Air Hub,air,rainy,0.2494,9.04
Global_Freight,Dubai Logistics Hub,Delhi Air Cargo,air,rainy,0.4115,7.24
Global_Freight,Atlanta Air Hub,Delhi Air Cargo,air,rainy,0.0053,3.57
Last_Mile,Houston Port,Dallas Corridor,rail,rainy,0.1404,26.18
Global_Freight,Delhi Air Cargo,Dubai Logistics Hub,air,Clear,0.0409,8.68
Global_Freight,Suez Canal,New York Port,sea,rainy,0.0341,13.51
Global_Freight,Seattle Port,New York Port,sea,rainy,0.2638,28.75
Last_Mile,St. Louis Hub,Chicago Rail Hub,rail,rainy,0.0,9.29
Global_Freight,Delhi Air Cargo,Dubai Logistics Hub,air,stormy,0.0,3.24
Last_Mile,Regional Hub,Local Terminal,road,rainy,0.0,2.73
Global_Freight,Dubai Logistics Hub,Atlanta Air Hub,air,Clear,0.2009,7.01
Last_Mile,Regional Hub,Local Terminal,road,Clear,0.0676,4.93
Global_Freight,Los Angeles Port,New York Port,sea,stormy,0.1893,42.66
Last_Mile,Regional Hub,Local Terminal,road,rainy,0.0,3.54
Last_Mile,Dallas Corridor,Chicago Rail Hub,rail,rainy,0.4016,25.21
Last_Mile,Houston Port,Dallas Corridor,rail,Clear,0.3193,24.74
Global_Freight,Delhi Air Cargo,Dubai Logistics Hub,air,Clear,0.1374,6.16
Global_Freight,Delhi Air Cargo,Atlanta Air Hub,air,Clear,0.0517,9.15
Last_Mile,Regional Hub,Local Terminal,road,Clear,0.1187,0.19
Last_Mile,Regional Hub,Local Terminal,road,Clear,0.0837,6.76
Last_Mile,Regional Hub,Local Terminal,road,Clear,0.004,2.79
Last_Mile,Chicago Rail Hub,St. Louis Hub,rail,stormy,0.1909,39.18
Last_Mile,Houston Port,Dallas Corridor,rail,rainy,0.5243,81.91
Last_Mile,Regional Hub,Local Terminal,road,stormy,0.0735,2.47
Global_Freight,Shanghai Port,New York Port,sea,stormy,0.0,14.68
Global_Freight,Dubai Logistics Hub,Atlanta Air Hub,air,stormy,0.0781,9.51
Global_Freight,Atlanta Air Hub,Delhi Air Cargo,air,Clear,0.0441,0.3
Global_Freight,Delhi Air Cargo,Atlanta Air Hub,air,stormy,0.0581,4.28
Last_Mile,St. Louis Hub,Chicago Rail Hub,rail,rainy,0.1418,20.51
Last_Mile,St. Louis Hub,Dallas Corridor,rail,rainy,0.2014,25.76
Global_Freight,Singapore Port,Mumbai Port,sea,stormy,0.1889,23.35
Global_Freight,Atlanta Air Hub,Dubai Logistics Hub,air,stormy,0.0287,10.57
Last_Mile,Regional Hub,Local Terminal,road,Clear,0.1909,7.82
Global_Freight,Delhi Air Cargo,Atlanta Air Hub,air,rainy,0.2364,20.97
Global_Freight,Atlanta Air Hub,Delhi Air Cargo,air,Clear,0.1849,6.24
Last_Mile,Houston Port,St. Louis Hub,rail,rainy,0.0443,8.78
Last_Mile,Houston Port,Dallas Corridor,rail,Clear,0.0131,31.91
Global_Freight,Dubai Logistics Hub,Delhi Air Cargo,air,Clear,0.1576,13.74
Last_Mile,St. Louis Hub,Houston Port,rail,stormy,0.1748,15.1
Global_Freight,Dubai Logistics Hub,Atlanta Air Hub,air,rainy,0.208,3.31
Global_Freight,Suez Canal,Rotterdam Port,sea,rainy,0.1201,13.55
Last_Mile,Regional Hub,Local Terminal,road,rainy,0.1427,7.36
Last_Mile,Dallas Corridor,Houston Port,rail,Clear,0.415,23.59
Global_Freight,Mumbai Port,Suez Canal,sea,rainy,0.1061,53.01
Global_Freight,Singapore Port,Rotterdam Port,sea,Clear,0.0187,24.73
Last_Mile,Regional Hub,Local Terminal,road,Clear,0.0603,1.85
Last_Mile,Houston Port,Dallas Corridor,rail,rainy,0.5585,77.42
Last_Mile,St. Louis Hub,Dallas Corridor,rail,rainy,0.3272,31.56
Last_Mile,St. Louis Hub,Houston Port,rail,Clear,0.0365,17.36
Last_Mile,Regional Hub,Local Terminal,road,stormy,0.2833,4.11
Global_Freight,Suez Canal,Mumbai Port,sea,stormy,0.0,12.07
Last_Mile,Regional Hub,Local Terminal,road,stormy,0.1644,7.03
Last_Mile,Regional Hub,Local Terminal,road,Clear,0.0861,3.16
Global_Freight,Seattle Port,Suez Canal,sea,stormy,0.1343,12.43
Last_Mile,Regional Hub,Local Terminal,road,Clear,0.0562,2.17
Last_Mile,St. Louis Hub,Chicago Rail Hub,rail,Clear,0.8545,80.18
Global_Freight,Dubai Logistics Hub,Delhi Air Cargo,air,Clear,0.2165,7.37
Global_Freight,Shanghai Port,Los Angeles Port,sea,Clear,0.2155,55.75
Last_Mile,Regional Hub,Local Terminal,road,rainy,0.2719,5.79
Last_Mile,Chicago Rail Hub,St. Louis Hub,rail,rainy,0.3149,31.1
Last_Mile,Regional Hub,Local Terminal,road,stormy,0.1548,7.13
Global_Freight,Rotterdam Port,Suez Canal,sea,stormy,0.0791,10.26
Last_Mile,Regional Hub,Local Terminal,road,Clear,0.0803,3.17
Global_Freight,Mumbai Port,Singapore Port,sea,stormy,0.0932,47.8
Global_Freight,Delhi Air Cargo,Atlanta Air Hub,air,rainy,0.2568,13.78
Global_Freight,Atlanta Air Hub,Delhi Air Cargo,air,stormy,0.1705,20.1
Global_Freight,Atlanta Air Hub,Dubai Logistics Hub,air,Clear,0.2494,11.87
Global_Freight,Dubai Logistics Hub,Delhi Air Cargo,air,Clear,0.2057,4.61
Global_Freight,Delhi Air Cargo,Dubai Logistics Hub,air,stormy,0.0,2.37
Last_Mile,Regional Hub,Local Terminal,road,stormy,0.1822,5.13
Last_Mile,Chicago Rail Hub,Dallas Corridor,rail,Clear,0.1393,9.2
Global_Freight,Atlanta Air Hub,Delhi Air Cargo,air,Clear,0.2,9.07
Global_Freight,Rotterdam Port,Seattle Port,sea,stormy,0.0767,7.75
Global_Freight,Singapore Port,Shanghai Port,sea,stormy,0.261,28.16
Last_Mile,St. Louis Hub,Dallas Corridor,rail,Clear,0.0364,2.57
Global_Freight,Dubai Logistics Hub,Atlanta Air Hub,air,Clear,0.0,0.94
Global_Freight,Dubai Logistics Hub,Delhi Air Cargo,air,Clear,0.0044,1.92
Last_Mile,Regional Hub,Local Terminal,road,Clear,0.0,4.4
Global_Freight,Atlanta Air Hub,Dubai Logistics Hub,air,Clear,0.3257,21.15
Last_Mile,Regional Hub,Local Terminal,road,stormy,0.0,1.72
Global_Freight,Rotterdam Port,Los Angeles Port,sea,stormy,0.1727,18.07
Global_Freight,Dubai Logistics Hub,Delhi Air Cargo,air,Clear,0.492,17.85
Last_Mile,Regional Hub,Local Terminal,road,Clear,0.06,5.42
Global_Freight,Seattle Port,Shanghai Port,sea,stormy,0.0,25.85
Last_Mile,Regional Hub,Local Terminal,road,rainy,0.0,0.19
Global_Freight,New York Port,Suez Canal,sea,stormy,0.1517,44.21
Last_Mile,Chicago Rail Hub,Dallas Corridor,rail,stormy,0.0448,12.32
Global_Freight,Shanghai Port,Los Angeles Port,sea,stormy,0.2309,33.73
Last_Mile,Regional Hub,Local Terminal,road,rainy,0.0,1.36
Last_Mile,Regional Hub,Local Terminal,road,rainy,0.0737,4.71
Last_Mile,Regional Hub,Local Terminal,road,stormy,0.1341,3.35
Last_Mile,St. Louis Hub,Chicago Rail Hub,rail,rainy,0.0487,9.94
Last_Mile,St. Louis Hub,Houston Port,rail,stormy,0.3501,27.92
Last_Mile,Regional Hub,Local Terminal,road,rainy,0.2318,3.94
Last_Mile,Dallas Corridor,St. Louis Hub,rail,rainy,0.2064,29.93
Global_Freight,Dubai Logistics Hub,Atlanta Air Hub,air,rainy,0.2864,10.4
Last_Mile,Houston Port,St. Louis Hub,rail,Clear,0.2776,52.08
Last_Mile,Houston Port,St. Louis Hub,rail,stormy,0.1715,29.12
Last_Mile,Regional Hub,Local Terminal,road,Clear,0.2576,9.08
Last_Mile,St. Louis Hub,Dallas Corridor,rail,stormy,0.6077,51.21
Last_Mile,Houston Port,Dallas Corridor,rail,Clear,0.0,3.88
Last_Mile,Dallas Corridor,Chicago Rail Hub,rail,Clear,0.5025,58.8
Global_Freight,Singapore Port,Suez Canal,sea,stormy,0.2516,26.9
Global_Freight,Singapore Port,Seattle Port,sea,Clear,0.2565,40.17
Last_Mile,Chicago Rail Hub,Houston Port,rail,rainy,0.3928,34.4
Global_Freight,New York Port,Rotterdam Port,sea,stormy,0.2618,27.04
Global_Freight,Dubai Logistics Hub,Delhi Air Cargo,air,stormy,0.0,1.61
Last_Mile,Regional Hub,Local Terminal,road,rainy,0.2364,6.68
Last_Mile,Dallas Corridor,Chicago Rail Hub,rail,stormy,0.0858,4.29
Global_Freight,Seattle Port,Singapore Port,sea,rainy,0.0763,25.87
Last_Mile,Regional Hub,Local Terminal,road,stormy,0.1945,3.57
Global_Freight,Shanghai Port,Singapore Port,sea,rainy,0.1514,37.74
Last_Mile,Houston Port,Dallas Corridor,rail,stormy,0.4919,38.71
Last_Mile,St. Louis Hub,Houston Port,rail,rainy,0.4806,55.16
Global_Freight,Rotterdam Port,Los Angeles Port,sea,rainy,0.0638,3.78
Global_Freight,Atlanta Air Hub,Delhi Air Cargo,air,stormy,0.2673,7.72
Last_Mile,Dallas Corridor,Chicago Rail Hub,rail,Clear,0.284,18.75
Global_Freight,Delhi Air Cargo,Atlanta Air Hub,air,rainy,0.0947,13.92
Global_Freight,Dubai Logistics Hub,Atlanta Air Hub,air,Clear,0.4982,19.27
Global_Freight,Rotterdam Port,Shanghai Port,sea,rainy,0.2038,57.53
Last_Mile,Regional Hub,Local Terminal,road,rainy,0.1849,4.83
Global_Freight,Shanghai Port,Suez Canal,sea,stormy,0.016,10.65
Last_Mile,Regional Hub,Local Terminal,road,rainy,0.2385,7.27
Last_Mile,Chicago Rail Hub,Houston Port,rail,stormy,0.0,4.39
Global_Freight,Delhi Air Cargo,Dubai Logistics Hub,air,Clear,0.1122,16.72
Last_Mile,Regional Hub,Local Terminal,road,rainy,0.0559,2.04
Last_Mile,St. Louis Hub,Chicago Rail Hub,rail,Clear,0.1401,12.24
Last_Mile,Regional Hub,Local Terminal,road,rainy,0.2307,7.11
Global_Freight,Atlanta Air Hub,Delhi Air Cargo,air,Clear,0.2654,12.28
Last_Mile,St. Louis Hub,Houston Port,rail,Clear,0.0693,15.13
Last_Mile,Dallas Corridor,Chicago Rail Hub,rail,Clear,0.3269,19.79
Global_Freight,Atlanta Air Hub,Dubai Logistics Hub,air,stormy,0.0,1.47
Last_Mile,Chicago Rail Hub,Houston Port,rail,stormy,0.3907,36.52
Last_Mile,Regional Hub,Local Terminal,road,stormy,0.038,2.02
Last_Mile,Regional Hub,Local Terminal,road,rainy,0.0448,1.79
Global_Freight,Mumbai Port,Singapore Port,sea,Clear,0.1761,34.04
Last_Mile,Regional Hub,Local Terminal,road,rainy,0.5118,17.31
Global_Freight,Dubai Logistics Hub,Delhi Air Cargo,air,Clear,0.0158,2.32
Global_Freight,Delhi Air Cargo,Atlanta Air Hub,air,Clear,0.138,5.9
Last_Mile,Houston Port,Dallas Corridor,rail,stormy,0.2249,39.92
Global_Freight,Rotterdam Port,Seattle Port,sea,rainy,0.0688,32.17
Last_Mile,Regional Hub,Local Terminal,road,rainy,0.1747,2.78
Last_Mile,Regional Hub,Local Terminal,road,Clear,0.2426,14.07
Global_Freight,Seattle Port,Mumbai Port,sea,rainy,0.2152,20.92
Last_Mile,Chicago Rail Hub,Houston Port,rail,rainy,0.2337,13.97
Last_Mile,Regional Hub,Local Terminal,road,Clear,0.0473,2.48
Last_Mile,Regional Hub,Local Terminal,road,rainy,0.2345,4.2
Last_Mile,Chicago Rail Hub,Dallas Corridor,rail,stormy,0.5786,82.82
Last_Mile,Regional Hub,Local Terminal,road,stormy,0.13,2.41
Last_Mile,Regional Hub,Local Terminal,road,Clear,0.0255,1.92
Last_Mile,Regional Hub,Local Terminal,road,rainy,0.0,0.67
Global_Freight,Rotterdam Port,Singapore Port,sea,rainy,0.1477,30.76
Global_Freight,Delhi Air Cargo,Dubai Logistics Hub,air,Clear,0.1347,11.42
Global_Freight,Seattle Port,Suez Canal,sea,rainy,0.1892,28.98
Global_Freight,Delhi Air Cargo,Atlanta Air Hub,air,stormy,0.2101,38.98
Last_Mile,Dallas Corridor,Chicago Rail Hub,rail,rainy,0.3587,26.96
Last_Mile,Dallas Corridor,Houston Port,rail,Clear,0.908,96.76
Last_Mile,Regional Hub,Local Terminal,road,rainy,0.0,1.35
Global_Freight,Delhi Air Cargo,Atlanta Air Hub,air,stormy,0.2097,21.08
Last_Mile,Regional Hub,Local Terminal,road,rainy,0.3145,13.94
Global_Freight,Delhi Air Cargo,Dubai Logistics Hub,air,stormy,0.0,9.77
Last_Mile,Chicago Rail Hub,Dallas Corridor,rail,stormy,0.5704,50.19
Last_Mile,Chicago Rail Hub,Dallas Corridor,rail,Clear,0.1392,5.26
Global_Freight,Rotterdam Port,Los Angeles Port,sea,Clear,0.1568,15.49
Global_Freight,Suez Canal,Los Angeles Port,sea,Clear,0.0748,23.65
Last_Mile,Regional Hub,Local Terminal,road,stormy,0.1011,6.45
Global_Freight,Atlanta Air Hub,Dubai Logistics Hub,air,rainy,0.192,20.45
Last_Mile,Chicago Rail Hub,Houston Port,rail,rainy,0.0848,12.67
Last_Mile,Houston Port,Dallas Corridor,rail,rainy,0.1723,26.42
Global_Freight,Delhi Air Cargo,Dubai Logistics Hub,air,Clear,0.0571,14.17
Last_Mile,St. Louis Hub,Dallas Corridor,rail,stormy,0.0211,12.31
Global_Freight,Atlanta Air Hub,Dubai Logistics Hub,air,rainy,0.1911,7.98
Last_Mile,Regional Hub,Local Terminal,road,rainy,0.049,1.72
Global_Freight,Seattle Port,Singapore Port,sea,rainy,0.0876,4.84
Global_Freight,Shanghai Port,New York Port,sea,Clear,0.05,6.51
Global_Freight,Atlanta Air Hub,Delhi Air Cargo,air,rainy,0.2472,19.58
Last_Mile,Regional Hub,Local Terminal,road,rainy,0.1958,1.84
Global_Freight,Shanghai Port,Seattle Port,sea,stormy,0.0833,35.63
Global_Freight,Dubai Logistics Hub,Delhi Air Cargo,air,stormy,0.132,15.99
Last_Mile,St. Louis Hub,Dallas Corridor,rail,Clear,0.0443,8.48
Global_Freight,Dubai Logistics Hub,Delhi Air Cargo,air,stormy,0.1511,2.04
Global_Freight,Dubai Logistics Hub,Delhi Air Cargo,air,stormy,0.0976,5.29
Global_Freight,Singapore Port,Mumbai Port,sea,Clear,0.2609,24.47
Last_Mile,Houston Port,Chicago Rail Hub,rail,rainy,0.3053,39.81
Global_Freight,Atlanta Air Hub,Dubai Logistics Hub,air,rainy,0.0133,5.78
Last_Mile,Regional Hub,Local Terminal,road,rainy,0.0,2.92
Last_Mile,Houston Port,Chicago Rail Hub,rail,stormy,0.1257,15.53
Last_Mile,Regional Hub,Local Terminal,road,stormy,0.0453,6.9
Last_Mile,Houston Port,St. Louis Hub,rail,stormy,0.0872,6.29
Last_Mile,Regional Hub,Local Terminal,road,Clear,0.1144,4.73
Last_Mile,Regional Hub,Local Terminal,road,Clear,0.0,1.76
Last_Mile,Dallas Corridor,Houston Port,rail,Clear,0.2541,9.57
Global_Freight,Rotterdam Port,New York Port,sea,Clear,0.1312,18.29
Global_Freight,Delhi Air Cargo,Atlanta Air Hub,air,stormy,0.0,5.09
Last_Mile,Regional Hub,Local Terminal,road,Clear,0.0,2.59
Global_Freight,Delhi Air Cargo,Atlanta Air Hub,air,stormy,0.0,14.26
Global_Freight,Shanghai Port,Mumbai Port,sea,Clear,0.1836,11.6
Last_Mile,Dallas Corridor,St. Louis Hub,rail,rainy,0.1921,37.87
Global_Freight,Atlanta Air Hub,Delhi Air Cargo,air,stormy,0.2023,14.92
Last_Mile,St. Louis Hub,Houston Port,rail,Clear,0.3719,28.87
Global_Freight,Suez Canal,Los Angeles Port,sea,rainy,0.2743,26.18
Global_Freight,Atlanta Air Hub,Delhi Air Cargo,air,Clear,0.0876,4.34
Global_Freight,Dubai Logistics Hub,Atlanta Air Hub,air,Clear,0.2105,5.25
Global_Freight,Dubai Logistics Hub,Atlanta Air Hub,air,rainy,0.0,7.0
Global_Freight,Atlanta Air Hub,Dubai Logistics Hub,air,stormy,0.0262,9.34
Last_Mile,Houston Port,St. Louis Hub,rail,rainy,0.1581,18.74
Last_Mile,St. Louis Hub,Houston Port,rail,Clear,0.4558,32.98
Global_Freight,New York Port,Los Angeles Port,sea,Clear,0.1686,20.33
Last_Mile,Houston Port,Dallas Corridor,rail,Clear,0.0671,12.54
Last_Mile,Regional Hub,Local Terminal,road,stormy,0.1117,4.04
Global_Freight,Seattle Port,Rotterdam Port,sea,stormy,0.0807,17.4
Last_Mile,Regional Hub,Local Terminal,road,rainy,0.1833,3.16
Global_Freight,Los Angeles Port,Mumbai Port,sea,stormy,0.3174,59.77
Last_Mile,Regional Hub,Local Terminal,road,Clear,0.0,1.32
Global_Freight,New York Port,Los Angeles Port,sea,stormy,0.268,93.66
Global_Freight,Mumbai Port,New York Port,sea,Clear,0.2654,56.95
Last_Mile,Chicago Rail Hub,Dallas Corridor,rail,rainy,0.0152,8.13
Last_Mile,Regional Hub,Local Terminal,road,Clear,0.1491,1.81
Global_Freight,Delhi Air Cargo,Atlanta Air Hub,air,rainy,0.2577,35.11
Last_Mile,Houston Port,St. Louis Hub,rail,Clear,0.1955,19.05
Global_Freight,Atlanta Air Hub,Delhi Air Cargo,air,rainy,0.5471,32.84
Global_Freight,Mumbai Port,Singapore Port,sea,rainy,0.2363,51.0
Global_Freight,Delhi Air Cargo,Atlanta Air Hub,air,stormy,0.1466,5.83
Global_Freight,Suez Canal,Seattle Port,sea,Clear,0.0,5.24
Last_Mile,Regional Hub,Local Terminal,road,stormy,0.4482,11.01
Last_Mile,St. Louis Hub,Chicago Rail Hub,rail,Clear,0.3246,45.94
Last_Mile,Regional Hub,Local Terminal,road,stormy,0.0712,4.59
Last_Mile,Dallas Corridor,St. Louis Hub,rail,stormy,0.0694,15.1
Global_Freight,Suez Canal,Seattle Port,sea,Clear,0.1381,4.29
Last_Mile,Dallas Corridor,Houston Port,rail,rainy,0.6244,76.87
Global_Freight,Atlanta Air Hub,Dubai Logistics Hub,air,stormy,0.3413,13.25
Last_Mile,Regional Hub,Local Terminal,road,Clear,0.0444,3.27
Last_Mile,Chicago Rail Hub,Houston Port,rail,rainy,0.0162,13.49
Last_Mile,Regional Hub,Local Terminal,road,stormy,0.1052,1.63
Last_Mile,Regional Hub,Local Terminal,road,stormy,0.2736,5.68
Last_Mile,Chicago Rail Hub,St. Louis Hub,rail,stormy,0.3118,60.06
Last_Mile,Houston Port,St. Louis Hub,rail,stormy,0.3461,57.42
Global_Freight,New York Port,Seattle Port,sea,stormy,0.2883,74.58
Last_Mile,Regional Hub,Local Terminal,road,Clear,0.0,0.31
Global_Freight,Shanghai Port,New York Port,sea,Clear,0.0406,9.14
Global_Freight,Rotterdam Port,Mumbai Port,sea,Clear,0.0,9.33
Global_Freight,Suez Canal,Rotterdam Port,sea,Clear,0.0124,7.98
Global_Freight,Shanghai Port,Mumbai Port,sea,rainy,0.2145,22.15
Last_Mile,Dallas Corridor,Houston Port,rail,stormy,0.372,41.0
Global_Freight,Delhi Air Cargo,Dubai Logistics Hub,air,stormy,0.1892,11.15
Last_Mile,Regional Hub,Local Terminal,road,stormy,0.0256,3.58
Global_Freight,Shanghai Port,Suez Canal,sea,stormy,0.2522,22.32
Last_Mile,Regional Hub,Local Terminal,road,rainy,0.0571,1.14
Last_Mile,Chicago Rail Hub,Dallas Corridor,rail,Clear,0.1647,15.43
Global_Freight,Dubai Logistics Hub,Delhi Air Cargo,air,stormy,0.3288,17.19
Last_Mile,Dallas Corridor,St. Louis Hub,rail,rainy,0.1736,11.91
Last_Mile,Chicago Rail Hub,St. Louis Hub,rail,Clear,0.1061,12.0
Last_Mile,Regional Hub,Local Terminal,road,Clear,0.0,1.69
Last_Mile,Regional Hub,Local Terminal,road,Clear,0.1392,1.72
Global_Freight,Delhi Air Cargo,Dubai Logistics Hub,air,rainy,0.0574,19.58
Last_Mile,Regional Hub,Local Terminal,road,Clear,0.1207,6.14
Last_Mile,Regional Hub,Local Terminal,road,stormy,0.1077,1.03
Global_Freight,Singapore Port,Shanghai Port,sea,Clear,0.0196,17.4
Last_Mile,St. Louis Hub,Dallas Corridor,rail,rainy,0.344,27.93
Global_Freight,Mumbai Port,Los Angeles Port,sea,Clear,0.0,5.68
Global_Freight,Atlanta Air Hub,Delhi Air Cargo,air,stormy,0.0,4.08
Global_Freight,Mumbai Port,Singapore Port,sea,Clear,0.0,43.23
Global_Freight,Atlanta Air Hub,Delhi Air Cargo,air,stormy,0.2718,5.83
Global_Freight,Delhi Air Cargo,Atlanta Air Hub,air,Clear,0.2351,12.94
Global_Freight,Seattle Port,Suez Canal,sea,stormy,0.3745,52.81
Global_Freight,Delhi Air Cargo,Atlanta Air Hub,air,Clear,0.246,13.49
Last_Mile,Regional Hub,Local Terminal,road,Clear,0.0,3.41
Last_Mile,St. Louis Hub,Chicago Rail Hub,rail,stormy,0.3679,30.99
Last_Mile,Dallas Corridor,Houston Port,rail,Clear,0.3518,43.93
Global_Freight,Los Angeles Port,New York Port,sea,stormy,0.0,13.61
Last_Mile,Regional Hub,Local Terminal,road,Clear,0.0688,5.4
Last_Mile,Regional Hub,Local Terminal,road,Clear,0.0,1.1
Global_Freight,Shanghai Port,Suez Canal,sea,stormy,0.2271,44.46
Global_Freight,Los Angeles Port,Shanghai Port,sea,stormy,0.0557,48.48
Global_Freight,Atlanta Air Hub,Dubai Logistics Hub,air,Clear,0.0031,14.26
Global_Freight,Seattle Port,Rotterdam Port,sea,Clear,0.2215,24.25
Last_Mile,Dallas Corridor,Chicago Rail Hub,rail,Clear,0.4495,36.05
Global_Freight,Los Angeles Port,Seattle Port,sea,Clear,0.0142,41.6
Global_Freight,Mumbai Port,Suez Canal,sea,rainy,0.1909,72.15
Global_Freight,Shanghai Port,New York Port,sea,stormy,0.2728,44.61
Last_Mile,Regional Hub,Local Terminal,road,Clear,0.3778,12.91
Last_Mile,Regional Hub,Local Terminal,road,stormy,0.0,2.11
Last_Mile,Regional Hub,Local Terminal,road,rainy,0.1221,5.6
Global_Freight,Atlanta Air Hub,Dubai Logistics Hub,air,Clear,0.0849,5.01
Global_Freight,Suez Canal,Los Angeles Port,sea,Clear,0.0134,9.47
Last_Mile,Regional Hub,Local Terminal,road,Clear,0.275,4.66
Global_Freight,Delhi Air Cargo,Atlanta Air Hub,air,rainy,0.1925,15.02
Global_Freight,Seattle Port,Singapore Port,sea,stormy,0.1815,37.27
Last_Mile,Chicago Rail Hub,Houston Port,rail,stormy,0.4598,44.16
Last_Mile,Dallas Corridor,Chicago Rail Hub,rail,stormy,0.3439,41.21
Global_Freight,Dubai Logistics Hub,Atlanta Air Hub,air,rainy,0.2116,17.24
Global_Freight,Dubai Logistics Hub,Atlanta Air Hub,air,Clear,0.1216,1.39
Last_Mile,Dallas Corridor,St. Louis Hub,rail,Clear,0.3328,28.99
Last_Mile,Regional Hub,Local Terminal,road,Clear,0.0339,3.91
Last_Mile,Dallas Corridor,Chicago Rail Hub,rail,rainy,0.4031,33.99
Global_Freight,Suez Canal,Los Angeles Port,sea,rainy,0.042,3.86
Global_Freight,Suez Canal,Singapore Port,sea,stormy,0.0,2.53
Global_Freight,Delhi Air Cargo,Atlanta Air Hub,air,rainy,0.0854,17.68
Last_Mile,Regional Hub,Local Terminal,road,stormy,0.0,0.5
Global_Freight,Dubai Logistics Hub,Delhi Air Cargo,air,rainy,0.1107,3.44
Last_Mile,Dallas Corridor,Houston Port,rail,Clear,0.1296,12.57
Global_Freight,New York Port,Mumbai Port,sea,Clear,0.184,59.47
Last_Mile,Regional Hub,Local Terminal,road,stormy,0.1413,4.66
Global_Freight,Dubai Logistics Hub,Delhi Air Cargo,air,stormy,0.1502,5.91
Global_Freight,Atlanta Air Hub,Delhi Air Cargo,air,stormy,0.1387,9.31
Last_Mile,Regional Hub,Local Terminal,road,rainy,0.0,1.83
Last_Mile,Dallas Corridor,St. Louis Hub,rail,Clear,0.0034,17.13
Last_Mile,Chicago Rail Hub,Dallas Corridor,rail,stormy,0.3381,40.39
Global_Freight,Dubai Logistics Hub,Delhi Air Cargo,air,Clear,0.1714,5.19
Last_Mile,Regional Hub,Local Terminal,road,rainy,0.0,2.37
Last_Mile,Regional Hub,Local Terminal,road,Clear,0.1204,2.52
Last_Mile,Regional Hub,Local Terminal,road,rainy,0.285,6.25
Global_Freight,Shanghai Port,Mumbai Port,sea,rainy,0.1124,35.65
Last_Mile,Houston Port,Dallas Corridor,rail,Clear,0.4198,41.74
Last_Mile,Regional Hub,Local Terminal,road,Clear,0.2901,11.58
Last_Mile,Regional Hub,Local Terminal,road,Clear,0.1295,2.17
Last_Mile,Regional Hub,Local Terminal,road,stormy,0.0,2.72
Last_Mile,Chicago Rail Hub,St. Louis Hub,rail,rainy,0.1757,12.41
Global_Freight,Dubai Logistics Hub,Delhi Air Cargo,air,rainy,0.0282,4.48
Last_Mile,Regional Hub,Local Terminal,road,stormy,0.0,1.29
Last_Mile,Regional Hub,Local Terminal,road,Clear,0.1888,5.54
Global_Freight,Dubai Logistics Hub,Atlanta Air Hub,air,stormy,0.0328,1.05
Last_Mile,Dallas Corridor,Chicago Rail Hub,rail,stormy,0.2959,37.4
Last_Mile,St. Louis Hub,Chicago Rail Hub,rail,stormy,0.2219,26.41
Last_Mile,St. Louis Hub,Dallas Corridor,rail,rainy,0.0,2.96
Global_Freight,Delhi Air Cargo,Dubai Logistics Hub,air,stormy,0.1059,11.47
Last_Mile,Regional Hub,Local Terminal,road,rainy,0.0419,3.56
Last_Mile,Dallas Corridor,St. Louis Hub,rail,Clear,0.2768,22.47
Last_Mile,Regional Hub,Local Terminal,road,Clear,0.376,11.67
Global_Freight,Suez Canal,New York Port,sea,stormy,0.1946,37.13
Global_Freight,Rotterdam Port,Suez Canal,sea,rainy,0.2193,59.93
Last_Mile,Dallas Corridor,St. Louis Hub,rail,stormy,0.0756,15.68
Global_Freight,Singapore Port,Shanghai Port,sea,rainy,0.1723,36.31
Global_Freight,Dubai Logistics Hub,Atlanta Air Hub,air,Clear,0.3635,9.87
Global_Freight,Singapore Port,Seattle Port,sea,stormy,0.239,32.53
Last_Mile,Regional Hub,Local Terminal,road,Clear,0.0,3.04
Last_Mile,Chicago Rail Hub,Houston Port,rail,stormy,0.2891,22.62
Global_Freight,Atlanta Air Hub,Delhi Air Cargo,air,stormy,0.2082,18.59
Global_Freight,Dubai Logistics Hub,Atlanta Air Hub,air,rainy,0.2529,13.46
Global_Freight,Singapore Port,Los Angeles Port,sea,Clear,0.0033,17.44
Last_Mile,Regional Hub,Local Terminal,road,stormy,0.3147,7.73
Last_Mile,Regional Hub,Local Terminal,road,rainy,0.0687,3.02
Global_Freight,Delhi Air Cargo,Dubai Logistics Hub,air,rainy,0.0,11.95
Last_Mile,Chicago Rail Hub,St. Louis Hub,rail,stormy,0.1916,31.61
Last_Mile,Chicago Rail Hub,Dallas Corridor,rail,stormy,0.0308,18.78
Global_Freight,Shanghai Port,Mumbai Port,sea,stormy,0.1109,58.66
Global_Freight,Seattle Port,Los Angeles Port,sea,Clear,0.2769,78.75
Last_Mile,Houston Port,Chicago Rail Hub,rail,stormy,0.3165,45.46
Last_Mile,St. Louis Hub,Houston Port,rail,rainy,0.0,5.86
Last_Mile,Regional Hub,Local Terminal,road,Clear,0.2734,4.66
Global_Freight,Atlanta Air Hub,Dubai Logistics Hub,air,rainy,0.1382,9.62
Last_Mile,Houston Port,Chicago Rail Hub,rail,rainy,0.3938,17.13
Global_Freight,Atlanta Air Hub,Dubai Logistics Hub,air,rainy,0.4625,28.33
Global_Freight,Shanghai Port,Rotterdam Port,sea,Clear,0.2783,22.4
Last_Mile,St. Louis Hub,Chicago Rail Hub,rail,stormy,0.2823,22.96
Last_Mile,Dallas Corridor,St. Louis Hub,rail,rainy,0.3009,36.53
Last_Mile,Dallas Corridor,Houston Port,rail,Clear,0.3993,31.09
Global_Freight,Atlanta Air Hub,Dubai Logistics Hub,air,Clear,0.0,4.13
Last_Mile,St. Louis Hub,Chicago Rail Hub,rail,Clear,0.4006,28.05
Last_Mile,Regional Hub,Local Terminal,road,stormy,0.1575,4.84
Global_Freight,Dubai Logistics Hub,Delhi Air Cargo,air,stormy,0.2385,9.34
Last_Mile,Regional Hub,Local Terminal,road,stormy,0.0217,1.31
Global_Freight,Shanghai Port,Rotterdam Port,sea,stormy,0.1284,12.72
Global_Freight,Rotterdam Port,Seattle Port,sea,stormy,0.0701,22.35
Global_Freight,Dubai Logistics Hub,Atlanta Air Hub,air,Clear,0.0916,5.44
Last_Mile,Regional Hub,Local Terminal,road,rainy,0.1718,2.68
Global_Freight,Atlanta Air Hub,Dubai Logistics Hub,air,stormy,0.2634,14.83
Last_Mile,Houston Port,St. Louis Hub,rail,stormy,0.0,11.83
Last_Mile,Houston Port,Chicago Rail Hub,rail,Clear,0.1473,25.79
Global_Freight,Atlanta Air Hub,Dubai Logistics Hub,air,rainy,0.5103,23.67
Global_Freight,Dubai Logistics Hub,Delhi Air Cargo,air,Clear,0.0447,1.93
Global_Freight,Suez Canal,Rotterdam Port,sea,rainy,0.0675,1.68
Global_Freight,Seattle Port,Shanghai Port,sea,Clear,0.0,7.92
Global_Freight,Atlanta Air Hub,Dubai Logistics Hub,air,rainy,0.2078,8.49
Last_Mile,Regional Hub,Local Terminal,road,stormy,0.1601,3.14
Last_Mile,Regional Hub,Local Terminal,road,stormy,0.0,3.71
Last_Mile,Regional Hub,Local Terminal,road,rainy,0.0264,2.7
Global_Freight,Los Angeles Port,Suez Canal,sea,rainy,0.167,21.22
Global_Freight,Dubai Logistics Hub,Delhi Air Cargo,air,Clear,0.0,6.22
Global_Freight,Mumbai Port,Rotterdam Port,sea,rainy,0.258,105.55
Global_Freight,Los Angeles Port,New York Port,sea,rainy,0.0,66.0
Last_Mile,Dallas Corridor,Houston Port,rail,stormy,0.1452,9.12
Last_Mile,St. Louis Hub,Houston Port,rail,stormy,0.1886,9.49
Global_Freight,Singapore Port,Mumbai Port,sea,Clear,0.0,14.94
Last_Mile,Regional Hub,Local Terminal,road,rainy,0.1989,1.6
Global_Freight,Atlanta Air Hub,Delhi Air Cargo,air,stormy,0.7397,44.24
Global_Freight,Atlanta Air Hub,Dubai Logistics Hub,air,stormy,0.1989,13.66
Global_Freight,Seattle Port,Shanghai Port,sea,stormy,0.125,12.3
Last_Mile,Chicago Rail Hub,Houston Port,rail,rainy,0.2869,19.76
Global_Freight,Delhi Air Cargo,Dubai Logistics Hub,air,stormy,0.4594,61.83
Last_Mile,Regional Hub,Local Terminal,road,stormy,0.0,3.7
Global_Freight,Delhi Air Cargo,Atlanta Air Hub,air,stormy,0.154,28.53
Global_Freight,Dubai Logistics Hub,Delhi Air Cargo,air,Clear,0.3669,12.58
Global_Freight,Delhi Air Cargo,Dubai Logistics Hub,air,rainy,0.2487,18.58
Last_Mile,Houston Port,Dallas Corridor,rail,Clear,0.3914,36.77
Global_Freight,Delhi Air Cargo,Dubai Logistics Hub,air,Clear,0.0042,11.77
Last_Mile,Houston Port,Chicago Rail Hub,rail,stormy,0.0685,13.47
Last_Mile,Houston Port,Chicago Rail Hub,rail,rainy,0.2273,67.6
Global_Freight,Suez Canal,Seattle Port,sea,stormy,0.0693,22.28
Global_Freight,Delhi Air Cargo,Dubai Logistics Hub,air,rainy,0.2118,9.48
Global_Freight,Atlanta Air Hub,Delhi Air Cargo,air,Clear,0.2179,25.96
Global_Freight,Shanghai Port,Mumbai Port,sea,stormy,0.0584,18.98
Global_Freight,Suez Canal,Singapore Port,sea,rainy,0.1186,18.52
Global_Freight,Atlanta Air Hub,Delhi Air Cargo,air,stormy,0.0,1.62
Last_Mile,Chicago Rail Hub,Houston Port,rail,Clear,0.1555,7.37
Last_Mile,Dallas Corridor,Chicago Rail Hub,rail,stormy,0.1522,7.81
Last_Mile,Regional Hub,Local Terminal,road,Clear,0.1833,1.08
Global_Freight,Delhi Air Cargo,Atlanta Air Hub,air,stormy,0.1817,15.34
Global_Freight,Shanghai Port,Singapore Port,sea,stormy,0.2418,42.63
Global_Freight,Suez Canal,Singapore Port,sea,Clear,0.0,6.29
Global_Freight,Los Angeles Port,Rotterdam Port,sea,rainy,0.1698,29.5
Last_Mile,Dallas Corridor,St. Louis Hub,rail,stormy,0.1431,9.49
Global_Freight,Atlanta Air Hub,Dubai Logistics Hub,air,rainy,0.3233,30.51
Global_Freight,Dubai Logistics Hub,Delhi Air Cargo,air,Clear,0.0021,2.23
Last_Mile,Regional Hub,Local Terminal,road,rainy,0.3173,8.95
Last_Mile,Houston Port,St. Louis Hub,rail,stormy,0.1714,18.1
Last_Mile,Regional Hub,Local Terminal,road,Clear,0.1781,4.61
Last_Mile,St. Louis Hub,Dallas Corridor,rail,stormy,0.1969,23.65
Last_Mile,Chicago Rail Hub,Houston Port,rail,stormy,0.2794,26.44
Last_Mile,Regional Hub,Local Terminal,road,Clear,0.1224,2.6
Global_Freight,Rotterdam Port,Seattle Port,sea,Clear,0.1556,18.67
